data,dia_semana,hora,natureza,bairro,logradouro_endereco,endereco,logradouro_detalhe_endereco,detalhe_endereco_acidente,complemento,bairro_cruzamento,num_semaforo,sentido_via,tipo,auto,moto,ciclom,ciclista,pedestre,onibus,caminhao,viatura,outros,vitimas,vitimasfatais,acidente_verificado,tempo_clima,situacao_semaforo,sinalizacao,condicao_via,conservacao_via,ponto_controle,situacao_placa,velocidade_max_via,mao_direcao,divisao_via1,divisao_via2,divisao_via3
2021-01-22,sexta-feira ,18:27:00,COM VÍTIMA,CORDEIRO,AVENIDA,AVENIDA CAXANGA,AVENIDA,AVENIDA GENERAL SAN MARTIN,SEMAFORO 080 / PRÓX A INTEGRAÇÃO GETULIO VARGAS,CORDEIRO,,,COLISÃO LATERAL,1,1,0,0,0,0,0,0,0,1,0,Longo da via,Bom,Sem defeito,Perfeito estado,Seca,Perfeito estado,,,60 km/h,Única,Faixa seccionada,,
2021-01-22,sexta-feira ,20:49:40,COM VÍTIMA,BOA VIAGEM,RUA,RUA CAMBUI,RUA,RUA DEZ DE JULHO,PROX A ESTAÇAO DO AEROPORTO,BOA VIAGEM,,,COLISÃO TRANSVERSAL,1,2,0,0,0,0,0,0,0,1,0,Cruzamento,Bom,Não existe,Incompleta,Seca,Mal conservada,Não existe,"Placas ""Pare""",,Única,Faixa seccionada,,
2021-01-22,sexta-feira ,21:52:40,SEM VÍTIMA,JORDAO,AVENIDA,AVENIDA MARIA IRENE,,,E/F A CASA DE RAÇÃO WS PET SHOP / PRÓX A ASSEMBLEIA DE DEUS,JORDÃO,,,COLISÃO LATERAL,1,0,0,0,0,0,0,1,0,0,0,Longo da via,Bom,Não existe,Perfeito estado,Seca,Perfeito estado,Não existe,Não hA placas,,Única,Não existe,,
2021-01-23,sábado ,11:28:00,SEM VÍTIMA,DERBY,AVENIDA,AVENIDA GOVERNADOR AGAMENON MAGALHAES,PRC,PRC DO DERBY,EM FRENTE A PRAÇA,DERBY,75,OLINDA,COLISÃO LATERAL,1,0,0,0,0,0,0,1,0,0,0,Longo da via,Bom,Sem defeito,Perfeito estado,Seca,Perfeito estado,Faixa de pedestre,Outras,60KM/H,Dupla,Faixa seccionada,,
2021-01-23,sábado ,11:39:00,SEM VÍTIMA,PORTO DA MADEIRA,RUA,RUA SATURNO,AVENIDA,AVENIDA BEBERIBE,RUAS EM FRENTE AO COLEGIO NOVENTA GRAUS,PORTO DA MADEIRA,,,COLISÃO,2,0,0,0,0,0,0,0,0,0,0,,,,,,,,,,,,,
2021-01-23,sábado ,12:16:00,COM VÍTIMA,CAXANGA,RUA,RUA RIBEIRO PESSOA,,,EM FRENTE AO PARAÍSO HOTEL,CAXANGA,,,COLISÃO LATERAL,1,1,0,0,0,0,0,0,0,1,0,Longo da via,Bom,Não existe,Não existente,Seca,Perfeito estado,Faixa de pedestre,,,Dupla,Não existe,,
2021-01-23,sábado ,12:20:00,SEM VÍTIMA,CAMPO GRANDE,EST,EST DE BELEM,,,PRÓX AO CENTRO DE CONVENÇÕES,CAMPO GRANDE,,,COLISÃO,3,0,0,0,0,0,0,0,0,0,0,,,,,,,,,,,,,
2021-01-23,sábado ,14:17:00,COM VÍTIMA,ENCRUZILHADA,AVENIDA,AVENIDA BEBERIBE,,,PROXIMO AO PADEIRÃO,ENCRUZILHADA,,,COLISÃO TRANSVERSAL,1,0,1,0,0,0,0,0,0,1,0,Longo da via,Bom,Não existe,Perfeito estado,Seca,Perfeito estado,Não existe,Não hA placas,40 km/h,Dupla,Faixa seccionada,,
2021-01-23,sábado ,19:41:00,COM VÍTIMA,BOA VIAGEM,RUA,RUA VISCONDE DE JEQUITINHONHA,RUA,RUA BALTAZAR PASSOS,,BOA VIAGEM,,,COLISÃO TRANSVERSAL,2,0,0,0,0,0,0,0,0,1,0,Cruzamento,Bom,Sem defeito,Perfeito estado,Seca,Perfeito estado,Faixa de pedestre,Outras,,Única,Faixa seccionada,Canteiro central,
2021-01-24,domingo ,12:06:00,COM VÍTIMA,SANTO AMARO,AVENIDA,AVENIDA NORTE,,,E/F A O CRAS DE SANTO AMARO S/T MACAXEIRA,SANTO AMARO,,,COLISÃO LATERAL,1,1,0,0,0,0,0,0,0,1,0,Longo da via,Bom,Não existe,Perfeito estado,Seca,Perfeito estado,Não existe,Não hA placas,,Dupla,Canteiro central,,
2021-01-24,domingo ,14:27:00,COM VÍTIMA,DOIS UNIDOS,RUA,RUA JORNALISTA NELSON FIRMO,,,PROXIMO AO BAR DO GEORGE,DOIS UNIDOS,,,COLISÃO,1,1,0,0,0,0,0,0,0,1,0,,,,,,,,,,,,,
2021-01-24,domingo ,20:19:00,COM VÍTIMA,IPSEP,RUA,RUA JEAN EMILE FAVRE,,,E/F A DROGASIL,IPSEP,,,COLISÃO,1,1,0,0,0,0,0,0,0,1,0,,,,,,,,,,,,,
2021-01-25,segunda-feira ,12:26:00,SEM VÍTIMA,NOVA DESCOBERTA,RUA,RUA CORREGO DA AREIA,,,EM FRENTE À ESCOLA MUNICIPAL DE CASA AMARELA,NOVA DESCOBERTA,,,COLISÃO LATERAL,1,0,0,0,0,0,1,0,0,0,0,Longo da via,Bom,Não existe,Perfeito estado,Seca,Perfeito estado,Não existe,Não hA placas,,Dupla,Não existe,,
2021-01-25,segunda-feira ,16:06:00,COM VÍTIMA,SAN MARTIN,RUA,RUA VINTE E UM DE ABRIL,,,PRÓX À LOJA DE MÓVEIS MULTILAR / NA FRENTE DA LOTERICA MONTE CARLOS / NA LOJA MULTILAR,SAN MARTIN,,,COLISÃO,1,1,0,0,0,0,0,0,0,2,0,,,,,,,,,,,,,
2021-01-25,segunda-feira ,16:34:00,COM VÍTIMA,BOA VIAGEM,RUA,RUA ANTONIO FALCAO,RUA,RUA PROFESSOR JULIO FERREIRA DE MELO,PRÓX À DEPIL,BOA VIAGEM,,,COLISÃO LATERAL,1,1,0,0,0,0,0,0,0,1,0,Longo da via,Bom,Não existe,Perfeito estado,Seca,Perfeito estado,Não existe,Não hA placas,,Única,Faixa seccionada,,
2021-01-25,segunda-feira ,16:48:00,COM VÍTIMA,JARDIM SAO PAULO,RUA,RUA DAMASCO,RUA,RUA ALFREDO DUARTE FILHO,EM FRENTE AO NUMERO 55 / PROX A IGREJA SAO PAULO / NO CRUZAMENTO,JARDIM SÃO PAULO,,,COLISÃO FRONTAL,1,1,0,0,0,0,0,0,0,1,0,Cruzamento,Bom,Não existe,Perfeito estado,Seca,Perfeito estado,Não existe,Não hA placas,30 km/h,Dupla,Não existe,,
2021-01-25,segunda-feira ,20:44:40,COM VÍTIMA,BOA VIAGEM,AVENIDA,AVENIDA ENGENHEIRO DOMINGOS FERREIRA,RUA,RUA PADRE BERNADINO PESSOA,EM FRENTE AO TORRE MADRID RESIDENCE,BOA VIAGEM,144,SUBURBIO,COLISÃO LATERAL,1,1,0,0,0,0,0,0,0,1,0,Cruzamento,Bom,Sem defeito,Perfeito estado,Seca,Perfeito estado,Faixa de pedestre,R-6a,60 km/h,Dupla,Canteiro central,,
2021-01-25,segunda-feira ,21:51:40,COM VÍTIMA,PORTO DA MADEIRA,AVENIDA,AVENIDA BEBERIBE,,,PRÓX A PIZZARIA DO ROUCHE,PORTO DA MADEIRA,,SUBURBIO,COLISÃO LATERAL,1,1,0,0,0,0,0,0,0,1,0,Longo da via,Bom,Não existe,,Seca,Mal iluminada,Não existe,Não hA placas,60 km/h,Dupla,Faixa seccionada,,
2021-01-26,terça-feira ,07:16:00,SEM VÍTIMA,DERBY,RUA,RUA JORNALISTA PAULO BITTENCOURT,,,AO LADO DO HOSPITAL DA RESTAURAÇÃO,DERBY,,,COLISÃO LATERAL,1,1,0,0,0,0,0,0,0,0,0,Longo da via,Bom,Não existe,Perfeito estado,Seca,Perfeito estado,Não existe,Não hA placas,,Dupla,Não existe,,
2021-01-26,terça-feira ,07:20:00,COM VÍTIMA,TORRE,RUA,RUA PADRE ANCHIETA,RUA,RUA JOSE BONIFACIO,EM  FRENTE  A  PADARIA  MASSA  NOBRE. APÓS O MINUTO PÃO DE AÇÚCAR.,TORRE,193,SUBURBIO,COLISÃO TRASEIRA,0,2,0,0,0,0,0,0,0,1,0,Cruzamento,Chuvoso,Sem defeito,Perfeito estado,Molhada,Perfeito estado,Faixa de pedestre,R-6a,,Única,Faixa seccionada,,
2021-01-26,terça-feira ,08:01:00,COM VÍTIMA,CASA AMARELA,RUA,RUA BELA VISTA,,,EM FRENTE AO SITIO DA TRINDADE,CASA AMARELA,,SUBURBIO,COLISÃO TRANSVERSAL,1,1,0,0,0,0,0,0,0,1,0,Longo da via,Bom,Não existe,Incompleta,Molhada,Perfeito estado,Não existe,Outras,40 km/h,Dupla,Não existe,,
2021-01-26,terça-feira ,08:13:00,COM VÍTIMA,BOA VISTA,PRC,PRC MACIEL PINHEIRO,RUA,RUA DO ARAGAO,,BOA VISTA,33,CENTRO,ATROPELAMENTO,1,0,0,0,1,0,0,0,0,1,0,Cruzamento,Bom,Sem defeito,Incompleta,Molhada,Mal conservada,Não existe,Não hA placas,40 km/h,Única,Não existe,,
2021-01-26,terça-feira ,10:41:00,SEM VÍTIMA,BOA VISTA,AVENIDA,AVENIDA CONDE DA BOA VISTA,,,RUA DA AURORA,BOA VISTA,162,,CHOQUE,0,0,0,0,0,1,0,0,0,0,0,Cruzamento,Bom,Sem defeito,Perfeito estado,Seca,Perfeito estado,Agente,R-6c,,Única,Faixa contínua,,
2021-01-26,terça-feira ,13:46:00,COM VÍTIMA,ESPINHEIRO,AVENIDA,AVENIDA GOVERNADOR AGAMENON MAGALHAES,,,E/F AO CREA PE   S/T BOA VIAGEM,ESPINHEIRO,,BOA VIAGEM,COLISÃO TRASEIRA,1,1,0,0,0,0,0,0,0,1,0,Longo da via,Bom,Não existe,Perfeito estado,Seca,Perfeito estado,Não existe,Outras,,Dupla,Canal,,
2021-01-26,terça-feira ,16:25:00,COM VÍTIMA,AGUA FRIA,EST,EST VELHA DE AGUA FRIA,AVENIDA,AVENIDA PROFESSOR JOSE DOS ANJOS,PROX. AO DNOCS,AGUA FRIA,306,SUBURBIO,COLISÃO LATERAL,0,2,0,0,0,0,0,0,0,1,0,Cruzamento,Bom,Sem defeito,Perfeito estado,Seca,Perfeito estado,Faixa de pedestre,Não hA placas,40 km/h,Dupla,,,
2021-01-26,terça-feira ,17:17:00,SEM VÍTIMA,BOA VIAGEM,RUA,RUA MARIO SOUTO MAIOR,RUA,RUA SA E SOUZA,EM FRENTE A DROGARIA SETUBAL,BOA VIAGEM,,,COLISÃO,1,1,0,0,0,0,0,0,0,0,0,,,,,,,,,,,,,
2021-01-26,terça-feira ,17:18:00,COM VÍTIMA,DOIS IRMAOS,RUA,RUA RIBEIRO PESSOA,,,PROX A UPA DA CAXANGA,DOIS IRMÃOS,,SUBURBIO,COLISÃO TRANSVERSAL,1,1,0,0,0,0,0,0,0,2,0,Longo da via,Chuvoso,Não existe,Incompleta,Seca,Perfeito estado,Não existe,R-6a,,Dupla,Não existe,,
2021-01-26,terça-feira ,17:41:00,SEM VÍTIMA,MUSTARDINHA,RUA,RUA VINTE E UM DE ABRIL,,,EM FRENTE AO CAFÉ PETINHO,MUSTARDINHA,,,COLISÃO LATERAL,0,0,0,0,0,0,0,0,0,0,0,Longo da via,Bom,Sem defeito,Perfeito estado,Seca,Perfeito estado,Outros,Outras,,Dupla,Outros,,
2021-01-26,terça-feira ,17:43:00,COM VÍTIMA,BOA VIAGEM,AVENIDA,AVENIDA ENGENHEIRO DOMINGOS FERREIRA,,,EM FRENTE AO EXTRA,BOA VIAGEM,,SUBURBIO,COLISÃO TRASEIRA,1,1,0,0,0,0,0,0,0,1,0,Longo da via,Chuvoso,Não existe,Perfeito estado,Molhada,Perfeito estado,Não existe,R-19,60 km/h,Única,Faixa seccionada,Canteiro central,
2021-01-26,terça-feira ,20:48:00,COM VÍTIMA,CAMPO GRANDE,EST,EST DE BELEM,RUA,RUA PADRE CAPISTRANO,E/F A SUBWAY E POSTO PETRONAC,CAMPO GRANDE,,CIDADE,COLISÃO TRANSVERSAL,1,1,0,0,0,0,0,0,0,2,0,Longo da via,Chuvoso,Não existe,Perfeito estado,Molhada,Perfeito estado,Não existe,,,Dupla,Faixa contínua,Faixa seccionada,
2021-01-26,terça-feira ,22:45:40,SEM VÍTIMA,JORDAO,RUA,RUA EMILIO MONTEIRO FONSECA,,,,JORDÃO,,,COLISÃO,2,0,0,0,0,0,0,0,0,0,0,,,,,,,,,,,,,
2021-01-27,quarta-feira ,07:19:00,COM VÍTIMA,BAIRRO DO RECIFE,AVENIDA,AVENIDA MILITAR,,,EM  FRENTE a unidade de segurança quarda portuaria. MEMORIAL DE JUSTIÇA DE PERNAMBUCO.,BAIRRO DO RECIFE,,SUBURBIO,COLISÃO LATERAL,0,1,0,0,0,0,0,1,0,1,0,Longo da via,Chuvoso,Não existe,Perfeito estado,Molhada,Perfeito estado,Faixa de pedestre,R-6a,,Única,Faixa seccionada,,
2021-01-27,quarta-feira ,08:55:00,SEM VÍTIMA,CABANGA,AVENIDA,AVENIDA ENGENHEIRO JOSE ESTELITA,PRC,PRC GOVERNADOR PAULO GUERRA,AO LADO DO CABANGA IATE CLUB - PISTA OESTE SENTIDO ILHA JOANA BEZERRA,CABANGA,,DERBY,COLISÃO TRASEIRA,2,0,0,0,0,0,0,0,0,0,0,,,,,,,,,,,,,
2021-01-27,quarta-feira ,10:25:00,COM VÍTIMA,SANTO AMARO,AVENIDA,AVENIDA GOVERNADOR AGAMENON MAGALHAES,,,DESCIDA DO VADUTO SENT DERBY / EM FRENTE AO RESIDENCIAL VIDAL DE NEGREIROS / PISTA LOCAL. EMPRESARIAL AGAMENON MAGALHÃES.,SANTO AMARO,,SUBURBIO,COLISÃO LATERAL,1,1,0,0,0,0,0,0,0,1,0,Longo da via,Bom,Não existe,Perfeito estado,Seca,Perfeito estado,Não existe,Outras,,Dupla,Canteiro central,,
2021-01-27,quarta-feira ,10:31:00,SEM VÍTIMA,MADALENA,RUA,RUA BENFICA,RUA,RUA SPORT CLUBE DO RECIFE,,MADALENA,,SUBURBIO,COLISÃO,1,0,0,0,0,0,1,0,0,0,0,,,,,,,,,,,,,
2021-01-27,quarta-feira ,12:10:00,SEM VÍTIMA,JAQUEIRA,AVENIDA,AVENIDA RUI BARBOSA,,,AO LADO DO PARQUE DA JAQUEIRA,JAQUEIRA,,CIDADE,CHOQUE,1,0,0,0,0,0,0,0,0,0,0,Longo da via,Chuvoso,Não existe,Perfeito estado,Molhada,Perfeito estado,Não existe,Não hA placas,40 km/h,Única,Faixa seccionada,,
2021-01-27,quarta-feira ,13:17:00,COM VÍTIMA,SANTO AMARO,AVENIDA,AVENIDA CRUZ CABUGA,RUA,RUA CAPITAO LIMA,EM FRENTE IGREJA UNIVERSAL GRAÇA DE DEUS,SANTO AMARO,,SUBURBIO,COLISÃO COM CICLISTA,1,0,0,1,0,0,0,0,0,1,0,Longo da via,Chuvoso,Não existe,Perfeito estado,Seca,Perfeito estado,Não existe,Outras,,Dupla,Faixa contínua,,
2021-01-27,quarta-feira ,14:11:00,COM VÍTIMA,AFOGADOS,RUA,RUA COSME VIANA,RUA,RUA CORONEL ALFREDO DUARTE,PROX AO POSTO SETA / PROX AO SEMAFORO 430,AFOGADOS,430,SUBURBIO,COLISÃO FRONTAL,0,1,0,0,0,0,1,0,0,1,0,Cruzamento,Bom,Sem defeito,Perfeito estado,Seca,Perfeito estado,Faixa de pedestre,Não hA placas,60 km/h,Única,Faixa contínua,Faixa seccionada,
2021-01-27,quarta-feira ,14:37:00,SEM VÍTIMA,PINA,AVENIDA,AVENIDA ANTONIO DE GOES,RUA,RUA MANOEL DE BRITO,EMPRESARIAL DOPIN,PINA,103,CIDADE,COLISÃO TRASEIRA,2,0,0,0,0,0,0,0,0,0,0,Longo da via,Bom,Sem defeito,Perfeito estado,Seca,Perfeito estado,Faixa de pedestre,R-19,60 km/h,Única,Canteiro central,,
2021-01-27,quarta-feira ,16:01:00,COM VÍTIMA,PINA,AVENIDA,AVENIDA BOA VIAGEM,,,EM FRENTE AO MARANTE PLAZA HOTEL,PINA,118,CIDADE,COLISÃO COM CICLISTA,1,0,0,1,0,0,0,0,0,1,0,Longo da via,Bom,Sem defeito,Perfeito estado,Seca,Perfeito estado,Faixa de pedestre,R-6a,,Única,,,
2021-01-28,quinta-feira ,06:49:00,COM VÍTIMA,ENCRUZILHADA,AVENIDA,AVENIDA NORTE,,,100 m ANTES DO BANCO SANTANDER,ENCRUZILHADA,,,COLISÃO,1,1,0,0,0,0,0,0,0,1,0,,,,,,,,,,,,,
2021-01-28,quinta-feira ,12:23:00,COM VÍTIMA,CASA AMARELA,AVENIDA,AVENIDA CONS ROSA E SILVA,RUA,RUA PADRE ROMA,E/F  A CASA JOSE ARAUJO,CASA AMARELA,61,SUBURBIO,COLISÃO LATERAL,1,1,0,0,0,0,0,0,0,1,0,Cruzamento,Bom,Sem defeito,Perfeito estado,Seca,Perfeito estado,Faixa de pedestre,Não hA placas,,Única,,,
2021-01-28,quinta-feira ,15:20:00,COM VÍTIMA,GRACAS,RUA,RUA DAS PERNAMBUCANAS,RUA,RUA DAS GRACAS,AO LADO DO EDIFICIO PERNAMBUCANAS CENTER. BURGOMESTRE.,GRAÇAS,,SUBURBIO,COLISÃO LATERAL,1,1,0,0,0,0,0,0,0,1,0,Longo da via,Bom,,,Seca,Perfeito estado,,Não hA placas,,Única,Faixa seccionada,,
2021-01-28,quinta-feira ,16:05:00,SEM VÍTIMA,SANTO ANTONIO,RUA,RUA SANTO ANTONIO,,,EM FRENTE A LASER ELETRO,SANTO ANTÔNIO,,,COLISÃO TRANSVERSAL,1,1,0,0,0,0,0,0,0,0,0,Cruzamento,Bom,Não existe,Ilegível,Seca,Perfeito estado,Não existe,Não hA placas,,Única,Não existe,,
2021-01-28,quinta-feira ,16:55:00,SEM VÍTIMA,CAXANGA,AVENIDA,AVENIDA CAXANGA,,,E/F A  FARMACIA PAGUE MENOS E A  CAXANGA VEICULO  S/T CAMARAGIBE,CAXANGA,,,COLISÃO LATERAL,2,0,0,0,0,0,0,0,0,0,0,Longo da via,Bom,Sem defeito,Perfeito estado,Seca,Perfeito estado,Faixa de pedestre,R-6a,,Dupla,Canteiro central,,
2021-01-28,quinta-feira ,17:26:00,COM VÍTIMA,AGUA FRIA,RUA,RUA SAO SEBASTIAO,,,PROX AO MERCADINHO DO MARIO,AGUA FRIA,,,COLISÃO,1,1,0,0,0,0,0,0,0,1,0,,,,,,,,,,,,,
2021-01-28,quinta-feira ,22:16:40,COM VÍTIMA,TAMARINEIRA,AVENIDA,AVENIDA CONS ROSA E SILVA,RUA,RUA CONEGO BARATA,SEMAFORO 061 / CASAS JOSÉ ARAUJO,TAMARINEIRA,61,CIDADE,COLISÃO TRANSVERSAL,0,1,0,0,0,0,1,0,0,1,0,Cruzamento,Bom,Sem defeito,Perfeito estado,Seca,Perfeito estado,Faixa de pedestre,R-6a,40 km/h,Dupla,Canteiro central,,
2021-01-28,quinta-feira ,22:35:40,COM VÍTIMA,ESTANCIA,AVENIDA,AVENIDA RECIFE,AVENIDA,AVENIDA TAPAJOS,LADO OPOSTO AO POSTO BR / APOS O MAKRO,ESTÂNCIA,620,SUBURBIO,COLISÃO LATERAL,1,1,0,0,0,0,0,0,0,1,0,Longo da via,Bom,Sem defeito,Perfeito estado,Seca,Perfeito estado,Faixa de retenção,,60 km/h,Única,Faixa contínua,,
2021-01-29,sexta-feira ,10:20:00,COM VÍTIMA,BOA VISTA,PRC,PRC MACIEL PINHEIRO,,,CAMINHAO E AUTO PASSEIO,BOA VISTA,,,COLISÃO,1,0,0,0,0,0,1,0,0,1,0,,,,,,,,,,,,,
2021-01-29,sexta-feira ,11:47:00,SEM VÍTIMA,SANTO AMARO,AVENIDA,AVENIDA CRUZ CABUGA,RUA,RUA ALEXANDRE MOURA,,SANTO AMARO,,SUBURBIO,COLISÃO TRANSVERSAL,1,0,0,0,0,0,1,0,0,0,0,,Bom,Sem defeito,Perfeito estado,Seca,Perfeito estado,Faixa de pedestre,"Placas ""Pare""",,Dupla,Faixa contínua,Faixa seccionada,
2021-01-29,sexta-feira ,13:58:00,COM VÍTIMA,IBURA,AVENIDA,AVENIDA DOM HELDER CAMARA,,,PROX AO ARMAZEM FAMA,IBURA,,SUBURBIO,COLISÃO TRANSVERSAL,0,1,0,0,0,0,1,0,0,1,0,Longo da via,Bom,Não existe,Não existente,Seca,Perfeito estado,Não existe,Não hA placas,,Dupla,Canteiro central,,
2021-01-29,sexta-feira ,15:00:00,COM VÍTIMA,ARRUDA,AVENIDA,AVENIDA BEBERIBE,RUA,RUA DAS MOCAS,EM FRENTE AO ESTACIONAMENTO DO ARMAZEM CORAL / EM FRENTE A LOJINHA DO SANTA CRUZ,ARRUDA,,CIDADE,COLISÃO LATERAL,1,1,0,0,0,0,0,0,0,1,0,Cruzamento,Bom,Não existe,Perfeito estado,Seca,Perfeito estado,Outros,Não hA placas,,Dupla,Faixa contínua,,
2021-01-29,sexta-feira ,15:51:00,COM VÍTIMA,BOA VIAGEM,RUA,RUA BARAO DE SOUZA LEAO,AVENIDA,AVENIDA DES JOSE NEVES,PRÓX AO SUPERMERCADO TREVO. PRÓXIMO AO CRUZAMENTO COM A DES JOSE NEVES.,BOA VIAGEM,476,,ATROPELAMENTO,0,0,0,0,1,1,0,0,0,1,0,Cruzamento,Bom,Sem defeito,Incompleta,Seca,Perfeito estado,Não existe,R-6a,60 km/h,Única,Faixa seccionada,,
2021-01-29,sexta-feira ,15:54:00,COM VÍTIMA,CABANGA,PTE,PTE AGAMENON MAGALHAES,,,AO LADO DO CABANGA IATE CLUB,CABANGA,,CIDADE,CHOQUE,1,1,0,0,0,0,0,0,0,1,0,Ponte,Bom,Não existe,Perfeito estado,Seca,Perfeito estado,Não existe,Não hA placas,60 km/h,Única,Faixa contínua,,
2021-01-29,sexta-feira ,17:55:00,COM VÍTIMA,BEBERIBE,AVENIDA,AVENIDA BEBERIBE,,,LADO OPOSTO A BEBERIBE AUTO PEÇAS / PROX AO SEMAFORO 514,BEBERIBE,514,CIDADE,COLISÃO TRANSVERSAL,2,1,0,0,0,0,0,0,0,1,0,Longo da via,Bom,Sem defeito,Incompleta,Seca,Mal conservada,Outros,R-6a,40 km/h,Dupla,Faixa contínua,,
2021-01-29,sexta-feira ,18:30:00,COM VÍTIMA,IMBIRIBEIRA,AVENIDA,AVENIDA MARECHAL MASCARENHAS DE MORAES,,,COLISÃO TRASEIRA COM VÍTIMA,IMBIRIBEIRA,,,COLISÃO TRASEIRA,1,1,0,0,0,0,0,0,0,1,0,Longo da via,Bom,Sem defeito,Perfeito estado,Seca,Perfeito estado,Não existe,Não hA placas,,Única,Faixa seccionada,,
2021-01-29,sexta-feira ,19:04:00,COM VÍTIMA,PINA,AVENIDA,AVENIDA ANTONIO DE GOES,RUA,RUA DR JOSE MARIANO,,PINA,538,,COLISÃO TRASEIRA,0,2,0,0,0,0,0,0,0,2,0,Cruzamento,Bom,Sem defeito,Perfeito estado,Seca,Perfeito estado,Agente,Não hA placas,,Única,Faixa seccionada,,
2021-01-29,sexta-feira ,20:02:00,COM VÍTIMA,AGUA FRIA,AVENIDA,AVENIDA BEBERIBE,,,,AGUA FRIA,,,COLISÃO,1,1,0,0,0,0,0,0,0,1,0,,,,,,,,,,,,,
2021-01-29,sexta-feira ,22:07:40,SEM VÍTIMA,VARZEA,RUA,RUA ESCRITOR JOAQUIM NOBERTO,RUA,RUA FREI AMADOR,,,,SUBURBIO,COLISÃO LATERAL,1,1,0,0,0,0,0,0,0,0,0,Longo da via,Bom,Não existe,Não existente,Seca,Perfeito estado,Não existe,Não hA placas,,,Não existe,,
2021-01-30,sábado ,07:34:00,COM VÍTIMA,BOA VISTA,RUA,RUA DO RIACHUELO,RUA,RUA DA AURORA,PROX. ECT CORREIOS E AGÊNCIA DO TRABALHO.,BOA VISTA,579,SUBURBIO,COLISÃO COM CICLISTA,0,0,0,1,0,1,0,0,0,1,0,Cruzamento,Bom,Sem defeito,,Seca,Perfeito estado,Outros,,40 km/h,Única,Faixa seccionada,,
2021-01-30,sábado ,15:07:00,COM VÍTIMA,CABANGA,AVENIDA,AVENIDA ENGENHEIRO JOSE ESTELITA,,,E/F AO CAMBANGA  IATE CLUBE  S/T CID,CABANGA,,,COLISÃO,1,1,0,0,0,0,0,0,0,1,0,,,,,,,,,,,,,
2021-01-30,sábado ,15:33:00,COM VÍTIMA,BOA VIAGEM,RUA,RUA DR GASPAR REGUEIRA COSTA,RUA,RUA MARQUES DE VALENCA,POR TRAS DO COLEGIO SANTOS DUMONT,BOA VIAGEM,,,COLISÃO LATERAL,1,1,0,0,0,0,0,0,0,1,0,Cruzamento,Bom,Não existe,Perfeito estado,Seca,Perfeito estado,Não existe,Não hA placas,,Dupla,Faixa seccionada,,
2021-01-30,sábado ,16:16:00,COM VÍTIMA,MACAXEIRA,RUA,RUA MANDACARU,,,NO POSTO BR NA SUBIDA DO ALTO DO MANDU,MACAXEIRA,,SUBURBIO,TOMBAMENTO,1,1,0,0,0,0,0,0,0,1,0,Longo da via,Bom,Não existe,Incompleta,Seca,Perfeito estado,Não existe,Não hA placas,,Dupla,Faixa seccionada,,
2021-01-30,sábado ,18:23:00,COM VÍTIMA,BOA VIAGEM,AVENIDA,AVENIDA ENGENHEIRO DOMINGOS FERREIRA,RUA,RUA ANTONIO FALCAO,CARREFUOR,BOA VIAGEM,,,COLISÃO,1,1,0,0,0,0,0,0,0,1,0,,,,,,,,,,,,,
2021-01-30,sábado ,23:11:40,COM VÍTIMA,ESPINHEIRO,RUA,RUA DO ESPINHEIRO,RUA,RUA SANTO ELIAS,CRUZAMENTO C/A RUA SANTO ELIAS - E/F AO POSTO YPIRANGA,ESPINHEIRO,,ENCRUZILHADA,COLISÃO TRANSVERSAL,2,0,0,0,0,0,0,0,0,2,0,Cruzamento,Bom,Não existe,Perfeito estado,Seca,Perfeito estado,Faixa de pedestre,"Placas ""Pare""",,Única,Faixa contínua,,
2021-01-31,domingo ,07:04:00,COM VÍTIMA,BOA VIAGEM,RUA,RUA GENERAL SALGADO,RUA,RUA COSMORAMA,EM FRENTE AO EDF CHATEAU,BOA VIAGEM,,,COLISÃO LATERAL,1,1,0,0,0,0,0,0,0,1,0,Longo da via,Bom,Não existe,,Seca,Perfeito estado,Não existe,Não hA placas,,Dupla,Não existe,,
2021-01-31,domingo ,11:22:00,COM VÍTIMA,TAMARINEIRA,EST,EST VELHA DE AGUA FRIA,AVENIDA,AVENIDA NORTE,EM FRENTE A PADARIA MANA,TAMARINEIRA,,SUBURBIO,COLISÃO LATERAL,1,1,0,0,0,0,0,0,0,1,0,Longo da via,Bom,Não existe,Perfeito estado,Seca,Perfeito estado,Não existe,Outras,,Dupla,Faixa contínua,Blocos,
2021-01-31,domingo ,12:15:00,COM VÍTIMA,TAMARINEIRA,EST,EST VELHA DE AGUA FRIA,RUA,RUA CABO HONORIO,LADO OPOSTO AO NUMERO 671,TAMARINEIRA,,SUBURBIO,COLISÃO TRASEIRA,1,1,0,0,0,0,0,0,0,1,0,Esquina,Bom,Não existe,Perfeito estado,Seca,Perfeito estado,Não existe,Outras,,Dupla,Faixa contínua,,
2021-01-31,domingo ,14:35:00,COM VÍTIMA,CASA FORTE,RUA,RUA LEONARDO BEZERRA CAVALCANTE,,,MUNDO PET / PROX A FARMACIA PAGUE MENOS,CASA FORTE,485,SUBURBIO,COLISÃO FRONTAL,1,1,0,0,0,0,0,0,0,1,0,Longo da via,Bom,Sem defeito,Perfeito estado,Seca,Perfeito estado,Faixa de pedestre,Outras,,Única,Faixa seccionada,,