data,dia_semana,hora,natureza,bairro,logradouro_endereco,endereco,logradouro_detalhe_endereco,detalhe_endereco_acidente,complemento,bairro_cruzamento,num_semaforo,sentido_via,tipo,auto,moto,ciclom,ciclista,pedestre,onibus,caminhao,viatura,outros,vitimas,vitimasfatais,acidente_verificado,tempo_clima,situacao_semaforo,sinalizacao,condicao_via,conservacao_via,ponto_controle,situacao_placa,velocidade_max_via,mao_direcao,divisao_via1,divisao_via2,divisao_via3
2021-01-31,domingo ,22:14:40,COM VÍTIMA,BOA VISTA,AVENIDA,AVENIDA MANOEL BORBA,,,AO LADO DA BOATE METRÓPOLE.,BOA VISTA,,SUBURBIO,ATROPELAMENTO,1,0,0,0,1,0,0,0,0,1,0,Longo da via,Bom,Sem defeito,Perfeito estado,Seca,Perfeito estado,Faixa de pedestre,R-6a,40 km/h,Única,Faixa seccionada,,
2021-02-01,segunda-feira ,07:35:00,COM VÍTIMA,CASA FORTE,AVENIDA,AVENIDA DEZESSETE DE AGOSTO,,,E/F AO CENTRO MEDICO  ERMIRIO DE MORAES,CASA FORTE,,SUBURBIO,COLISÃO LATERAL,1,1,0,0,0,0,0,0,0,1,0,Longo da via,Bom,Sem defeito,Perfeito estado,Seca,Perfeito estado,Faixa de pedestre,R-6a,60 km/h,Dupla,Faixa contínua,,
2021-02-01,segunda-feira ,07:44:00,COM VÍTIMA,SAO JOSE,CAIS,CAIS SANTA RITA,,,AO LADO DAS TORRES GÊMEAS / EDF. PIER MAURÍCIO DE NASSAU.,SÃO JOSÉ,,CIDADE,COLISÃO FRONTAL,1,0,0,0,0,0,1,0,0,2,0,Longo da via,Bom,Não existe,Perfeito estado,Seca,Perfeito estado,Faixa de pedestre,R-6a,,Dupla,Faixa seccionada,,
2021-02-01,segunda-feira ,08:15:00,SEM VÍTIMA,BOA VIAGEM,RUA,RUA MINISTRO NELSON HUNGRIA,RUA,RUA PADRE BERNADINO PESSOA,,BOA VIAGEM,,,COLISÃO,0,0,0,0,0,0,0,0,0,0,0,,,,,,,,,,,,,
2021-02-01,segunda-feira ,09:55:00,VÍTIMA FATAL,IBURA,RUA,RUA RIO BRIGIDA,,,IBURA  DE  BAIXO   PROX   AO  TERMINAL   DO  SESI,IBURA,,CIDADE,ATROPELAMENTO DE PESSOA,0,0,0,0,1,0,1,0,0,0,1,Longo da via,Bom,Não existe,Não existente,Seca,Perfeito estado,Não existe,Não hA placas,,Dupla,Faixa seccionada,,
2021-02-01,segunda-feira ,10:05:00,COM VÍTIMA,DOIS UNIDOS,AVENIDA,AVENIDA HILDEBRANDO DE VASCONCELOS,,,EM  FRENTE  A  ACADEMIA  FIT,DOIS UNIDOS,,,COLISÃO,1,1,0,0,0,0,0,0,0,1,0,,,,,,,,,,,,,
2021-02-01,segunda-feira ,14:19:00,COM VÍTIMA,SANTO AMARO,RUA,RUA DO POMBAL,RUA,RUA PEDRO AFONSO,RUA DA ESQUINA DO IML  VT 31 NO LOCAL,SANTO AMARO,,SUBURBIO,COLISÃO LATERAL,1,1,0,0,0,0,0,0,0,2,0,Cruzamento,Bom,Não existe,Perfeito estado,Seca,Perfeito estado,Não existe,"Placas ""Pare""",,,Faixa seccionada,,
2021-02-01,segunda-feira ,15:28:00,VÍTIMA FATAL,MACAXEIRA,RUA,RUA MARIA CANDIDA,AVENIDA,AVENIDA NORTE,AV NORTE,MACAXEIRA,296,SUBURBIO,ATROPELAMENTO DE PESSOA,0,0,0,0,1,0,1,0,0,0,1,Cruzamento,Bom,Sem defeito,Incompleta,Seca,Perfeito estado,Não existe,Outras,40 km/h,Dupla,Canteiro central,,
2021-02-01,segunda-feira ,15:54:00,COM VÍTIMA,BOA VIAGEM,RUA,RUA DEZ DE JULHO,,,E/F A MAISON CHRISTAL RECEPÇOES   PROX AO AEROPORTO E   PROX A ESTAÇAO DO AEROPORTO,BOA VIAGEM,,,COLISÃO,0,2,0,0,0,0,0,0,0,2,0,,,,,,,,,,,,,
2021-02-01,segunda-feira ,17:16:00,SEM VÍTIMA,PINA,AVENIDA,AVENIDA CELSO FURTADO (VIA MANGUE),,,PRÓXIMO AO AEROCLUBE,PINA,,JABOATÃO,CHOQUE,0,0,0,0,0,0,0,0,0,0,0,,,,,,,,,,,,,
2021-02-01,segunda-feira ,18:23:00,COM VÍTIMA,CASA AMARELA,RUA,RUA PAULA BATISTA,RUA,RUA DONA ANA XAVIER,E/F AO BOMPREÇO E SUBWAY / AO LADO DO BANCO ITAU,CASA AMARELA,,,COLISÃO,1,1,0,0,0,0,0,0,0,1,0,,,,,,,,,,,,,
2021-02-01,segunda-feira ,18:42:00,COM VÍTIMA,CAJUEIRO,RUA,RUA CORONEL URBANO RIBEIRO DE SENA,,,PADARIA DO CORONEL,CAJUEIRO,,,COLISÃO FRONTAL,1,1,0,0,0,0,0,0,0,1,0,Cruzamento,Bom,Não existe,Não existente,Seca,Perfeito estado,,Não hA placas,,Dupla,Faixa seccionada,,
2021-02-01,segunda-feira ,19:12:00,COM VÍTIMA,BOA VIAGEM,RUA,RUA PROFESSOR JOAO MEDEIROS,RUA,RUA DHALIA,PET / RUA  DA ACESSO AO  SHOPPING RECIFE / EDIF. SANTO ANDRÉ,BOA VIAGEM,,CIDADE,COLISÃO LATERAL,1,1,0,0,0,0,0,0,0,1,0,Longo da via,Bom,,Perfeito estado,Seca,Perfeito estado,Outros,Outras,,Única,,,
2021-02-01,segunda-feira ,20:45:00,COM VÍTIMA,PARNAMIRIM,AVENIDA,AVENIDA FLOR DE SANTANA,,,PRÓX A BURGUER KING,PARNAMIRIM,,SUBURBIO,COLISÃO LATERAL,1,1,0,0,0,0,0,0,0,1,0,Longo da via,Bom,Não existe,Ilegível,Seca,Perfeito estado,Não existe,Outras,,Dupla,Não existe,,
2021-02-01,segunda-feira ,23:22:40,COM VÍTIMA,BOA VIAGEM,RUA,RUA ERNESTO DE PAULA SANTOS,,,COM A AV SIMOES BARBOSA,BOA VIAGEM,,SUBURBIO,COLISÃO,1,1,0,0,0,0,0,0,0,1,0,,,,,,,,,,,,,
2021-02-02,terça-feira ,08:55:00,COM VÍTIMA,SAO JOSE,AVENIDA,AVENIDA SUL,,,EM FRENTE  A CIA MOTO PEÇAS E SERVIÇO,SÃO JOSÉ,,CIDADE,COLISÃO COM CICLISTA,0,1,0,1,0,0,0,0,0,1,0,Longo da via,Bom,Não existe,Perfeito estado,Seca,Perfeito estado,Não existe,Não hA placas,,Única,Canteiro central,,
2021-02-02,terça-feira ,09:05:00,SEM VÍTIMA,PAISSANDU,AVENIDA,AVENIDA GOVERNADOR AGAMENON MAGALHAES,RUA,RUA PAISSANDU,SOB O SEMAFORO Nº 069,PAISSANDU,69,,COLISÃO TRANSVERSAL,1,0,0,0,0,0,0,1,0,0,0,Cruzamento,Bom,Sem defeito,Perfeito estado,Seca,Perfeito estado,Faixa de pedestre,,60 km/h,Dupla,Canteiro central,,
2021-02-02,terça-feira ,10:38:00,COM VÍTIMA,IBURA,RUA,RUA VALE DO ITAJAI,,,EM FRENTE AO MESTRE DA PIZZA / PROX A UPA. LAVAJATO DOLOVE,IBURA,,SUBURBIO,COLISÃO FRONTAL,1,1,0,0,0,0,0,0,0,2,0,Longo da via,Bom,Não existe,,Seca,Perfeito estado,Não existe,Não hA placas,30 km/h,Dupla,Não existe,,
2021-02-02,terça-feira ,10:51:00,COM VÍTIMA,AFOGADOS,RUA,RUA VINTE E UM DE ABRIL,RUA,RUA AMARO DUARTE,AO LADO DO CLUBE ATLETICO,AFOGADOS,,SUBURBIO,COLISÃO LATERAL,1,1,0,0,0,0,0,0,0,1,0,Longo da via,Bom,Não existe,Não existente,Seca,Perfeito estado,Não existe,Não hA placas,60 km/h,,Não existe,,
2021-02-02,terça-feira ,11:32:00,COM VÍTIMA,AFOGADOS,EST,EST DOS REMEDIOS,RUA,RUA TABAIARES,"EM FRENTE A CONCESSIONARIA HYUNDAI/CTTU NO LOCAL BATEDORES ,CRAYTON E RENATO LIMA",AFOGADOS,390,SUBURBIO,CHOQUE,0,0,0,0,0,0,0,0,1,1,0,Longo da via,Bom,Sem defeito,Perfeito estado,Seca,Perfeito estado,Faixa de pedestre,R-6a,,Única,Faixa seccionada,,
2021-02-02,terça-feira ,13:29:00,COM VÍTIMA,IMBIRIBEIRA,RUA,RUA ARQUITETO LUIZ NUNES,,,PRÓX AO COLÉGIO PINHEIROS,IMBIRIBEIRA,,SUBURBIO,ATROPELAMENTO DE PESSOA,0,1,0,0,1,0,0,0,0,1,0,Longo da via,Bom,Não existe,Perfeito estado,Seca,Perfeito estado,,,,Dupla,Faixa contínua,Faixa seccionada,
2021-02-02,terça-feira ,21:29:40,COM VÍTIMA,CASA AMARELA,RUA,RUA CONS PERETTI,RUA,RUA MAJOR AFONSO LEAL,PROXIMO DO COZINHANDO ESCONDIDINHO,CASA AMARELA,,SUBURBIO,COLISÃO LATERAL,0,1,0,0,0,1,0,0,0,2,0,Cruzamento,Bom,Não existe,Não existente,Seca,Perfeito estado,Não existe,R-6a,,Única,Não existe,,
2021-02-02,terça-feira ,21:13:40,SEM VÍTIMA,AFOGADOS,RUA,RUA SAO MIGUEL,,,PRÓX A PRAÇA DE AFOGADOS,AFOGADOS,,,COLISÃO,1,0,0,0,0,0,0,1,0,0,0,Longo da via,Bom,Sem defeito,Perfeito estado,Seca,Perfeito estado,Faixa de pedestre,Outras,60KM/H,Dupla,Faixa seccionada,,
2021-02-02,terça-feira ,21:32:40,SEM VÍTIMA,NOVA DESCOBERTA,AVENIDA,AVENIDA VEREADOR OTACILIO AZEVEDO,,,NA UPA DE NOVA DESCOBERTA,NOVA DESCOBERTA,,,CHOQUE,1,0,0,0,0,0,0,0,0,0,0,Outros,Bom,Não existe,Não existente,Outros,Perfeito estado,Não existe,Não hA placas,30KM/H,,Não existe,,
2021-02-03,quarta-feira ,11:50:00,COM VÍTIMA,SANTO AMARO,RUA,RUA PALMARES,RUA,RUA ARNOBIO MARQUES,EM FRENTE AO LABORATÓRIO MUNICIPAL DE SAÚDE,SANTO AMARO,,SUBURBIO,COLISÃO TRASEIRA,1,1,0,0,0,0,0,0,0,1,0,Cruzamento,Chuvoso,Não existe,Incompleta,Molhada,Perfeito estado,Não existe,Outras,,Única,Não existe,,
2021-02-03,quarta-feira ,12:16:00,COM VÍTIMA,MADALENA,RUA,RUA JOSE OSORIO,,,E/F A PREMIER AUTO  PROX A AUTO CAR,MADALENA,,,COLISÃO,1,1,0,0,0,0,0,0,0,1,0,,,,,,,,,,,,,
2021-02-03,quarta-feira ,13:20:00,COM VÍTIMA,BOA VIAGEM,AVENIDA,AVENIDA ENGENHEIRO DOMINGOS FERREIRA,RUA,RUA RIBEIRO DE BRITO,E/F ACADEMIA HI   SUB ADELSON NO LOCAL,BOA VIAGEM,155,SUBURBIO,COLISÃO TRANSVERSAL,1,1,0,0,0,0,0,0,0,1,0,Cruzamento,Bom,Sem defeito,Perfeito estado,Seca,Perfeito estado,Agente,Outras,,Única,Faixa seccionada,Canteiro central,
2021-02-03,quarta-feira ,13:24:00,SEM VÍTIMA,DERBY,RUA,RUA JORNALISTA PAULO BITTENCOURT,,,PROXIMO A RESTAURAÇÃO,DERBY,,,CHOQUE,0,0,0,0,0,0,0,0,0,0,0,Longo da via,Bom,Não existe,Perfeito estado,Molhada,Perfeito estado,Não existe,Outras,30KM/H,Dupla,Faixa seccionada,,
2021-02-03,quarta-feira ,14:11:00,COM VÍTIMA,JORDAO,AVENIDA,AVENIDA MARIA IRENE,RUA,RUA BRITANIA,LADO OPOSTO DE JORDAO MOTOS,JORDÃO,,SUBURBIO,COLISÃO,0,1,0,0,0,1,0,0,0,1,0,Longo da via,Bom,Não existe,Ilegível,Seca,Perfeito estado,Outros,Não hA placas,,Dupla,Não existe,,
2021-02-03,quarta-feira ,15:28:00,COM VÍTIMA,DERBY,AVENIDA,AVENIDA GOVERNADOR AGAMENON MAGALHAES,,,E/F AO CENTRO DE REPRODUÇAO HUMANA S/T OLINDA,DERBY,,OLINDA,ATROPELAMENTO DE PESSOA,2,1,0,0,1,0,0,0,0,1,0,Longo da via,Bom,Sem defeito,Perfeito estado,Seca,Perfeito estado,Faixa de pedestre,,60 km/h,Única,Canteiro central,,
2021-02-03,quarta-feira ,19:23:00,COM VÍTIMA,TEJIPIO,AVENIDA,AVENIDA DR JOSE RUFINO,RUA,RUA DO SANCHO,"E/F A ESTAÇÃO DE METRÔ DE TEJIPIÓ, SNT JABOATÃO / SEMAFORO 434.",TEJIPIÓ,434,SUBURBIO,ATROPELAMENTO DE PESSOA,0,0,0,0,1,1,0,0,0,1,0,Longo da via,Bom,Sem defeito,Perfeito estado,Seca,Perfeito estado,Faixa de pedestre,,40 km/h,Dupla,Faixa contínua,,
2021-02-03,quarta-feira ,20:11:00,COM VÍTIMA,IMBIRIBEIRA,RUA,RUA ITACARI,RUA,RUA ITAJAI,POR TRAS DO BANCO ITAU / PRÓX A EMPRESA GOPIL,IMBIRIBEIRA,,,COLISÃO,1,1,0,0,0,0,0,0,0,2,0,,,,,,,,,,,,,
2021-02-04,quinta-feira ,15:04:00,COM VÍTIMA,AGUA FRIA,EST,EST VELHA DE AGUA FRIA,RUA,RUA RIOLANDIA,EM FRENTE À CLINICARDIO,AGUA FRIA,,CIDADE,COLISÃO LATERAL,1,1,0,0,0,0,0,0,0,2,0,Esquina,Bom,Não existe,Não existente,Seca,Perfeito estado,Não existe,Não hA placas,,Única,Faixa seccionada,,
2021-02-04,quinta-feira ,15:24:00,COM VÍTIMA,IMBIRIBEIRA,RUA,RUA ITAJAI,RUA,RUA ITACARE,PRÓX À YNOVE,IMBIRIBEIRA,,,COLISÃO,1,1,0,0,0,0,0,0,0,1,0,,,,,,,,,,,,,
2021-02-04,quinta-feira ,16:24:00,COM VÍTIMA,IMBIRIBEIRA,AVENIDA,AVENIDA MARECHAL MASCARENHAS DE MORAES,,,EM FRENTE AO PONTO DA LOCALIZA / EM FRENTE A AEROPORTO,IMBIRIBEIRA,570,SUBURBIO,COLISÃO LATERAL,1,1,0,0,0,0,0,0,0,2,0,Outros,Bom,Sem defeito,Perfeito estado,Seca,Perfeito estado,Faixa de pedestre,Outras,60 km/h,Única,Faixa seccionada,,
2021-02-04,quinta-feira ,19:05:00,COM VÍTIMA,TAMARINEIRA,EST,EST VELHA DE AGUA FRIA,AVENIDA,AVENIDA PROFESSOR JOSE DOS ANJOS,PRÓXIMO AO DENOX,TAMARINEIRA,,,COLISÃO,0,0,0,0,0,0,0,0,0,1,0,,,,,,,,,,,,,
2021-02-04,quinta-feira ,19:18:00,COM VÍTIMA,CAMPO GRANDE,RUA,RUA JERONIMO VILELA,AVENIDA,AVENIDA PROFESSOR JOSE DOS ANJOS,EM FRENTE AO AÇOUGUE DE PINGO,CAMPO GRANDE,642,SUBURBIO,COLISÃO TRANSVERSAL,1,1,0,0,0,0,0,0,0,1,0,Cruzamento,Bom,Sem defeito,Incompleta,Seca,Mal iluminada,Não existe,Não hA placas,,Dupla,Não existe,,
2021-02-04,quinta-feira ,20:29:00,COM VÍTIMA,GRACAS,AVENIDA,AVENIDA RUI BARBOSA,,,PRÓX AO TRE // EM FRENTE AO RESTAURANTE PACHIO,GRAÇAS,,,COLISÃO,2,0,0,0,0,0,0,0,0,1,0,,,,,,,,,,,,,
2021-02-04,quinta-feira ,21:46:40,COM VÍTIMA,VARZEA,AVENIDA,AVENIDA PROFESSOR ARTUR DE SA,RUA,RUA GENERAL POLIDORO,AO LADO DO POSTO CDU,VARZEA,,,COLISÃO,1,1,0,0,0,0,0,0,0,1,0,,,,,,,,,,,,,
2021-02-05,sexta-feira ,00:31:00,SEM VÍTIMA,ILHA JOANA BEZERRA,AVENIDA,AVENIDA CENTRAL,TRV,TRV DO RAPOSO,EMBAIXO DO PONTILHAO,ILHA JOANA BEZERRA,,,COLISÃO,1,1,0,0,0,0,0,0,0,0,0,Cruzamento,Bom,Não existe,Incompleta,Seca,Perfeito estado,Não existe,"Placas ""Dê a preferência""",,Dupla,Não existe,,
2021-02-05,sexta-feira ,02:31:00,COM VÍTIMA,CORDEIRO,RUA,RUA DR MIGUEL VIEIRA FERREIRA,RUA,RUA CLAUDIO BROTHERHOOD,COM RUA CLAUDIO BROTHERHOOD,CORDEIRO,,CIDADE,COLISÃO TRANSVERSAL,1,1,0,0,0,0,0,0,0,1,0,Cruzamento,Bom,Não existe,Perfeito estado,Seca,Perfeito estado,Faixa de pedestre,Não hA placas,,Dupla,Faixa seccionada,,
2021-02-05,sexta-feira ,09:59:00,COM VÍTIMA,ILHA JOANA BEZERRA,VIADUTO,VIADUTO PAPA JOAO PAULO II,,,"EM CIMA DO VIADUTO, SENT. BOA VIAGEM",ILHA JOANA BEZERRA,,SUBURBIO,COLISÃO COM CICLISTA,0,0,0,1,0,1,0,0,0,1,0,Longo da via,Bom,Não existe,Perfeito estado,Seca,Perfeito estado,Não existe,Não hA placas,,Dupla,Faixa seccionada,Canteiro central,
2021-02-05,sexta-feira ,10:39:00,COM VÍTIMA,BOA VISTA,RUA,RUA HENRIQUE DIAS,,,EM  FRENTE  AO  HOSPITAL  LOCMED,BOA VISTA,,,COLISÃO,1,1,0,0,0,0,0,0,0,1,0,,,,,,,,,,,,,
2021-02-05,sexta-feira ,10:57:00,COM VÍTIMA,CAMPO GRANDE,RUA,RUA ODORICO MENDES,RUA,RUA PROFESSOR FRANCISCO DA TRINDADE,EM FRENTE A SERRALHARIA PORTEL,CAMPO GRANDE,357,SUBURBIO,COLISÃO TRANSVERSAL,1,1,0,0,0,0,0,0,0,2,0,Cruzamento,Bom,Sem defeito,Perfeito estado,Seca,Perfeito estado,Faixa de pedestre,,,Dupla,Faixa contínua,,
2021-02-05,sexta-feira ,11:06:00,COM VÍTIMA,BOA VIAGEM,AVENIDA,AVENIDA BOA VIAGEM,,,PROX. A PRAÇA DE BOA VIAGEM,BOA VIAGEM,,CIDADE,COLISÃO LATERAL,1,1,0,0,0,0,0,0,0,1,0,Longo da via,Bom,Sem defeito,Perfeito estado,Seca,Perfeito estado,Não existe,"Placas ""Pare""",,Única,Faixa seccionada,,
2021-02-05,sexta-feira ,11:18:00,COM VÍTIMA,JOANA BEZERRA,VIADUTO,VIADUTO CAPITAO TEMUDO,,,SENTIDO DERBY,JOANA BEZERRA,,CIDADE,COLISÃO TRASEIRA,1,1,0,0,0,0,0,0,0,1,0,Viaduto,Bom,Não existe,Perfeito estado,Seca,Perfeito estado,Não existe,Não hA placas,60 km/h,Dupla,Canteiro central,,
2021-02-05,sexta-feira ,15:09:00,SEM VÍTIMA,ESPINHEIRO,AVENIDA,AVENIDA GOVERNADOR AGAMENON MAGALHAES,,,EM FRENTE AO MINISTÉRIO DO TRABALHO,,,,COLISÃO,0,0,0,0,0,0,0,0,0,0,0,,,,,,,,,,,,,
2021-02-05,sexta-feira ,16:28:00,COM VÍTIMA,IBURA,AVENIDA,AVENIDA DOIS RIOS,,,EM FRENTE A RODRIGUES MERCADINHO E PANIFICADORA E EM FRENTE A UPA IBURA,IBURA,,CIDADE,COLISÃO TRASEIRA,1,1,0,0,0,0,0,0,0,1,0,Longo da via,Bom,Não existe,Perfeito estado,Seca,Perfeito estado,Não existe,Outras,,Dupla,Faixa contínua,,
2021-02-05,sexta-feira ,20:40:00,COM VÍTIMA,PARNAMIRIM,AVENIDA,AVENIDA PARNAMIRIM,RUA,RUA JOAO TUDE DE MELO,"PROXIMIDADES DO SHOPPING PLAZA, SNT TORRE /NA VIA DO  CANAL / ANTES DA  PONTE QUE DA ACESSO AO CARREFOUR. AO LADO DO SEBRO.",PARNAMIRIM,S/N,SUBURBIO,COLISÃO LATERAL,0,1,0,0,0,0,0,1,0,2,0,Cruzamento,Bom,Sem defeito,Perfeito estado,Seca,Perfeito estado,Faixa de pedestre,Outras,,Única,Faixa seccionada,,
2021-02-06,sábado ,00:03:00,COM VÍTIMA,IPUTINGA,RUA,RUA LEAL DE BARROS,RUA,RUA REZENDE,CRUZAMENTO C/A RUA DR MANUEL RESENDE - PROXIMO À ESCOLA EXPOENTE.,IPUTINGA,,SUBURBIO,COLISÃO FRONTAL,1,1,0,0,0,0,0,0,0,1,0,Cruzamento,Bom,Não existe,Perfeito estado,Seca,Perfeito estado,Faixa de pedestre,"Placas ""Pare""",,Dupla,Faixa contínua,Faixa seccionada,
2021-02-06,sábado ,06:35:00,COM VÍTIMA,AFOGADOS,AVENIDA,AVENIDA SUL,,,EM FRENTE AO GRANDE ORIENTE PERNAMBUCO,AFOGADOS,,IMBIRIBEIRA,QUEDA,0,0,0,1,0,0,0,0,0,1,0,,,,,,,,,,,,,
2021-02-06,sábado ,08:19:00,SEM VÍTIMA,GUABIRABA,EST,EST DO BARRO BRANCO,,,EM FRENTE A AGUA MINERAL SANTA JOANA,GUABIRABA,,,COLISÃO,1,0,0,0,0,0,0,1,0,0,0,Longo da via,Bom,Não existe,Não existente,Seca,Mal conservada,Não existe,Não hA placas,,Dupla,Não existe,,
2021-02-06,sábado ,14:16:00,COM VÍTIMA,BOA VIAGEM,AVENIDA,AVENIDA ENGENHEIRO DOMINGOS FERREIRA,,,EM FRENTE AO ARMAZEM CORAL  ACHAQUI/ ANTES PRACINHA DE BOA VIAGEM,BOA VIAGEM,,SUBURBIO,ATROPELAMENTO DE PESSOA,0,1,0,0,1,0,0,0,0,2,0,Longo da via,Bom,Não existe,Perfeito estado,Seca,Perfeito estado,Não existe,Outras,60 km/h,Única,Faixa seccionada,Canteiro central,
2021-02-06,sábado ,14:42:00,COM VÍTIMA,TORRE,RUA,RUA JOSE BONIFACIO,RUA,RUA JOSE DE HOLANDA,EM FRENTE AO MERCADO DA TORRE,TORRE,,,COLISÃO,1,1,0,0,0,0,0,0,0,1,0,,,,,,,,,,,,,
2021-02-06,sábado ,17:02:00,COM VÍTIMA,MADALENA,AVENIDA,AVENIDA ENGENHEIRO ABDIAS DE CARVALHO,RUA,RUA JOAO IVO DA SILVA,AO LADO DA HABIB'S,MADALENA,132,AFOGADOS,COLISÃO TRANSVERSAL,1,1,0,0,0,0,0,0,0,1,0,Cruzamento,Bom,Sem defeito,Perfeito estado,Seca,Perfeito estado,Faixa de pedestre,Outras,,Única,Canteiro central,,
2021-02-06,sábado ,17:20:00,SEM VÍTIMA,BOA VIAGEM,AVENIDA,AVENIDA DOM JOAO VI,,,,BOA VIAGEM,,SUBURBIO,COLISÃO,2,0,0,0,0,0,0,0,0,0,0,,,,,,,,,,,,,
2021-02-06,sábado ,18:37:00,SEM VÍTIMA,BOA VIAGEM,AVENIDA,AVENIDA CONSELHEIRO AGUIAR,RUA,RUA PEREIRA DA COSTA,EM FRENTE AO URBAN  ARTS,BOA VIAGEM,140,,COLISÃO,2,0,0,0,0,0,0,0,0,0,0,,,,,,,,,,,,,
2021-02-07,domingo ,00:13:00,COM VÍTIMA,NOVA DESCOBERTA,RUA,RUA BETINHA,,,ANTES DA ENTRADA DO CÓRREGO DA AREIA,NOVA DESCOBERTA,,SUBURBIO,CHOQUE,3,0,0,0,0,0,0,0,0,1,0,Longo da via,Bom,Não existe,Não existente,Seca,Perfeito estado,Não existe,Não hA placas,,Dupla,Não existe,,
2021-02-07,domingo ,18:10:00,COM VÍTIMA,JORDAO,RUA,RUA DR ANDRADE LYRA,RUA,RUA DES EVANDRO NETTO,AO LADO DA ESC. MUNIC. PINTOR LULA CARDOSO AYRES/  RUA DO TERMINAL DE ÔNIBUS  JORDÃO BAIXO,JORDÃO,,CIDADE,COLISÃO TRANSVERSAL,1,1,0,0,0,0,0,0,0,1,0,Longo da via,Bom,Não existe,Perfeito estado,Seca,,Faixa de pedestre,,,Única,,,
2021-02-07,domingo ,23:01:40,SEM VÍTIMA,DERBY,AVENIDA,AVENIDA GOVERNADOR AGAMENON MAGALHAES,,,"NA PISTA PARALELA  MCDONALDS, SNT BV / PRÓXAO HR",DERBY,,,COLISÃO,2,0,0,0,0,0,0,0,0,0,0,Cruzamento,Bom,Sem defeito,Perfeito estado,Seca,Mal iluminada,Faixa de pedestre,,,Dupla,Faixa contínua,,
2021-02-08,segunda-feira ,07:22:00,COM VÍTIMA,CAMPO GRANDE,RUA,RUA JERONIMO VILELA,RUA,RUA FRANKLIN TAVORA,AO LADO DO NÚMERO 475,CAMPO GRANDE,282,SUBURBIO,COLISÃO FRONTAL,2,0,0,0,0,0,0,0,0,1,0,Cruzamento,Bom,Sem defeito,Perfeito estado,Seca,Perfeito estado,Faixa de pedestre,R-6a,,Dupla,Faixa contínua,Faixa seccionada,
2021-02-08,segunda-feira ,08:07:00,COM VÍTIMA,CAXANGA,AVENIDA,AVENIDA PROFESSOR MORAES REGO,,,LADO OPOSTO AO HAPVIDA,CAXANGA,,,COLISÃO,1,1,0,0,0,0,0,0,0,2,0,,,,,,,,,,,,,
2021-02-08,segunda-feira ,08:15:00,COM VÍTIMA,IMBIRIBEIRA,RUA,RUA JAMAICA,RUA,RUA IZABEL DE SOUZA,AO LADO DA CASA DO MARCENEIRO. BS BLINDAGENS.,IMBIRIBEIRA,,MASC. MORAES,COLISÃO TRASEIRA,1,1,0,0,0,0,0,0,0,1,0,Cruzamento,Bom,Não existe,Perfeito estado,Seca,Perfeito estado,Não existe,"Placas ""Pare""",,Única,Faixa seccionada,,
2021-02-08,segunda-feira ,12:20:00,COM VÍTIMA,SAO JOSE,AVENIDA,AVENIDA MARTINS DE BARROS,,,EM FRENTE AO TERMINAL INTEGRADO DO CAIS DE SANTA RITA.,SÃO JOSÉ,383,SUBURBIO,COLISÃO LATERAL,1,1,0,0,0,0,0,0,0,1,0,Cruzamento,Bom,Sem defeito,Perfeito estado,Seca,Perfeito estado,Faixa de pedestre,Outras,60 km/h,Dupla,Canteiro central,,
2021-02-08,segunda-feira ,12:39:00,COM VÍTIMA,ENCRUZILHADA,RUA,RUA CEARA,RUA,RUA JULIAO NETO,PRÓX AO BAR DO TONHÃO,ENCRUZILHADA,,SUBURBIO,COLISÃO TRANSVERSAL,1,1,0,0,0,0,0,0,0,1,0,Longo da via,Bom,Não existe,Incompleta,Seca,Perfeito estado,Não existe,Outras,,Única,Não existe,,
2021-02-08,segunda-feira ,15:19:00,COM VÍTIMA,SANTO AMARO,AVENIDA,AVENIDA JOAO DE BARROS,,,EM BAIXO DO VIADUTO DA JOAO DE BARROS / EM FRENTE AO EMPRESARIO BULIMAX,SANTO AMARO,,SUBURBIO,COLISÃO LATERAL,1,1,0,0,0,0,0,0,0,1,0,Longo da via,Bom,Não existe,Perfeito estado,Seca,Perfeito estado,Não existe,Não hA placas,,Única,Faixa seccionada,,
2021-02-08,segunda-feira ,18:15:00,COM VÍTIMA,IPSEP,RUA,RUA PAMPULHA,,,PRÓXIMO À FACULDADE BOA VIAGEM,IPSEP,,,TOMBAMENTO,0,1,0,0,0,0,0,0,0,1,0,Longo da via,Bom,,Perfeito estado,Seca,Perfeito estado,Agente,Não hA placas,40 km/h,Única,Faixa seccionada,,
2021-02-08,segunda-feira ,20:42:40,COM VÍTIMA,APIPUCOS,RUA,RUA DE APIPUCOS,RUA,RUA ALIANCA,EM FRENTE AO 11º BATALHÃO DA PM E SEMAFORO 248,APIPUCOS,248,,COLISÃO TRANSVERSAL,0,2,0,0,0,0,0,0,0,1,0,Cruzamento,Bom,Sem defeito,Perfeito estado,Seca,Perfeito estado,Não existe,Não hA placas,,Dupla,Não existe,,
2021-02-09,terça-feira ,06:32:00,COM VÍTIMA,ENCRUZILHADA,RUA,RUA FERNANDO CESAR,RUA,RUA AMARO COUTINHO,EM  FRENTE  A  LOJA   GDA  EQUIPAMENTOS . PRÓXIMO À PRAÇA DOM MIGUEL VALVERDE.,ENCRUZILHADA,,CIDADE,COLISÃO TRANSVERSAL,1,1,0,0,0,0,0,0,0,2,0,Cruzamento,Bom,Não existe,Perfeito estado,Seca,Perfeito estado,Faixa de pedestre,"Placas ""Pare""",30 km/h,Única,Faixa seccionada,,