data,dia_semana,hora,natureza,bairro,logradouro_endereco,endereco,logradouro_detalhe_endereco,detalhe_endereco_acidente,complemento,bairro_cruzamento,num_semaforo,sentido_via,tipo,auto,moto,ciclom,ciclista,pedestre,onibus,caminhao,viatura,outros,vitimas,vitimasfatais,acidente_verificado,tempo_clima,situacao_semaforo,sinalizacao,condicao_via,conservacao_via,ponto_controle,situacao_placa,velocidade_max_via,mao_direcao,divisao_via1,divisao_via2,divisao_via3
2021-02-09,terça-feira ,11:26:00,COM VÍTIMA,SANTO AMARO,RUA,RUA AURORA,,,LADO OPOSTO AO CLUBE DE REMO NAUTICO CAPIBARIBE.,SANTO AMARO,,SUBURBIO,COLISÃO TRASEIRA,0,2,0,0,0,0,0,0,0,1,0,Longo da via,Bom,Não existe,Perfeito estado,Seca,Perfeito estado,Não existe,Não hA placas,,Dupla,Canteiro central,,
2021-02-09,terça-feira ,14:18:00,COM VÍTIMA,TORRE,RUA,RUA REAL DA TORRE,RUA,RUA CONDE DE IRAJA,NO SEMAFORO 106,TORRE,106,,COLISÃO LATERAL,1,1,0,0,0,0,0,0,0,1,0,Cruzamento,Bom,Sem defeito,Perfeito estado,Seca,Perfeito estado,Faixa de pedestre,Outras,60 km/h,,Faixa seccionada,,
2021-02-09,terça-feira ,16:35:00,COM VÍTIMA,ESPINHEIRO,RUA,RUA AMELIA,RUA,RUA DR VICENTE MEIRA,AO LADO DO ESPINHEIRO SHOPPING,ESPINHEIRO,,CIDADE,COLISÃO LATERAL,1,1,0,0,0,0,0,0,0,1,0,Esquina,Bom,Não existe,Perfeito estado,Seca,Perfeito estado,Não existe,"Placas ""Pare""",40 km/h,Única,Faixa seccionada,,
2021-02-09,terça-feira ,16:46:00,COM VÍTIMA,JIQUIA,RUA,RUA SAO MIGUEL,,,PROX A FABRICA DA HIOLANDA. EM FRENTE AO POSTO PETROISA.,JIQUIA,,CIDADE,COLISÃO LATERAL,2,1,0,0,0,0,0,0,0,1,0,Longo da via,Bom,Não existe,Perfeito estado,Seca,Perfeito estado,Não existe,Não hA placas,60 km/h,Dupla,Faixa contínua,,
2021-02-09,terça-feira ,18:15:00,COM VÍTIMA,AFOGADOS,RUA,RUA SAO MIGUEL,,,LADO OPOSTO AO POSTO IPIRANGA,AFOGADOS,,CIDADE,COLISÃO LATERAL,1,1,0,0,0,0,0,0,0,1,0,Longo da via,Bom,Não existe,Perfeito estado,Seca,Perfeito estado,Não existe,Não hA placas,60 km/h,Dupla,Faixa contínua,,
2021-02-09,terça-feira ,20:19:00,COM VÍTIMA,BOA VISTA,AVENIDA,AVENIDA GOVERNADOR AGAMENON MAGALHAES,,,EM FRENTE AO BANCO DO BRASIL / SENTIDO OLINDA,BOA VISTA,,OLINDA,COLISÃO LATERAL,0,2,0,0,0,0,0,0,0,1,0,Longo da via,Bom,Sem defeito,Perfeito estado,Seca,Perfeito estado,Não existe,Não hA placas,,Dupla,Canteiro central,,
2021-02-10,quarta-feira ,06:26:00,SEM VÍTIMA,ILHA DO LEITE,RUA,RUA ESTADO DE ISRAEL,,,APÓS O Nº 228,ILHA DO LEITE,,CIDADE,CHOQUE,2,0,0,0,0,0,0,0,0,0,0,Longo da via,Chuvoso,Não existe,Perfeito estado,Molhada,Perfeito estado,Faixa de pedestre,R-6a,60 km/h,Única,Faixa contínua,Faixa seccionada,
2021-02-10,quarta-feira ,06:47:00,COM VÍTIMA,CASA AMARELA,AVENIDA,AVENIDA NORTE,,,LADO OPOSTO AO ARMAZÉM CORAL.,CASA AMARELA,,SUBURBIO,TOMBAMENTO,0,1,0,0,0,0,0,0,0,1,0,Longo da via,Chuvoso,Não existe,Perfeito estado,Molhada,Perfeito estado,Não existe,R-6a,60 km/h,Dupla,Faixa seccionada,Canteiro central,
2021-02-10,quarta-feira ,07:31:00,COM VÍTIMA,CASA AMARELA,RUA,RUA PAULA BATISTA,RUA,RUA XAVANTES,ESQUINA CENTRO ESPIRITA MOACIR,CASA AMARELA,,CIDADE,COLISÃO TRANSVERSAL,2,0,0,0,0,0,0,0,0,1,0,Cruzamento,Chuvoso,Não existe,Perfeito estado,Molhada,Perfeito estado,Faixa de retenção,"Placas ""Pare""",30 km/h,Dupla,Faixa seccionada,,
2021-02-10,quarta-feira ,08:27:00,COM VÍTIMA,SAO JOSE,AVENIDA,AVENIDA SUL,,,EM FRENTE A CAPITANIA DOS PORTOS,SÃO JOSÉ,,CIDADE,TOMBAMENTO,0,1,0,0,0,0,0,0,0,2,0,Longo da via,Bom,Sem defeito,Perfeito estado,Seca,Perfeito estado,Não existe,R-6a,,Única,Faixa seccionada,,
2021-02-10,quarta-feira ,08:33:00,COM VÍTIMA,JARDIM SAO PAULO,RUA,RUA LEANDRO BARRETO,,,EM FRENTE A SERGIO DAS RAÇÕES,JARDIM SÃO PAULO,,CIDADE,COLISÃO TRANSVERSAL,1,1,0,0,0,0,0,0,0,2,0,Longo da via,Bom,Não existe,Incompleta,Seca,Mal conservada,Não existe,R-19,,Dupla,Não existe,,
2021-02-10,quarta-feira ,10:58:00,SEM VÍTIMA,IBURA,AVENIDA,AVENIDA DOIS RIOS,,,EM FRENTE A  ODONTOMEDIC,IBURA,,SUBURBIO,COLISÃO LATERAL,2,0,0,0,0,0,0,0,0,0,0,Longo da via,Bom,Não existe,Perfeito estado,Seca,Perfeito estado,Não existe,Outras,,Dupla,Faixa contínua,,
2021-02-10,quarta-feira ,15:12:00,COM VÍTIMA,ESTANCIA,AVENIDA,AVENIDA RECIFE,,,EM FRENTE AO ANTIGO MAKRO,ESTÂNCIA,,,COLISÃO,0,2,0,0,0,0,0,0,0,2,0,,,,,,,,,,,,,
2021-02-11,quinta-feira ,07:52:00,COM VÍTIMA,VARZEA,AVENIDA,AVENIDA AFONSO OLINDENSE,,,EM FRENTE AO EDF. PRAÇA DAS ARAUCARIAS,VARZEA,,VARZEA,COLISÃO LATERAL,1,1,0,0,0,0,0,0,0,1,0,Longo da via,Bom,Não existe,Perfeito estado,Seca,Perfeito estado,Outros,Outras,30 km/h,Dupla,Faixa contínua,,
2021-02-11,quinta-feira ,08:12:00,COM VÍTIMA,IPUTINGA,RUA,RUA SAO MATEUS,,,EM   FRENTE  A  IGREJA  UNIVERSAL. AO LADO DO ARMARINHO ADONAI.,IPUTINGA,,CIDADE,COLISÃO COM CICLISTA,0,1,0,1,0,0,0,0,0,1,0,Longo da via,Bom,Não existe,Não existente,Seca,Perfeito estado,Não existe,Não hA placas,30 km/h,Dupla,Faixa contínua,,
2021-02-11,quinta-feira ,13:29:00,COM VÍTIMA,CORDEIRO,AVENIDA,AVENIDA ENGENHEIRO ABDIAS DE CARVALHO,,,PROXIMO AO SEMAFORO 058 E AO LADO OPOTO DO CAMARÃO DO LEO/ SENTIDO CIDADE. POSTE Nº B062560,CORDEIRO,,CIDADE,COLISÃO TRASEIRA,1,1,0,0,0,0,0,0,0,1,0,Longo da via,Bom,Sem defeito,Perfeito estado,Seca,Perfeito estado,Faixa de pedestre,R-6a,60 km/h,Única,Faixa seccionada,Canteiro central,
2021-02-11,quinta-feira ,15:28:00,COM VÍTIMA,PRADO,AVENIDA,AVENIDA ENGENHEIRO ABDIAS DE CARVALHO,,,EM FRENTE A ENGEFRIO / SENTIDO CIDADE,PRADO,,CIDADE,COLISÃO LATERAL,1,1,0,0,0,0,0,0,0,1,0,Longo da via,Bom,Sem defeito,Perfeito estado,Seca,Perfeito estado,Não existe,Não hA placas,,Única,Canteiro central,,
2021-02-11,quinta-feira ,16:46:00,COM VÍTIMA,SANCHO,AVENIDA,AVENIDA LIBERDADE,,,LADO OPOSTO AO CEMITÉRIO PARQUE DAS FLORES.,SANCHO,,CIDADE,COLISÃO COM CICLISTA,1,0,0,1,0,0,0,0,0,1,0,Longo da via,Bom,Não existe,Incompleta,Seca,Perfeito estado,Faixa de pedestre,Não hA placas,,Dupla,Faixa contínua,,
2021-02-11,quinta-feira ,17:43:00,COM VÍTIMA,AFOGADOS,EST,EST DOS REMEDIOS,RUA,RUA TABAIARES,EM FRENTE À HYUNDAI PATEO,AFOGADOS,390,CIDADE,COLISÃO TRANSVERSAL,1,1,0,0,0,0,0,0,0,1,0,Longo da via,Bom,Desligado,Perfeito estado,Seca,Perfeito estado,Faixa de retenção,R-6a,60 km/h,Única,Faixa seccionada,,
2021-02-11,quinta-feira ,20:59:00,COM VÍTIMA,MADALENA,AVENIDA,AVENIDA VISCONDE DE ALBUQUERQUE,,,PRÓX AO BOMPREÇO / EM FRENTE AO MUNDO DO CABELOS. EDF. PEDRO RODRIGUES.,MADALENA,,SUBURBIO,COLISÃO TRASEIRA,1,1,0,0,0,0,0,0,0,1,0,Longo da via,Bom,Não existe,Perfeito estado,Seca,Perfeito estado,Não existe,Outras,,Única,Faixa seccionada,,
2021-02-11,quinta-feira ,20:53:40,COM VÍTIMA,VARZEA,RUA,RUA GASTAO VIDIGAL,AVENIDA,AVENIDA JOAQUIM RIBEIRO,PRÓX A UPA DA CAXANGA / SEMAFORO 281,VARZEA,,,COLISÃO COM CICLISTA,1,0,0,1,0,0,0,0,0,1,0,,,,,,,,,,,,,
2021-02-11,quinta-feira ,21:34:40,COM VÍTIMA,BOA VISTA,RUA,RUA JOAO LIRA,RUA,RUA DA SAUDADE,PRÓX AO 13 DE MAIO - E/F AO EDF MARAJÓ,BOA VISTA,308,CIDADE,COLISÃO TRANSVERSAL,1,0,0,0,0,0,0,1,0,1,0,Cruzamento,Bom,Sem defeito,Perfeito estado,Seca,Perfeito estado,Faixa de pedestre,R-3,30 km/h,Única,,,
2021-02-12,sexta-feira ,06:13:00,COM VÍTIMA,IMBIRIBEIRA,PRC,PRC MINISTRO SALGADO FILHO,,,NO PORTÃO DE ENTRADA DO AEROPORTO,IMBIRIBEIRA,,,ATROPELAMENTO DE PESSOA,0,1,0,0,1,0,0,0,0,2,0,,,,,,,,,,,,,
2021-02-12,sexta-feira ,07:58:00,COM VÍTIMA,CASA AMARELA,AVENIDA,AVENIDA NORTE,,,AO LADO DA FARMACIA BOM JESUS. LADO OPOSTO À LOTERIA NORTE.,CASA AMARELA,312,SUBURBIO,COLISÃO TRASEIRA,1,1,0,0,0,0,0,0,0,1,0,Longo da via,Bom,Sem defeito,Perfeito estado,Seca,Perfeito estado,Não existe,Não hA placas,,Dupla,Canteiro central,,
2021-02-12,sexta-feira ,12:26:00,COM VÍTIMA,IPSEP,RUA,RUA POTENGY,,,PRÓX AO SUPERMERCADO STYLO. PRAÇA JARDIM AMÉRICA.,IPSEP,,AV. MASC MORAIS,CHOQUE,1,2,0,0,0,0,0,0,0,1,0,Longo da via,Bom,Não existe,Perfeito estado,Seca,Perfeito estado,Não existe,Outras,20 km/h,Única,Não existe,,
2021-02-12,sexta-feira ,12:59:00,SEM VÍTIMA,ARRUDA,RUA,RUA PETRONILA BOTELHO,,,POR TRAS DO ESTADIO DO ARRUDA,ARRUDA,,SUBURBIO,COLISÃO LATERAL,0,2,0,0,0,0,0,0,0,0,0,Longo da via,Bom,Não existe,Não existente,Seca,Perfeito estado,Não existe,Não hA placas,,Dupla,Não existe,,
2021-02-12,sexta-feira ,14:36:00,COM VÍTIMA,AFOGADOS,RUA,RUA SAO MIGUEL,,,LADO OPOSTO AO DEPATRI.,AFOGADOS,,CIDADE,COLISÃO TRANSVERSAL,0,1,0,0,0,0,0,1,0,1,0,Longo da via,Bom,Sem defeito,Perfeito estado,Seca,Perfeito estado,Não existe,R-6a,,Dupla,Faixa contínua,,
2021-02-12,sexta-feira ,16:24:00,SEM VÍTIMA,MACAXEIRA,AVENIDA,AVENIDA NORTE,,,"ACADEMIA DA SAÚDE, AO LADO DO Nº 7368",MACAXEIRA,,SUBURBIO,CHOQUE,1,0,0,0,0,1,0,0,0,0,0,Longo da via,Bom,Não existe,Perfeito estado,Seca,Perfeito estado,Não existe,R-6a,,Dupla,Canteiro central,,
2021-02-12,sexta-feira ,19:25:00,COM VÍTIMA,IBURA,AVENIDA,AVENIDA DOIS RIOS,RUA,RUA FERNANDO TOMAZ DA SILVA,PRÓX A FARMACIA PAGUE MENOS,IBURA,323,CIDADE,COLISÃO LATERAL,1,2,0,0,0,0,0,0,0,1,0,Longo da via,Bom,Sem defeito,Perfeito estado,Seca,Perfeito estado,Faixa de retenção,,,,,,
2021-02-13,sábado ,00:16:00,SEM VÍTIMA,BOA VISTA,LGO,LGO DA SANTA CRUZ,,,EM FRENTE AO GOVEIA DE BARROS,BOA VISTA,,,COLISÃO,2,0,0,0,0,0,0,0,0,0,0,,,,,,,,,,,,,
2021-02-13,sábado ,00:26:00,COM VÍTIMA,BOA VISTA,RUA,RUA DO RIACHUELO,RUA,RUA DA AURORA,,BOA VISTA,579,SUBURBIO,COLISÃO TRASEIRA,1,1,0,0,0,0,0,0,0,1,0,Cruzamento,Bom,Sem defeito,Perfeito estado,Seca,Perfeito estado,Outros,R-6a,40 km/h,Única,Faixa seccionada,,
2021-02-13,sábado ,08:28:00,SEM VÍTIMA,PAISSANDU,AVENIDA,AVENIDA GOVERNADOR AGAMENON MAGALHAES,,,E/F AO HOSPITAL PORTUGUÊS,PAISSANDU,,,CHOQUE,0,0,0,0,0,0,0,1,0,0,0,,,,,,,,,,,,,
2021-02-14,domingo ,07:57:00,COM VÍTIMA,ILHA JOANA BEZERRA,VIADUTO,VIADUTO PAPA JOAO PAULO II,,,PRÓXIMO A PASSARELA. LADO OPOSTO AO FORUM RODOLFO AURELIANO.,ILHA JOANA BEZERRA,,SUBURBIO,TOMBAMENTO,0,1,0,0,0,0,0,0,0,1,0,Viaduto,Chuvoso,Não existe,Perfeito estado,Molhada,,Outros,R-19,60 km/h,Dupla,Canteiro central,,
2021-02-14,domingo ,10:17:00,COM VÍTIMA,MUSTARDINHA,RUA,RUA VINTE E UM DE ABRIL,,,TEERMINAL DE MUSTARDINHA,MUSTARDINHA,,AFOGADOS,COLISÃO FRONTAL,0,1,0,0,0,1,0,0,0,2,0,Longo da via,Bom,Sem defeito,,Seca,Perfeito estado,,,,,,,
2021-02-15,segunda-feira ,09:08:00,COM VÍTIMA,SANTO AMARO,RUA,RUA COELHO LEITE,RUA,RUA DA SAUDADE,,SANTO AMARO,,SUBURBIO,COLISÃO,1,1,0,0,0,0,0,0,0,1,0,Longo da via,Bom,Não existe,Perfeito estado,Seca,Perfeito estado,,"Placas ""Pare""",,Dupla,Faixa contínua,,
2021-02-15,segunda-feira ,11:53:00,SEM VÍTIMA,TEJIPIO,RUA,RUA FALCAO DE LACERDA,,,PRÓXIMO A ESTAÇÃO DE METRÔ TEJIPIÓ,TEJIPIÓ,,SUBURBIO,COLISÃO LATERAL,0,1,0,0,0,0,0,1,0,0,0,Longo da via,Chuvoso,Não existe,Perfeito estado,Molhada,Perfeito estado,Não existe,Não hA placas,,Dupla,Faixa contínua,,
2021-02-15,segunda-feira ,15:50:00,SEM VÍTIMA,BOA VIAGEM,RUA,RUA DEZ DE JULHO,RUA,RUA CAMBOIM,,BOA VIAGEM,,SUBURBIO,COLISÃO TRANSVERSAL,2,0,0,0,0,0,0,0,0,0,0,Cruzamento,Bom,Não existe,Perfeito estado,Seca,Perfeito estado,Não existe,"Placas ""Pare""",,Única,Não existe,,
2021-02-16,terça-feira ,08:01:00,COM VÍTIMA,BOA VIAGEM,AVENIDA,AVENIDA ENGENHEIRO DOMINGOS FERREIRA,RUA,RUA PROFESSOR JOSE BRANDAO,,BOA VIAGEM,550,SUBURBIO,ATROPELAMENTO DE PESSOA,1,0,0,0,1,0,0,0,0,1,0,Longo da via,Bom,Sem defeito,Perfeito estado,Seca,Perfeito estado,Agente,,60 km/h,Única,Faixa contínua,,
2021-02-16,terça-feira ,09:36:00,COM VÍTIMA,BOA VISTA,RUA,RUA DO RIACHUELO,RUA,RUA DO HOSPICIO,,BOA VISTA,92,CIDADE,COLISÃO TRASEIRA,0,2,0,0,0,0,0,0,0,2,0,Cruzamento,Bom,Sem defeito,Perfeito estado,Seca,Perfeito estado,Faixa de pedestre,Outras,,Única,Não existe,,
2021-02-16,terça-feira ,12:33:00,COM VÍTIMA,TORRE,RUA,RUA SOUZA BANDEIRA,RUA,RUA MARQUES DE MARICA,,TORRE,,,COLISÃO FRONTAL,1,1,0,0,0,0,0,0,0,1,0,Cruzamento,Bom,Sem defeito,Perfeito estado,Seca,Perfeito estado,Faixa de retenção,,,Única,,,
2021-02-16,terça-feira ,15:00:00,COM VÍTIMA,DERBY,AVENIDA,AVENIDA GOVERNADOR AGAMENON MAGALHAES,,,ODONTO CAP, EM FRENTE À FACCEIMAGEM,DERBY,417,SUBURBIO,COLISÃO LATERAL,1,1,0,0,0,0,0,0,0,1,0,Longo da via,Bom,Não existe,Perfeito estado,Seca,Perfeito estado,Não existe,Não hA placas,,Única,Faixa seccionada,
2021-02-16,terça-feira ,16:06:00,SEM VÍTIMA,MUSTARDINHA,AVENIDA,AVENIDA MANOEL GONCALVES DA LUZ,,,AO LADO DO POSTO TOTAL,MUSTARDINHA,,,COLISÃO,1,1,0,0,0,0,0,0,0,0,0,,,,,,,,,,,,,
2021-02-16,terça-feira ,17:27:00,COM VÍTIMA,CAXANGA,AVENIDA,AVENIDA JOAQUIM RIBEIRO,RUA,RUA BELMIRO CORREIA,"APOS A UPA DA CAXANGA, SENTIDO CAMARAGIBE",CAXANGA,,SUBURBIO,COLISÃO LATERAL,1,2,0,0,0,0,0,0,0,3,0,Esquina,Bom,Não existe,Perfeito estado,Seca,Perfeito estado,Não existe,Outras,,Dupla,Canteiro central,,
2021-02-16,terça-feira ,18:49:00,SEM VÍTIMA,ALTO SANTA TERESINHA,AVENIDA,AVENIDA ANIBAL BENEVOLO,,,BIFURCAÇÃO COM A R. DOS ALTOS COQUEIROS,ALTO SANTA TERESINHA,,,COLISÃO LATERAL,2,0,0,0,0,0,0,0,0,0,0,,Bom,Não existe,,Seca,Mal iluminada,Não existe,Não hA placas,,Dupla,,,
2021-02-17,quarta-feira ,04:11:00,SEM VÍTIMA,SAN MARTIN,RUA,RUA VINTE E UM DE ABRIL,,,"PRÓXIMO A EMPREL, NO FINAL DA R. 21 DE ABRIL SENT. ABDIAS",SAN MARTIN,,,COLISÃO,2,0,0,0,0,0,0,0,0,0,0,,,,,,,,,,,,,
2021-02-17,quarta-feira ,07:40:00,COM VÍTIMA,JARDIM SAO PAULO,AVENIDA,AVENIDA RECIFE,AVENIDA,AVENIDA JOAO CABRAL DE MELO NETO,NA  ENTRADA  DE  JARDIM  SÃO  PAULO     EM  FRENTE  A EMPRESA  SERP,JARDIM SÃO PAULO,259,SUBURBIO,COLISÃO LATERAL,0,1,0,0,0,0,1,0,0,1,0,Longo da via,Bom,Sem defeito,Perfeito estado,Seca,Perfeito estado,Faixa de pedestre,Não hA placas,60 km/h,Dupla,Canteiro central,,
2021-02-17,quarta-feira ,07:46:00,COM VÍTIMA,CAXANGA,AVENIDA,AVENIDA MAURICIO DE NASSAU,RUA,RUA ENGENHEIRO MOACYR PARAHYBA,PROX. AO  ALTINO VENTURA,CAXANGA,,,COLISÃO TRANSVERSAL,1,1,0,0,0,0,0,0,0,1,0,Cruzamento,Bom,Não existe,Não existente,Seca,Perfeito estado,Não existe,Não hA placas,,Dupla,Faixa contínua,,
2021-02-17,quarta-feira ,12:36:00,COM VÍTIMA,BOA VIAGEM,RUA,RUA CORONEL SERGIO HENRIQUE CARDIM,AVENIDA,AVENIDA CONSELHEIRO AGUIAR,E/F AOS CORREIOS,BOA VIAGEM,318,CIDADE,ATROPELAMENTO DE PESSOA,0,1,0,0,1,0,0,0,0,1,0,Cruzamento,Bom,Sem defeito,Perfeito estado,Seca,Perfeito estado,Faixa de pedestre,"Placas ""Pare""",60 km/h,Única,,,
2021-02-18,quinta-feira ,10:10:00,SEM VÍTIMA,MACAXEIRA,RUA,RUA LUIS JOSE DA CUNHA,,,,MACAXEIRA,,SUBURBIO,CHOQUE,0,0,0,0,0,0,0,1,0,0,0,Longo da via,Bom,Não existe,Não existente,Seca,Mal conservada,Não existe,Não hA placas,,Única,Não existe,,
2021-02-18,quinta-feira ,12:20:00,COM VÍTIMA,CASA AMARELA,RUA,RUA DA HARMONIA,RUA,RUA DONA ROSA DA FONSECA,PROX AO ESCOLA VILA SEZAMO,CASA AMARELA,,CIDADE,COLISÃO LATERAL,1,1,0,0,0,0,0,0,0,1,0,Cruzamento,Bom,Não existe,Perfeito estado,Seca,Perfeito estado,Não existe,R-6a,,Dupla,Faixa seccionada,,
2021-02-18,quinta-feira ,14:11:00,COM VÍTIMA,IBURA,AVENIDA,AVENIDA PRESIDENTE DUTRA,,,PRÓX AO SAL E BRASA E POSTO IPIRANGA, ANTES DO SEMAFORO,IBURA,393,BOA VIAGEM,COLISÃO LATERAL,1,1,0,0,0,0,0,0,0,1,0,Longo da via,Bom,Sem defeito,Perfeito estado,Seca,Perfeito estado,Faixa de pedestre,Outras,60 km/h,Dupla,Faixa seccionada,Faixa contínua
2021-02-18,quinta-feira ,16:19:00,COM VÍTIMA,MADALENA,AVENIDA,AVENIDA ENGENHEIRO ABDIAS DE CARVALHO,,,EM FRENTE À ESTACIO,MADALENA,328,SUBURBIO,COLISÃO TRASEIRA,1,1,0,0,0,0,0,0,0,1,0,Longo da via,Bom,Sem defeito,Perfeito estado,Seca,Perfeito estado,,Não hA placas,60 km/h,Dupla,Canteiro central,,
2021-02-18,quinta-feira ,17:29:00,COM VÍTIMA,PRADO,AVENIDA,AVENIDA ENGENHEIRO ABDIAS DE CARVALHO,,,PROX A ZERO GRAU,PRADO,,CIDADE,TOMBAMENTO,0,1,0,0,0,0,0,0,0,1,0,Longo da via,Bom,Não existe,Perfeito estado,Seca,Perfeito estado,Não existe,Não hA placas,,Dupla,Canteiro central,,
2021-02-18,quinta-feira ,18:28:00,COM VÍTIMA,CORDEIRO,AVENIDA,AVENIDA GENERAL SAN MARTIN,RUA,RUA GOMES TABORDA,EM FRENTE AO ATACAREJO IDEAL, POSTO PETRONAC/ OPOSTO A DROGASIL,CORDEIRO,67,CIDADE,COLISÃO TRANSVERSAL,0,2,0,0,0,0,0,0,0,1,0,Longo da via,Bom,Sem defeito,Perfeito estado,Seca,Perfeito estado,Faixa de pedestre,R-6a,40 km/h,Dupla,Faixa contínua,
2021-02-19,sexta-feira ,08:34:00,COM VÍTIMA,IPSEP,RUA,RUA PINTOR LULA CARDOSO AYRES,,,E/F FATO COMERCIO,IPSEP,,,COLISÃO,1,1,0,0,0,0,0,0,0,1,0,,,,,,,,,,,,,
2021-02-19,sexta-feira ,08:51:00,COM VÍTIMA,IPSEP,RUA,RUA ITACARI,RUA,RUA IZABEL DE SOUZA,PROX. AO BANCO ITAU,IPSEP,,SUBURBIO,COLISÃO TRANSVERSAL,1,1,0,0,0,0,0,0,0,1,0,Cruzamento,Bom,Não existe,Perfeito estado,Seca,Perfeito estado,Faixa de retenção,"Placas ""Pare""",30 km/h,Única,,,
2021-02-19,sexta-feira ,18:58:00,COM VÍTIMA,CORDEIRO,RUA,RUA GOMES TABORDA,,,SEMAFORO 067 / PRÓX AO ATACAREJO IDEAL,CORDEIRO,,SUBURBIO,COLISÃO LATERAL,2,0,0,0,0,0,0,0,0,1,0,Longo da via,Bom,Sem defeito,Perfeito estado,Seca,Perfeito estado,,R-6a,30 km/h,Dupla,Faixa seccionada,,
2021-02-19,sexta-feira ,19:25:00,COM VÍTIMA,SANTO AMARO,RUA,RUA CAPITAO LIMA,RUA,RUA DA FUNDICAO,TV GLOBO (AO LADO DA ANTENA),SANTO AMARO,,PRC TREZE DE MAIO,COLISÃO COM CICLISTA,1,0,0,1,0,0,0,0,0,2,0,Cruzamento,Bom,Não existe,Perfeito estado,Seca,Perfeito estado,Faixa de pedestre,"Placas ""Pare""",,Dupla,Faixa contínua,,
2021-02-19,sexta-feira ,19:53:00,COM VÍTIMA,MADALENA,RUA,RUA PROFESSOR JOSE TORRES PIRES,AVENIDA,AVENIDA BEIRA RIO,EDIF. QUINTA BEIRA RIO,MADALENA,,TORRE,COLISÃO LATERAL,1,1,0,0,0,0,0,0,0,2,0,Longo da via,Bom,Não existe,Perfeito estado,Seca,Perfeito estado,Não existe,Não hA placas,,Única,Faixa seccionada,,
2021-02-20,sábado ,10:22:00,SEM VÍTIMA,JORDAO,RUA,RUA ESCOLA DE SAGRES,,,EM FRENTE A IGREJA UNIVERSAL /   E A SECRETARIA DE DEFESA SOCIAL,JORDÃO,,,COLISÃO,2,0,0,0,0,0,0,0,0,0,0,,,,,,,,,,,,,
2021-02-20,sábado ,11:50:00,COM VÍTIMA,IPUTINGA,AVENIDA,AVENIDA MAURICIO DE NASSAU,,,LOGO APOS O PARQUE MUNICIPAL CAIARA,IPUTINGA,,CIDADE,COLISÃO TRANSVERSAL,1,1,0,0,0,0,0,0,0,1,0,Longo da via,Bom,Não existe,Não existente,Seca,Perfeito estado,Não existe,Não hA placas,40 km/h,Dupla,Faixa contínua,,
2021-02-20,sábado ,14:00:00,COM VÍTIMA,IMBIRIBEIRA,AVENIDA,AVENIDA MARECHAL MASCARENHAS DE MORAES,,,AO LADO DA FACULDADE UNIVERSO. EM FRENTE A CONCESSIONARIA LAND ROVER.,IMBIRIBEIRA,289,CIDADE,COLISÃO TRASEIRA,1,1,0,0,0,0,0,0,0,1,0,Longo da via,Bom,Sem defeito,Perfeito estado,Seca,Perfeito estado,Faixa de pedestre,R-6a,60 km/h,Dupla,Faixa seccionada,Canteiro central,
2021-02-20,sábado ,20:10:00,SEM VÍTIMA,BOA VIAGEM,RUA,RUA CAMBOIM,RUA,RUA DEZ DE JULHO,PRÓX A MAISON CRISTAL RECEPÇÕES,BOA VIAGEM,,,COLISÃO,2,0,0,0,0,0,0,0,0,0,0,,,,,,,,,,,,,
2021-02-20,sábado ,23:24:40,SEM VÍTIMA,ESTANCIA,AVENIDA,AVENIDA DR JOSE RUFINO,,,PRÓX AO COLÉGIO VISÃO,ESTÂNCIA,,,COLISÃO,9,1,0,0,0,0,0,0,0,0,0,,,,,,,,,,,,,
2021-02-21,domingo ,06:55:00,COM VÍTIMA,VARZEA,RUA,RUA ACADEMICO HELIO RAMOS,,,"EM FRENTE A IGREJA ASSEMBLEIA DE DEUS, AO LADO CEMITERIO",VARZEA,,,COLISÃO LATERAL,0,1,0,0,0,1,0,0,0,1,0,Longo da via,Bom,Sem defeito,Não existente,Seca,Perfeito estado,Não existe,Não hA placas,,Dupla,Faixa seccionada,,
2021-02-21,domingo ,11:16:00,SEM VÍTIMA,HIPODROMO,RUA,RUA PROFESSOR JERONIMO GUEIROS,RUA,RUA PROFESSOR JOSE CARNEIRO,,HIPÓDROMO,,,COLISÃO TRASEIRA,1,1,0,0,0,0,0,0,0,0,0,Longo da via,Bom,Não existe,Perfeito estado,Seca,Perfeito estado,Não existe,Não hA placas,40 km/h,Dupla,Não existe,,
2021-02-21,domingo ,15:11:00,SEM VÍTIMA,GUABIRABA,EST,EST DOS MACACOS,,,SOB O PONTILHÃO,GUABIRABA,,CIDADE,COLISÃO LATERAL,0,1,0,0,0,0,0,1,0,0,0,Longo da via,Bom,Sem defeito,Perfeito estado,Seca,,Não existe,Não hA placas,,Dupla,Não existe,,