data,dia_semana,hora,natureza,bairro,logradouro_endereco,endereco,logradouro_detalhe_endereco,detalhe_endereco_acidente,complemento,bairro_cruzamento,num_semaforo,sentido_via,tipo,auto,moto,ciclom,ciclista,pedestre,onibus,caminhao,viatura,outros,vitimas,vitimasfatais,acidente_verificado,tempo_clima,situacao_semaforo,sinalizacao,condicao_via,conservacao_via,ponto_controle,situacao_placa,velocidade_max_via,mao_direcao,divisao_via1,divisao_via2,divisao_via3
2021-02-21,domingo ,16:11:00,COM VÍTIMA,IMBIRIBEIRA,RUA,RUA ALAMEDA DAS HORTENCIAS,,,PROXIMO AO COLEGIO MOTIVO,IMBIRIBEIRA,,,COLISÃO,1,1,0,0,0,0,0,0,0,2,0,,,,,,,,,,,,,
2021-02-21,domingo ,19:40:00,COM VÍTIMA,BREJO DA GUABIRABA,AVENIDA,AVENIDA VEREADOR OTACILIO AZEVEDO,RUA,RUA SENHOR DO BONFIM,PROX. A GARAGEM DA GLOBO. CRUZAMENTO COM A TRAVESSA DO SENHOR DO BONFIM.,BREJO DA GUABIRABA,,SUBURBIO,COLISÃO TRANSVERSAL,0,2,0,0,0,0,0,0,0,1,0,Longo da via,Bom,Não existe,Perfeito estado,Seca,Perfeito estado,Não existe,Outras,30 km/h,Dupla,Não existe,,
2021-02-21,domingo ,20:39:40,COM VÍTIMA,NOVA DESCOBERTA,RUA,RUA CORREGO DA AREIA,,,ESCOLA MUNICIPAL CASA AMARELA,NOVA DESCOBERTA,,,COLISÃO,1,1,0,0,0,0,0,0,0,1,0,,,,,,,,,,,,,
2021-02-21,domingo ,21:04:40,SEM VÍTIMA,PORTO DA MADEIRA,LAD,LAD DO SAPOTI,AVENIDA,AVENIDA BEBERIBE,PROX. AO BAR DA FAVA,PORTO DA MADEIRA,,,COLISÃO,2,0,0,0,0,0,0,0,0,0,0,,,,,,,,,,,,,
2021-02-22,segunda-feira ,07:14:00,COM VÍTIMA,BOA VIAGEM,AVENIDA,AVENIDA CONSELHEIRO AGUIAR,RUA,RUA PROFESSOR JOSE BRANDAO,EM FRENTE A CLINICA  ARMINDO MOURA,BOA VIAGEM,549,,COLISÃO TRANSVERSAL,1,1,0,0,0,0,0,0,0,1,0,Longo da via,Bom,Sem defeito,Perfeito estado,Seca,Perfeito estado,Outros,Não hA placas,,Única,,,
2021-02-22,segunda-feira ,07:20:00,COM VÍTIMA,ILHA DO RETIRO,RUA,RUA SPORT CLUBE DO RECIFE,,,SOBRE O VIADUTO CHICO SCIENCE,ILHA DO RETIRO,,CIDADE,TOMBAMENTO,0,1,0,0,0,0,0,0,0,1,0,Ponte,Bom,Não existe,Perfeito estado,Seca,Perfeito estado,Não existe,Não hA placas,,Dupla,Faixa contínua,,
2021-02-22,segunda-feira ,08:05:00,COM VÍTIMA,MONTEIRO,AVENIDA,AVENIDA DEZESSETE DE AGOSTO,,,EM FRENTE A PRAÇA DO MONTEIRO E A ESCOLA SIVA JARDIM E CLUBE DEZESSETE.,MONTEIRO,,SUBURBIO,COLISÃO TRASEIRA,1,1,0,0,0,0,0,0,0,1,0,Longo da via,Bom,Sem defeito,Perfeito estado,Seca,Perfeito estado,Faixa de pedestre,R-6a,60 km/h,,Faixa contínua,,
2021-02-22,segunda-feira ,08:52:00,COM VÍTIMA,ARRUDA,RUA,RUA DO TRIUNFO,RUA,RUA BOM CONSELHO,,ARRUDA,,SUBURBIO,COLISÃO LATERAL,1,1,0,0,0,0,0,0,0,2,0,Cruzamento,Bom,Não existe,Não existente,Seca,Perfeito estado,Não existe,Não hA placas,,Dupla,Não existe,,
2021-02-22,segunda-feira ,09:27:00,COM VÍTIMA,TAMARINEIRA,AVENIDA,AVENIDA NORTE,,,100 METROS ANTES DA RUA CÔNEGO BARATA (SENTIDO CENTRO). ATLANTA COLCHÕES.,TAMARINEIRA,62,CIDADE,COLISÃO LATERAL,1,1,0,0,0,0,0,0,0,1,0,Longo da via,Bom,Sem defeito,Perfeito estado,Seca,Perfeito estado,Faixa de pedestre,Outras,,Dupla,Faixa contínua,Faixa seccionada,Canteiro central
2021-02-22,segunda-feira ,10:27:00,COM VÍTIMA,CAMPINA DO BARRETO,RUA,RUA DAS MOCAS,RUA,RUA DOS PEIXINHOS,PROX A CHURRASCARIA VERONA E CLAUDIO BAR.,CAMPINA DO BARRETO,,SUBURBIO,COLISÃO TRANSVERSAL,1,0,0,0,0,1,0,0,0,1,0,Cruzamento,Bom,Não existe,Perfeito estado,Seca,Perfeito estado,Faixa de retenção,,30 km/h,Dupla,Faixa seccionada,,
2021-02-22,segunda-feira ,12:22:00,COM VÍTIMA,AFOGADOS,RUA,RUA SAO MIGUEL,,,"EM FRENTE AO POSTO DE COMBUSTÍVEIS, DISLUB",AFOGADOS,,SUBURBIO,COLISÃO LATERAL,1,1,0,0,0,0,0,0,0,1,0,Longo da via,Bom,Não existe,Perfeito estado,Seca,Perfeito estado,Faixa de pedestre,Outras,50 km/h,Dupla,Faixa seccionada,,
2021-02-22,segunda-feira ,13:13:00,SEM VÍTIMA,BOA VIAGEM,RUA,RUA FELIX DE BRITO E MELO,,,HOTEL ACONCHEGO  RECIFE,BOA VIAGEM,,CIDADE,COLISÃO TRASEIRA,2,0,0,0,0,0,0,0,0,0,0,Longo da via,Bom,Sem defeito,Perfeito estado,Seca,Perfeito estado,Não existe,R-6a,,Única,Faixa seccionada,,
2021-02-22,segunda-feira ,13:47:00,COM VÍTIMA,TORRE,RUA,RUA MARQUES DE MARICA,RUA,RUA SOUZA BANDEIRA,"APOS A IGREJA CATOLICA DA TORRE, PRIMEIRA RUA A DIREITA",TORRE,317,SUBURBIO,COLISÃO TRANSVERSAL,1,1,0,0,0,0,0,0,0,1,0,Cruzamento,Bom,Sem defeito,Perfeito estado,Seca,Perfeito estado,Faixa de pedestre,Não hA placas,,Dupla,,,
2021-02-22,segunda-feira ,16:38:00,SEM VÍTIMA,BOA VIAGEM,RUA,RUA DOS NAVEGANTES,,,PRÓXIMO AO EDIFÍCIO VITÓRIA REGIA,BOA VIAGEM,,SUBURBIO,COLISÃO LATERAL,2,0,0,0,0,0,0,0,0,0,0,Longo da via,Bom,Não existe,Perfeito estado,Seca,Perfeito estado,Não existe,Não hA placas,,Única,Não existe,,
2021-02-22,segunda-feira ,17:16:00,COM VÍTIMA,SANTO AMARO,AVENIDA,AVENIDA ENGENHEIRO AGAMENON DE MAGALHAES MELO,AVENIDA,AVENIDA DR JAYME DA FONTE,PROX A DELEGACIA DE ROUBOS E FURTOS / PROX AO CAMPO DO 11,SANTO AMARO,49,SUBURBIO,COLISÃO TRANSVERSAL,1,1,0,0,0,0,0,0,0,1,0,Cruzamento,Bom,Sem defeito,Perfeito estado,Seca,Perfeito estado,Faixa de pedestre,Outras,60 km/h,Dupla,Canal,,
2021-02-22,segunda-feira ,20:56:00,COM VÍTIMA,COHAB,RUA,RUA DR BENIGNO JORDAO DE VASCONCELOS,,,PROX A UPA LAGOA ENCANTADA / ESCOLA MARIA AUXILIADORA,COHAB,,SUBURBIO,COLISÃO FRONTAL,2,0,0,0,0,0,0,0,0,1,0,Longo da via,Bom,Não existe,Perfeito estado,Seca,Perfeito estado,Não existe,Não hA placas,,Dupla,Faixa seccionada,,
2021-02-23,terça-feira ,07:56:00,SEM VÍTIMA,SANTO AMARO,AVENIDA,AVENIDA CRUZ CABUGA,,,EM FRENTE AO ARMAZÉM CORAL,SANTO AMARO,,CIDADE,COLISÃO LATERAL,1,1,0,0,0,0,0,0,0,0,0,Longo da via,Bom,Não existe,Perfeito estado,Seca,Perfeito estado,Não existe,R-6a,,Dupla,Faixa contínua,,
2021-02-23,terça-feira ,08:02:00,COM VÍTIMA,SAN MARTIN,AVENIDA,AVENIDA GENERAL SAN MARTIN,,,EM  FRENTE A  MUG  SORVETERIA  E CENTRO AUTOMOTIVO.,SAN MARTIN,,CIDADE,COLISÃO FRONTAL,1,1,0,0,0,0,0,0,0,1,0,Longo da via,Bom,Não existe,Perfeito estado,Seca,Perfeito estado,Não existe,Não hA placas,,Dupla,Faixa contínua,,
2021-02-23,terça-feira ,08:27:00,COM VÍTIMA,ENCRUZILHADA,AVENIDA,AVENIDA BEBERIBE,RUA,RUA FERNANDO CESAR,AO LADO DO BANCO DO BRASIL,ENCRUZILHADA,238,CIDADE,COLISÃO LATERAL,2,0,0,0,0,0,0,0,0,1,0,Longo da via,Bom,Sem defeito,Perfeito estado,Seca,Perfeito estado,Não existe,,40 km/h,Dupla,Faixa contínua,,
2021-02-23,terça-feira ,08:28:00,COM VÍTIMA,IBURA,AVENIDA,AVENIDA DOM HELDER CAMARA,,,,IBURA,,SUBURBIO,COLISÃO LATERAL,1,1,0,0,0,0,0,0,0,1,0,Longo da via,Bom,Não existe,Não existente,Seca,Mal conservada,Não existe,Não hA placas,,Única,Não existe,,
2021-02-23,terça-feira ,08:31:00,COM VÍTIMA,CORDEIRO,AVENIDA,AVENIDA CAXANGA,,,EM  FRENTE  A  OFICINA   KI  PEÇAS . POSTE B052840.,CORDEIRO,,CIDADE,COLISÃO FRONTAL,1,1,0,0,0,0,0,0,0,1,0,Longo da via,Bom,Sem defeito,Perfeito estado,Seca,Perfeito estado,Faixa de pedestre,R-6a,60 km/h,Dupla,Canteiro central,,
2021-02-23,terça-feira ,10:13:00,COM VÍTIMA,BOA VIAGEM,RUA,RUA RIBEIRO DE BRITO,RUA,RUA CORONEL ANIZIO RODRIGUES COELHO,"PROX. AO RESTAURANTE CARCARA, AO LADO DO POSTO DE GASOLINA BR",BOA VIAGEM,,SUBURBIO,COLISÃO COM CICLISTA,1,0,0,1,0,0,0,0,0,1,0,Cruzamento,Bom,Não existe,Perfeito estado,Seca,Perfeito estado,Não existe,Outras,40 km/h,Única,Não existe,,
2021-02-23,terça-feira ,11:53:00,SEM VÍTIMA,SANTO ANTONIO,RUA,RUA DO SOL,AVENIDA,AVENIDA GUARARAPES,AGÊNCIA DOS CORREIOS,SANTO ANTÔNIO,14,,COLISÃO LATERAL,1,0,0,0,0,0,1,0,0,0,0,Cruzamento,Bom,Sem defeito,Perfeito estado,Seca,Perfeito estado,Faixa de pedestre,Não hA placas,40 km/h,Única,Faixa contínua,,
2021-02-23,terça-feira ,12:33:00,COM VÍTIMA,ENCRUZILHADA,AVENIDA,AVENIDA NORTE,,,"LADO OPOSTO A RENAULT,  SENTIDO  CENTRO",ENCRUZILHADA,,,COLISÃO,1,1,0,0,0,0,0,0,0,1,0,,,,,,,,,,,,,
2021-02-23,terça-feira ,15:39:00,SEM VÍTIMA,AFOGADOS,AVENIDA,AVENIDA SUL,,,PX A POLICLINICA AGAMENON MAGALHÃES,AFOGADOS,,,COLISÃO,0,0,0,0,0,0,0,0,0,0,0,,,,,,,,,,,,,
2021-02-23,terça-feira ,17:39:00,COM VÍTIMA,ARRUDA,RUA,RUA MEM DE SA,,,EM FRENTE A COCA-COLA,ARRUDA,,,COLISÃO,1,1,0,0,0,0,0,0,0,1,0,Longo da via,Bom,Não existe,Perfeito estado,Seca,Perfeito estado,Não existe,Não hA placas,40 km/h,Dupla,Não existe,,
2021-02-23,terça-feira ,19:26:00,COM VÍTIMA,IMBIRIBEIRA,RUA,RUA ITAJAI,,,FACULDADE BOA VIAGEM,IMBIRIBEIRA,,SUBURBIO,COLISÃO FRONTAL,1,1,0,0,0,0,0,0,0,1,0,Longo da via,Bom,Não existe,,Seca,Perfeito estado,Não existe,Não hA placas,30 km/h,Dupla,Não existe,,
2021-02-24,quarta-feira ,14:49:00,SEM VÍTIMA,ILHA JOANA BEZERRA,AVENIDA,AVENIDA CENTRAL,,,EM FRENTE AO COMPAZ DO COQUE,ILHA JOANA BEZERRA,,CIDADE,COLISÃO LATERAL,1,1,0,0,0,0,0,0,0,0,0,Longo da via,Bom,Não existe,Perfeito estado,Seca,Perfeito estado,,,,Dupla,,,
2021-02-24,quarta-feira ,18:36:00,COM VÍTIMA,IMBIRIBEIRA,AVENIDA,AVENIDA TANCREDO NEVES,,,SOBRE O VIADUTO TANCREDO NEVES (SENTIDO BOA VIAGEM),IMBIRIBEIRA,,CIDADE,COLISÃO LATERAL,0,2,0,0,0,0,0,0,0,2,0,Viaduto,Bom,Não existe,Não existente,Seca,Perfeito estado,Não existe,Não hA placas,,Dupla,Canteiro central,,
2021-02-24,quarta-feira ,22:41:40,SEM VÍTIMA,TORRE,RUA,RUA CONDE DE IRAJA,AVENIDA,AVENIDA BEIRA RIO,,TORRE,,,COLISÃO,2,0,0,0,0,0,0,0,0,0,0,,,,,,,,,,,,,
2021-02-25,quinta-feira ,12:44:00,COM VÍTIMA,SANTO AMARO,RUA,RUA DOS PALMARES,,,,SANTO AMARO,,CIDADE,COLISÃO LATERAL,1,1,0,0,0,0,0,0,0,1,0,Longo da via,Bom,Não existe,Perfeito estado,Seca,Perfeito estado,Não existe,Não hA placas,,Dupla,Canteiro central,,
2021-02-25,quinta-feira ,16:17:00,COM VÍTIMA,BOA VIAGEM,RUA,RUA BARAO DE SOUZA LEAO,RUA,RUA RIO AZUL,,BOA VIAGEM,476,SUBURBIO,COLISÃO TRANSVERSAL,1,1,0,0,0,0,0,0,0,1,0,Cruzamento,Bom,Sem defeito,Perfeito estado,Seca,Perfeito estado,Faixa de pedestre,Outras,,Única,Faixa contínua,Faixa seccionada,
2021-02-26,sexta-feira ,07:30:00,COM VÍTIMA,CASA FORTE,RUA,RUA DONA ADA VIEIRA,RUA,RUA DONA ADA VIEIRA,EM FRENTE PIZZARIA HUNT,CASA FORTE,,CIDADE,COLISÃO TRANSVERSAL,1,1,0,0,0,0,0,0,0,1,0,Esquina,Chuvoso,Não existe,Perfeito estado,Molhada,Perfeito estado,Não existe,R-6a,,Dupla,Faixa contínua,,
2021-02-26,sexta-feira ,11:36:00,SEM VÍTIMA,DERBY,AVENIDA,AVENIDA GOVERNADOR AGAMENON MAGALHAES,AVENIDA,AVENIDA RUI BARBOSA,EM FRENTE AO TRE,DERBY,37,BOA  VIAGEM,COLISÃO,1,0,0,0,0,0,0,1,0,0,0,,,,,,,,,,,,,
2021-02-26,sexta-feira ,14:06:00,SEM VÍTIMA,IPSEP,RUA,RUA POTENGY,,,,IPSEP,,,COLISÃO,0,1,0,0,0,0,0,1,0,0,0,,,,,,,,,,,,,
2021-02-26,sexta-feira ,15:25:00,COM VÍTIMA,MANGABEIRA,AVENIDA,AVENIDA NORTE,AVENIDA,AVENIDA PROFESSOR JOSE DOS ANJOS,,MANGABEIRA,364,CIDADE,COLISÃO,2,1,0,0,0,0,0,0,0,1,0,Cruzamento,Chuvoso,Sem defeito,Perfeito estado,Molhada,Perfeito estado,Faixa de pedestre,R-6c,,Dupla,Faixa contínua,,
2021-02-26,sexta-feira ,17:07:00,COM VÍTIMA,TAMARINEIRA,RUA,RUA IBIAPABA,RUA,RUA JUNDIA,EM FRENTE AO ESTACIONAMENTO DA FERREIRA COSTA,TAMARINEIRA,,SUBURBIO,COLISÃO FRONTAL,1,1,0,0,0,0,0,0,0,1,0,Esquina,Chuvoso,Não existe,Perfeito estado,Seca,Perfeito estado,Faixa de pedestre,"Placas ""Pare""",,Dupla,Faixa seccionada,,
2021-02-26,sexta-feira ,17:56:00,COM VÍTIMA,GRACAS,RUA,RUA DAS GRACAS,AVENIDA,AVENIDA RUI BARBOSA,,GRAÇAS,562,CIDADE,COLISÃO TRASEIRA,1,0,0,0,0,2,0,0,0,4,0,Longo da via,Chuvoso,Intermitente,Perfeito estado,Molhada,Perfeito estado,Faixa de pedestre,R-6a,,Única,Faixa contínua,,
2021-02-26,sexta-feira ,20:47:00,SEM VÍTIMA,SANTO AMARO,AVENIDA,AVENIDA GOVERNADOR AGAMENON MAGALHAES,,,"PROXIMO DO SHOPPING TACARUNA, PISTA LOCAL, AO LADO DO POSTO PETROBRAS BR",SANTO AMARO,,SUBURBIO,COLISÃO,2,0,0,0,0,0,0,0,0,0,0,,,,,,,,,,,,,
2021-02-26,sexta-feira ,22:40:40,SEM VÍTIMA,IPSEP,AVENIDA,AVENIDA RECIFE,RUA,RUA JEAN EMILE FAVRE,PRÓX A PADARIA VILA DO PÃO,IPSEP,,,COLISÃO,2,0,0,0,0,0,0,0,0,0,0,,,,,,,,,,,,,
2021-02-27,sábado ,13:30:00,COM VÍTIMA,IPSEP,AVENIDA,AVENIDA RECIFE,,,"SOBRE A PONTE DO CAÇOTE,SENTIDO CEASA",IPSEP,,SUBURBIO,COLISÃO TRASEIRA,1,1,0,0,0,0,0,0,0,1,0,Longo da via,Bom,,Perfeito estado,Seca,Perfeito estado,,Não hA placas,,Dupla,Canteiro central,,
2021-02-27,sábado ,15:00:00,COM VÍTIMA,BRASILIA TEIMOSA,RUA,RUA FRANCISCO VALPASSOS,,,PROXIMO AO BAR DO DE GILMAR,BRASÍLIA TEIMOSA,,,COLISÃO,1,1,0,0,0,0,0,0,0,1,0,,,,,,,,,,,,,
2021-02-27,sábado ,16:27:00,SEM VÍTIMA,COELHOS,AVENIDA,AVENIDA AGOSTINHO GOMES,,,"NA DESCIDA DO VIADULTO  JOAQUIM CARDOSO, SENTIDO JOANA BEZERRA",COELHOS,,,COLISÃO,1,0,0,0,0,0,0,1,0,0,0,,,,,,,,,,,,,
2021-02-27,sábado ,18:59:00,COM VÍTIMA,BOA VIAGEM,RUA,RUA JOSE DOMINGUES DA SILVA,RUA,RUA BELMONTE,"E/F A FARMACIA PERMANENTE, PRÓX A PAGUE MENOS",BOA VIAGEM,,,COLISÃO TRANSVERSAL,1,1,0,0,0,0,1,0,0,1,0,Cruzamento,Bom,Sem defeito,Perfeito estado,Seca,Perfeito estado,Não existe,"Placas ""Pare""",,Dupla,Faixa seccionada,,
2021-02-28,domingo ,06:53:00,SEM VÍTIMA,BAIRRO DO RECIFE,AVENIDA,AVENIDA MARTINS DE BARROS,RUA,RUA SIQUEIRA CAMPOS,EM FRENTE A PARADA DO BRT / PROX AO SANTANDER,BAIRRO DO RECIFE,,,CHOQUE,0,0,0,0,0,1,0,1,0,0,0,,,,,,,,,,,,,
2021-02-28,domingo ,09:29:00,SEM VÍTIMA,ENCRUZILHADA,AVENIDA,AVENIDA NORTE,,,APOS CRUZAMENTO DA RUA JOSÉ DE SA CARNEIRO,ENCRUZILHADA,,,COLISÃO,2,0,0,0,0,0,0,0,0,0,0,,,,,,,,,,,,,
2021-02-28,domingo ,14:10:00,COM VÍTIMA,CAXANGA,AVENIDA,AVENIDA CAXANGA,RUA,RUA MANOEL MOREIRA,EM FRENTE AO TERMINAL III PERIMETRAL,CAXANGA,591,CIDADE,COLISÃO TRASEIRA,1,1,0,0,0,0,0,0,0,1,0,Longo da via,Bom,Sem defeito,Perfeito estado,Seca,Perfeito estado,Outros,Outras,,Dupla,Faixa seccionada,Canteiro central,
2021-02-28,domingo ,16:37:00,SEM VÍTIMA,AFOGADOS,RUA,RUA SAO MIGUEL,,,PRÓX AO DEPATRI,AFOGADOS,,,COLISÃO,2,0,0,0,0,0,0,0,0,0,0,,,,,,,,,,,,,
2021-02-28,domingo ,18:36:00,SEM VÍTIMA,VARZEA,RUA,RUA JOSE ANTONIO DA COSTA FILHO,,,EM FRENTE AO PASTEL DE LEDA,VARZEA,,,CHOQUE,0,0,0,0,0,0,0,0,0,0,0,,,,,,,,,,,,,
2021-02-28,domingo ,19:50:00,COM VÍTIMA,IPSEP,RUA,RUA PAMPULHA,RUA,RUA CACHOEIRA,,IPSEP,,SUBURBIO,COLISÃO COM CICLISTA,1,0,0,1,0,0,0,0,0,1,0,Cruzamento,Bom,Não existe,Perfeito estado,Seca,Perfeito estado,Faixa de retenção,"Placas ""Pare""",,Única,Faixa seccionada,,
2021-02-28,domingo ,19:51:00,SEM VÍTIMA,MADALENA,AVENIDA,AVENIDA BEIRA RIO,RUA,RUA DEMOSTENES DE OLINDA,PRAÇA PAULO FREIRE,MADALENA,689,,COLISÃO,2,0,0,0,0,0,0,0,0,0,0,,,,,,,,,,,,,
2021-02-28,domingo ,21:02:40,COM VÍTIMA,ENCRUZILHADA,EST,EST DE BELEM,RUA,RUA ANTONIO RANGEL,PROX AO MERCADO QUITANDARIA,ENCRUZILHADA,,,COLISÃO,1,1,0,0,0,0,0,0,0,2,0,,,,,,,,,,,,,
2021-03-01,segunda-feira ,00:11:00,SEM VÍTIMA,BOA VIAGEM,AVENIDA,AVENIDA MARECHAL JUAREZ TAVORA,,,PRÓXIMO AO MOTEL FÓRUM,BOA VIAGEM,,,COLISÃO,0,0,0,0,0,0,0,0,0,0,0,,,,,,,,,,,,,
2021-03-01,segunda-feira ,06:43:00,COM VÍTIMA,PRADO,AVENIDA,AVENIDA ENGENHEIRO ABDIAS DE CARVALHO,RUA,RUA DONA MARIA AUGUSTA NOGUEIRA,EM FRENTE AO POSTO DE GASOLINA BR,PRADO,,CIDADE,COLISÃO LATERAL,1,1,0,0,0,0,0,0,0,1,0,Cruzamento,Chuvoso,Não existe,Incompleta,Molhada,Perfeito estado,Não existe,R-19,60 km/h,Única,Faixa seccionada,Canteiro central,
2021-03-01,segunda-feira ,07:31:00,COM VÍTIMA,CORDEIRO,AVENIDA,AVENIDA GENERAL SAN MARTIN,,,PROX  AO  GETULIO  VARGAS  EM  FRENTE  A  LOJA  COLORATA,CORDEIRO,,CIDADE,COLISÃO TRANSVERSAL,1,1,0,0,0,0,0,0,0,1,0,Longo da via,Chuvoso,Não existe,Perfeito estado,Molhada,Perfeito estado,Não existe,,,Dupla,Faixa contínua,,
2021-03-01,segunda-feira ,09:53:00,COM VÍTIMA,NOVA DESCOBERTA,RUA,RUA CORREGO DA AREIA,,,E/F A IGREJA PENTECOSTAL BOAS NOVAS,NOVA DESCOBERTA,,SUBURBIO,COLISÃO TRASEIRA,1,1,0,0,0,0,0,0,0,2,0,Longo da via,Chuvoso,Não existe,Perfeito estado,Molhada,Perfeito estado,Não existe,Não hA placas,40 km/h,Dupla,Faixa seccionada,,
2021-03-01,segunda-feira ,10:20:00,COM VÍTIMA,AREIAS,AVENIDA,AVENIDA RECIFE,,,EM  FRENTE  AO  SUPERMERCADO    BIG  BOM PREÇO  NO SENTIDO  CAXANGA,AREIAS,494,SUBURBIO,COLISÃO TRASEIRA,1,1,0,0,0,0,0,0,0,1,0,Longo da via,Chuvoso,Sem defeito,Perfeito estado,Molhada,Perfeito estado,Faixa de pedestre,Não hA placas,60 km/h,Única,Faixa seccionada,,
2021-03-01,segunda-feira ,13:44:00,COM VÍTIMA,BOA VIAGEM,RUA,RUA CAPITAO ZUZINHA,,,AUTO ESCOLA PILOTO,BOA VIAGEM,,BOA VIAGEM,QUEDA,0,1,0,0,0,0,0,0,0,1,0,Longo da via,Chuvoso,Não existe,Perfeito estado,Molhada,Perfeito estado,Faixa de pedestre,Não hA placas,,Única,Faixa seccionada,,
2021-03-01,segunda-feira ,16:29:00,COM VÍTIMA,CORDEIRO,RUA,RUA DR MIGUEL VIEIRA FERREIRA,RUA,RUA CLAUDIO BROTHERHOOD,EM FRENTE A GRAFICA CAMPELO COMUNICAÇÕES E PROXIMO A BETO BEBIDAS,CORDEIRO,,SUBURBIO,COLISÃO TRANSVERSAL,1,1,0,0,0,0,0,0,0,2,0,Cruzamento,Chuvoso,Não existe,Não existente,Molhada,Perfeito estado,Faixa de pedestre,Não hA placas,,Dupla,Faixa contínua,,
2021-03-01,segunda-feira ,17:07:00,COM VÍTIMA,AFOGADOS,RUA,RUA VINTE E UM DE ABRIL,,,EM FRENTE A PADARIA IPIRANGA,AFOGADOS,,SUBURBIO,COLISÃO TRANSVERSAL,1,1,0,0,0,0,0,0,0,1,0,Longo da via,Chuvoso,Não existe,Não existente,Molhada,Perfeito estado,Não existe,Não hA placas,,Dupla,Não existe,,
2021-03-01,segunda-feira ,19:23:00,COM VÍTIMA,LINHA DO TIRO,RUA,RUA CORREGO DO EUCLIDES,,,PROX AO TERMINAL DE ONIBUS DO BREJO,LINHA DO TIRO,,CIDADE,COLISÃO FRONTAL,1,1,0,0,0,0,0,0,0,1,0,Longo da via,Chuvoso,Não existe,Não existente,Molhada,Perfeito estado,Não existe,Não hA placas,,Dupla,Não existe,,
2021-03-02,terça-feira ,07:17:00,SEM VÍTIMA,SAN MARTIN,AVENIDA,AVENIDA GENERAL SAN MARTIN,RUA,RUA GOMES TABORDA,SOB O SEMAFORO 068,SAN MARTIN,68,,COLISÃO LATERAL,0,0,0,0,0,0,0,0,0,0,0,,,,,,,,,,,,,
2021-03-02,terça-feira ,07:20:00,SEM VÍTIMA,MACAXEIRA,AVENIDA,AVENIDA NORTE,,,PARQUE DA MACAXEIRA,MACAXEIRA,,,MONITORAMENTO,0,0,0,0,0,0,0,0,0,0,0,,,,,,,,,,,,,
2021-03-02,terça-feira ,07:23:00,COM VÍTIMA,VASCO DA GAMA,AVENIDA,AVENIDA NORTE,RUA,RUA VASCO DA GAMA,EM FRENTE A YAMAHA,VASCO DA GAMA,66,SUBURBIO,COLISÃO LATERAL,0,1,0,0,0,1,0,0,0,1,0,Cruzamento,Bom,Sem defeito,Perfeito estado,Seca,Perfeito estado,,Não hA placas,60 km/h,Dupla,Canteiro central,,
2021-03-02,terça-feira ,08:34:00,COM VÍTIMA,CORDEIRO,EST,EST DO FORTE DO ARRAIAL N. DO B. JESUS,,,EM FRENTE AO DEPOSITO DE GAS,CORDEIRO,,CIDADE,COLISÃO COM CICLISTA,0,1,0,1,0,0,0,0,0,1,0,Longo da via,Bom,Não existe,Perfeito estado,Seca,Perfeito estado,Não existe,Não hA placas,,Dupla,Faixa contínua,,
2021-03-02,terça-feira ,09:14:00,COM VÍTIMA,BEBERIBE,AVENIDA,AVENIDA BEBERIBE,,,EM FRENTE ZAP MOVEIS,BEBERIBE,,CIDADE,COLISÃO FRONTAL,1,1,0,0,0,0,0,0,0,1,0,Longo da via,Bom,Não existe,Perfeito estado,Seca,Perfeito estado,Não existe,Não hA placas,,Dupla,Faixa contínua,,
2021-03-02,terça-feira ,10:33:00,COM VÍTIMA,CAMPO GRANDE,RUA,RUA JERONIMO VILELA,,,"APÓS A PADARIA SANTO ANTONIO  ,SENTIDO ESTRADA BELEM",CAMPO GRANDE,,CIDADE,COLISÃO TRASEIRA,1,1,0,0,0,0,0,0,0,1,0,Longo da via,Bom,Não existe,Perfeito estado,Seca,Perfeito estado,Não existe,Outras,,Dupla,Faixa seccionada,,
2021-03-02,terça-feira ,14:49:00,COM VÍTIMA,AREIAS,RUA,RUA CAMBUCA,RUA,RUA OITICICA LINS,EM FRENTE AO SUPERMERCADO COBAL,AREIAS,,SUBURBIO,COLISÃO TRANSVERSAL,1,1,0,0,0,0,0,0,0,1,0,Cruzamento,Bom,Não existe,Ilegível,Seca,Perfeito estado,Não existe,"Placas ""Pare""",40 km/h,Dupla,Não existe,,
2021-03-02,terça-feira ,17:00:00,COM VÍTIMA,ESTANCIA,AVENIDA,AVENIDA DR JOSE RUFINO,,,AO LADO DA ANTIGA FABRICA YOLANDA,ESTÂNCIA,,CIDADE,COLISÃO LATERAL,0,2,0,0,0,0,0,0,0,2,0,Longo da via,Bom,Não existe,Perfeito estado,Seca,Perfeito estado,Não existe,Não hA placas,60 km/h,Dupla,Faixa contínua,,
2021-03-02,terça-feira ,19:46:00,COM VÍTIMA,MADALENA,RUA,RUA MANOEL BERNARDES,,,PRÓX A PRAÇA CALAZANS,MADALENA,,SUBURBIO,ATROPELAMENTO DE PESSOA,1,0,0,0,1,0,0,0,0,1,0,Outros,Bom,Não existe,Perfeito estado,Seca,Perfeito estado,Não existe,Não hA placas,,Dupla,Não existe,,
2021-03-02,terça-feira ,20:31:40,COM VÍTIMA,CASA AMARELA,AVENIDA,AVENIDA NORTE,RUA,RUA DA HARMONIA,FARMACIA BOM JESUS,CASA AMARELA,312,SUBURBIO,COLISÃO COM CICLISTA,1,0,0,1,0,0,0,0,0,1,0,Cruzamento,Bom,Sem defeito,Perfeito estado,Seca,Perfeito estado,Faixa de pedestre,"Placas ""Pare""",,Dupla,Canteiro central,,