data,dia_semana,hora,natureza,bairro,logradouro_endereco,endereco,logradouro_detalhe_endereco,detalhe_endereco_acidente,complemento,bairro_cruzamento,num_semaforo,sentido_via,tipo,auto,moto,ciclom,ciclista,pedestre,onibus,caminhao,viatura,outros,vitimas,vitimasfatais,acidente_verificado,tempo_clima,situacao_semaforo,sinalizacao,condicao_via,conservacao_via,ponto_controle,situacao_placa,velocidade_max_via,mao_direcao,divisao_via1,divisao_via2,divisao_via3
2021-03-03,quarta-feira ,09:29:00,SEM VÍTIMA,CAMPO GRANDE,RUA,RUA PRUDENTE DE MORAES,RUA,RUA CARLOS FERNANDES,E/F AO DEPOSITO DA ULTRAGAS,CAMPO GRANDE,,,COLISÃO,2,0,0,0,0,0,0,0,0,0,0,Cruzamento,Bom,Não existe,Perfeito estado,Seca,Perfeito estado,Faixa de retenção,"Placas ""Pare""",30km,Dupla,Faixa seccionada,,
2021-03-03,quarta-feira ,12:23:00,SEM VÍTIMA,JOANA BEZERRA,AVENIDA,AVENIDA GOVERNADOR AGAMENON MAGALHAES,,,"SOB O VIADULTO CAPITÃO TEMUDO, SENTIDO OLINDA",JOANA BEZERRA,,,COLISÃO,1,1,0,0,0,0,0,0,0,0,0,,,,,,,,,,,,,
2021-03-03,quarta-feira ,13:25:00,COM VÍTIMA,ZUMBI,AVENIDA,AVENIDA CAXANGA,,,EM FRENTE AO COMPAZ MIGUEL ARRAES,ZUMBI,,CIDADE,COLISÃO LATERAL,1,1,0,0,0,0,0,0,0,1,0,Longo da via,Bom,Não existe,Perfeito estado,Seca,Perfeito estado,Não existe,Outras,60 km/h,Dupla,Canteiro central,,
2021-03-03,quarta-feira ,13:35:00,COM VÍTIMA,IBURA,AVENIDA,AVENIDA DOIS RIOS,RUA,RUA RIO XINGU,POSTO PETROBRAS,IBURA,351,CIDADE,COLISÃO FRONTAL,1,1,0,0,0,0,0,0,0,2,0,Cruzamento,Bom,Sem defeito,Perfeito estado,Seca,Perfeito estado,Faixa de retenção,Não hA placas,,Dupla,Faixa contínua,,
2021-03-03,quarta-feira ,15:18:00,COM VÍTIMA,AFOGADOS,EST,EST DOS REMEDIOS,RUA,RUA CORONEL ALFREDO DUARTE,POSTO IPIRANGA,AFOGADOS,,CIDADE,COLISÃO LATERAL,1,1,0,0,0,0,0,0,0,1,0,Esquina,Bom,Não existe,Perfeito estado,Seca,Perfeito estado,Não existe,R-6a,,Única,Faixa seccionada,,
2021-03-03,quarta-feira ,16:35:00,COM VÍTIMA,BOMBA DO HEMETERIO,RUA,RUA JACOB,RUA,RUA DR JOSE FULCO,EM FRENTE AO ESPAÇO BELEZA MUNIZ CHIC,BOMBA DO HEMETÉRIO,,SUBURBIO,COLISÃO LATERAL,1,1,0,0,0,0,0,0,0,1,0,Longo da via,Bom,Não existe,Perfeito estado,Seca,Perfeito estado,Não existe,Outras,30 km/h,Dupla,Faixa seccionada,,
2021-03-03,quarta-feira ,16:52:00,COM VÍTIMA,BAIRRO DO RECIFE,AVENIDA,AVENIDA ALFREDO LISBOA,,,EM FRENTE A DELEGACIA DA MULHER,BAIRRO DO RECIFE,,SUBURBIO,COLISÃO LATERAL,0,2,0,0,0,0,0,0,0,1,0,Longo da via,Bom,Não existe,Perfeito estado,Seca,Perfeito estado,Não existe,Outras,,Única,Faixa seccionada,,
2021-03-03,quarta-feira ,18:11:00,COM VÍTIMA,CASA FORTE,AVENIDA,AVENIDA DEZESSETE DE AGOSTO,,,E/F A FARMACIA PAGUE MENOS,CASA FORTE,,SUBURBIO,COLISÃO LATERAL,1,1,0,0,0,0,0,0,0,1,0,Longo da via,Bom,Sem defeito,Perfeito estado,Seca,Perfeito estado,Não existe,R-6a,60 km/h,Dupla,Faixa contínua,,
2021-03-03,quarta-feira ,18:46:00,COM VÍTIMA,IPSEP,AVENIDA,AVENIDA RECIFE,,,NA ENTRADA DO IBURA / E/F A AUTO ESPORTE VEÍCULO E NOVA ERA,IPSEP,,,COLISÃO,1,1,0,0,0,0,0,0,0,2,0,,,,,,,,,,,,,
2021-03-04,quinta-feira ,07:44:00,COM VÍTIMA,SANTO AMARO,AVENIDA,AVENIDA GOVERNADOR AGAMENON MAGALHAES,,,RETORNO DA UPE,SANTO AMARO,108,SUBURBIO,COLISÃO LATERAL,1,1,0,0,0,0,0,0,0,2,0,Longo da via,Bom,Sem defeito,Perfeito estado,Seca,Perfeito estado,Faixa de pedestre,,60 km/h,Dupla,Faixa contínua,Canteiro central,
2021-03-04,quinta-feira ,14:39:00,COM VÍTIMA,IPSEP,RUA,RUA DR RAPOSO PINTO,RUA,RUA JACUNDA,PRÓX À CIDINHA DELICATESSEN E COLÉGIO WALT DISNEY,IPSEP,,SUBURBIO,COLISÃO LATERAL,1,1,0,0,0,0,0,0,0,1,0,Longo da via,Bom,Não existe,Perfeito estado,Seca,Perfeito estado,Não existe,,,Dupla,Faixa contínua,,
2021-03-04,quinta-feira ,15:09:00,SEM VÍTIMA,CASA AMARELA,AVENIDA,AVENIDA NORTE,,,EM FRENTE A POLICLÍNICA BARROS LIMA,CASA AMARELA,,,COLISÃO,3,0,0,0,0,0,0,0,0,0,0,Longo da via,Bom,Intermitente,Perfeito estado,Seca,Perfeito estado,Faixa de pedestre,Outras,n/i,Dupla,Canteiro central,,
2021-03-04,quinta-feira ,16:02:00,SEM VÍTIMA,TORROES,AVENIDA,AVENIDA ENGENHEIRO ABDIAS DE CARVALHO,,,PRAÇA DA CHESF,TORRÕES,,,COLISÃO,0,0,0,0,0,0,0,0,0,0,0,Longo da via,Bom,Sem defeito,Perfeito estado,Seca,Perfeito estado,Faixa de pedestre,Não hA placas,60KM/H,Única,Canteiro central,,
2021-03-04,quinta-feira ,17:21:00,COM VÍTIMA,PRADO,AVENIDA,AVENIDA ENGENHEIRO ABDIAS DE CARVALHO,,,EM FRENTE A ENGEFRIO,PRADO,,SUBURBIO,COLISÃO,1,1,0,0,0,0,0,0,0,2,0,,,,,,,,,,,,,
2021-03-04,quinta-feira ,17:29:00,SEM VÍTIMA,BOA VIAGEM,RUA,RUA TOME GIBSON,AVENIDA,AVENIDA ENGENHEIRO DOMINGOS FERREIRA,,BOA VIAGEM,,,COLISÃO,0,0,0,0,0,0,0,0,0,0,0,,,,,,,,,,,,,
2021-03-04,quinta-feira ,19:30:00,SEM VÍTIMA,PINA,AVENIDA,AVENIDA ANTONIO DE GOES,RUA,RUA MIRANDA FALCAO,,PINA,277,,COLISÃO,2,0,0,0,0,0,0,0,0,0,0,Longo da via,Bom,Sem defeito,Perfeito estado,Seca,Perfeito estado,Faixa de pedestre,Não hA placas,60km/h,Única,Faixa seccionada,,
2021-03-04,quinta-feira ,23:17:40,SEM VÍTIMA,ESPINHEIRO,RUA,RUA DA HORA,RUA,RUA QUARENTA E OITO,EM FRENTE AO EDF MARIA BELANIA,ESPINHEIRO,,,COLISÃO,2,0,0,0,0,0,0,0,0,0,0,Cruzamento,Bom,Sem defeito,Perfeito estado,Seca,Perfeito estado,Faixa de pedestre,R-6a,,Única,Faixa seccionada,,
2021-03-05,sexta-feira ,15:21:00,COM VÍTIMA,BOA VISTA,RUA,RUA GERVASIO PIRES,AVENIDA,AVENIDA MANOEL BORBA,,BOA VISTA,,,COLISÃO COM CICLISTA,1,0,0,1,0,1,0,0,0,1,0,,,,,,,,,,,,,
2021-03-05,sexta-feira ,17:20:00,COM VÍTIMA,SANTO AMARO,AVENIDA,AVENIDA PREFEITO ARTUR LIMA CAVALCANTI,,,APÓS A PONTE LIMOEIRO,SANTO AMARO,,SUBURBIO,CHOQUE,0,1,0,0,0,0,0,0,0,1,0,Longo da via,Bom,Não existe,Não existente,Seca,Perfeito estado,,,40 km/h,Dupla,Canteiro central,,
2021-03-05,sexta-feira ,20:05:00,COM VÍTIMA,PORTO DA MADEIRA,AVENIDA,AVENIDA BEBERIBE,RUA,RUA BARROS BARRETO,PRÓX A DALVA DE OLIVEIRA / E/F AO REI DO ARRUMADINHO  E CONDOMINIO DO CONJUNTO JOÃO PAULO ll,PORTO DA MADEIRA,,CIDADE,COLISÃO LATERAL,1,1,0,0,0,0,0,0,0,2,0,Cruzamento,Bom,Não existe,Perfeito estado,Seca,Perfeito estado,Não existe,Não hA placas,,Dupla,Faixa seccionada,,
2021-03-06,sábado ,09:28:00,COM VÍTIMA,IMBIRIBEIRA,AVENIDA,AVENIDA MARECHAL MASCARENHAS DE MORAES,,,EM FRENTE A FLOR E ARTE,IMBIRIBEIRA,279,AEROPORTO,COLISÃO TRASEIRA,1,1,0,0,0,0,0,0,0,2,0,Longo da via,Bom,Sem defeito,Perfeito estado,Seca,Perfeito estado,Faixa de pedestre,R-6a,60 km/h,Única,Faixa contínua,,
2021-03-06,sábado ,19:56:00,SEM VÍTIMA,JARDIM SAO PAULO,AVENIDA,AVENIDA LIBERDADE,,,"PROXIMO DA DELEGACIA DRACO, EM FRENTE A  FARMACIA DISK REMEDIOS",JARDIM SÃO PAULO,,,COLISÃO,2,0,0,0,0,0,0,0,0,0,0,Longo da via,Bom,Não existe,Ilegível,Seca,Perfeito estado,Não existe,Não hA placas,,Dupla,Não existe,,
2021-03-06,sábado ,22:32:40,SEM VÍTIMA,CAMPO GRANDE,RUA,RUA TENENTE GUIMARAES,RUA,RUA DR MACHADO,PROXIMO DO BRECHO QUINTAL ESPAÇO COLABORATIVO,CAMPO GRANDE,,,CHOQUE,1,0,0,0,0,0,0,0,0,0,0,Longo da via,Bom,Não existe,Não existente,Seca,Mal iluminada,Não existe,Não hA placas,,Dupla,Não existe,,
2021-03-07,domingo ,00:49:00,SEM VÍTIMA,IPSEP,RUA,RUA ITAJAI,,,,IPSEP,,,COLISÃO,2,0,0,0,0,0,0,0,0,0,0,,,,,,,,,,,,,
2021-03-07,domingo ,21:28:40,COM VÍTIMA,COHAB,AVENIDA,AVENIDA PERNAMBUCO,,,NA SUBIDA DA LADEIRA / E/F A ACADEMIA DA CIDADE,COHAB,,,COLISÃO,1,1,0,0,0,0,0,0,0,1,0,,,,,,,,,,,,,
2021-03-08,segunda-feira ,01:22:00,SEM VÍTIMA,DOIS IRMAOS,RUA,RUA DOIS IRMAOS,,,"INDO PELA AV CAXANGA, ANTES DA ENTRADA DA UFRPE - PRÓXIMO AO BAR DA CURVA",DOIS IRMÃOS,,,COLISÃO,2,0,0,0,0,0,0,0,0,0,0,,,,,,,,,,,,,
2021-03-08,segunda-feira ,08:34:00,COM VÍTIMA,IPSEP,RUA,RUA JEAN EMILE FAVRE,,,EM FRENTE A FACULDADE BOA VIAGEM  /,IPSEP,,CIDADE,COLISÃO COM CICLISTA,1,0,0,1,0,0,0,0,0,1,0,Longo da via,Bom,Não existe,Perfeito estado,Seca,Perfeito estado,Não existe,Outras,,Dupla,Faixa contínua,Faixa seccionada,Faixa contínua
2021-03-08,segunda-feira ,10:13:00,SEM VÍTIMA,SANTO AMARO,AVENIDA,AVENIDA GOVERNADOR AGAMENON MAGALHAES,,,EM FRENTE AO EDF VISGUEIRO,SANTO AMARO,379,OLINDA,COLISÃO,1,0,0,0,0,0,0,1,0,0,0,,Bom,Sem defeito,Perfeito estado,Seca,,Faixa de pedestre,Não hA placas,60KM/H,Única,Faixa seccionada,,
2021-03-08,segunda-feira ,12:20:00,COM VÍTIMA,TORROES,AVENIDA,AVENIDA ENGENHEIRO ABDIAS DE CARVALHO,,,PRÓX À UPA,TORRÕES,,SUBURBIO,COLISÃO COM CICLISTA,0,0,0,1,0,1,0,0,0,1,0,,,,,,,,,,,,,
2021-03-08,segunda-feira ,12:51:00,COM VÍTIMA,BOA VIAGEM,RUA,RUA VISCONDE DE JEQUITINHONHA,,,"ANTES AO QUARTEL DA AERONALTICA,  PROX AO ED. VIA FARINE",BOA VIAGEM,154,SUBURBIO,COLISÃO LATERAL,2,1,0,0,0,0,0,0,0,1,0,Longo da via,Bom,Sem defeito,Perfeito estado,Seca,Perfeito estado,Faixa de pedestre,Outras,60 km/h,Única,Faixa seccionada,Canal,
2021-03-08,segunda-feira ,21:23:40,COM VÍTIMA,SAN MARTIN,AVENIDA,AVENIDA ENGENHEIRO ABDIAS DE CARVALHO,,,"PROXIMO DO ATACAREJO, EM FRENTE A ANTIGA FUNASE",SAN MARTIN,687,CIDADE,COLISÃO LATERAL,1,1,0,0,0,0,0,0,0,1,0,Cruzamento,Bom,Sem defeito,Perfeito estado,Seca,Perfeito estado,Faixa de retenção,Outras,,,Faixa seccionada,Blocos,
2021-03-09,terça-feira ,05:10:00,SEM VÍTIMA,BOA VISTA,AVENIDA,AVENIDA CONDE DA BOA VISTA,,,AO LADO DO SHOPPING BOA VISTA,BOA VISTA,,,COLISÃO,0,0,0,0,0,1,1,0,0,0,0,Cruzamento,Bom,Sem defeito,Perfeito estado,Seca,Perfeito estado,Faixa de retenção,Não hA placas,,Dupla,Canteiro central,,
2021-03-09,terça-feira ,11:23:00,COM VÍTIMA,BOA VISTA,AVENIDA,AVENIDA MANOEL BORBA,,,EM FRENTE AO SAMU,BOA VISTA,28,,COLISÃO LATERAL,1,1,0,0,0,0,0,0,0,1,0,Cruzamento,Bom,Sem defeito,Perfeito estado,Seca,Perfeito estado,Outros,Outras,60 km/h,Única,Faixa contínua,,
2021-03-09,terça-feira ,13:39:00,COM VÍTIMA,BREJO DE BEBERIBE,AVENIDA,AVENIDA VEREADOR OTACILIO AZEVEDO,,,PROXIMO AO CLUBE DA FAZENDA,BREJO DE BEBERIBE,,CIDADE,COLISÃO LATERAL,2,1,0,0,0,0,0,0,0,1,0,Longo da via,Bom,Não existe,Perfeito estado,Seca,Perfeito estado,Faixa de pedestre,"Placas ""Dê a preferência""",,Dupla,Faixa seccionada,,
2021-03-09,terça-feira ,14:05:00,COM VÍTIMA,TEJIPIO,AVENIDA,AVENIDA DR JOSE RUFINO,,,EM FRENTE A ESTAÇÃO DE TEJIPIO,TEJIPIÓ,,CIDADE,COLISÃO LATERAL,1,1,0,0,0,0,0,0,0,1,0,Longo da via,Bom,Não existe,Perfeito estado,Seca,Perfeito estado,Não existe,R-6a,,Dupla,Faixa contínua,Faixa seccionada,
2021-03-09,terça-feira ,15:18:00,COM VÍTIMA,MADALENA,AVENIDA,AVENIDA BEIRA RIO,,,EM FRENTE AO EDIFICIO QUATRO ESTAÇÕES,MADALENA,,SUBURBIO,QUEDA,1,1,0,0,0,0,0,0,0,1,0,Longo da via,Bom,Sem defeito,Perfeito estado,Seca,Perfeito estado,Faixa de pedestre,Outras,,,Faixa contínua,Faixa seccionada,
2021-03-09,terça-feira ,16:59:00,COM VÍTIMA,DERBY,AVENIDA,AVENIDA GOVERNADOR AGAMENON MAGALHAES,,,EM FRENTE AO ANTIGO SPETTUS/ SENTIDO BOA VIAGEM,DERBY,68,,COLISÃO TRANSVERSAL,1,2,0,0,0,0,0,0,0,1,0,Cruzamento,Bom,Sem defeito,Perfeito estado,Seca,Perfeito estado,,,60 km/h,Dupla,Canteiro central,,
2021-03-09,terça-feira ,17:48:00,SEM VÍTIMA,AFOGADOS,RUA,RUA TEREZINHA LIMA,,,PROXIMO AO RESTAURANTE BODE DO NO,AFOGADOS,,,CHOQUE,0,0,0,0,0,0,1,0,0,0,0,,,,,,,,,,,,,
2021-03-09,terça-feira ,20:22:00,COM VÍTIMA,SANTO AMARO,AVENIDA,AVENIDA CRUZ CABUGA,AVENIDA,AVENIDA NORTE,SEMAFORO 034 / E/F AO CEMITÉRIO DOS INGLESES,SANTO AMARO,34,CIDADE,COLISÃO TRASEIRA,1,1,0,0,0,0,0,0,0,1,0,Longo da via,Bom,Sem defeito,Perfeito estado,Seca,Perfeito estado,Faixa de pedestre,Outras,60 km/h,Única,Faixa contínua,,
2021-03-10,quarta-feira ,12:17:00,COM VÍTIMA,PAISSANDU,RUA,RUA PAISSANDU,AVENIDA,AVENIDA PORTUGAL,PRÓX AO SÃO MARCOS,PAISSANDU,,CIDADE,COLISÃO TRANSVERSAL,1,1,0,0,0,0,0,0,0,1,0,Longo da via,Bom,Sem defeito,Perfeito estado,Seca,Perfeito estado,,R-6a,,Dupla,Faixa seccionada,Canteiro central,
2021-03-10,quarta-feira ,14:00:00,COM VÍTIMA,IBURA,AVENIDA,AVENIDA DOM HELDER CAMARA,AVENIDA,AVENIDA RECIFE,PROX AO SEMAFORO 016,IBURA,16,SUBURBIO,COLISÃO LATERAL,1,2,0,0,0,0,0,0,0,1,0,Longo da via,Bom,Sem defeito,Perfeito estado,Seca,Perfeito estado,Agente,,60 km/h,Dupla,Faixa contínua,,
2021-03-10,quarta-feira ,16:22:00,SEM VÍTIMA,MADALENA,RUA,RUA DEMOSTENES DE OLINDA,AVENIDA,AVENIDA BEIRA RIO,EM FRENTE AO COLÉGIO EQUIPE,MADALENA,,,COLISÃO,0,2,0,0,0,0,0,0,0,0,0,Esquina,Bom,Sem defeito,Perfeito estado,Seca,Perfeito estado,Faixa de pedestre,"Placas ""Pare""",30KM/H,Única,Faixa contínua,,
2021-03-10,quarta-feira ,19:31:00,COM VÍTIMA,MADALENA,AVENIDA,AVENIDA ENGENHEIRO ABDIAS DE CARVALHO,EST,EST DOS REMEDIOS,EM FRENTE A FARMACIA DROGASIL,MADALENA,52,SUBURBIO,COLISÃO LATERAL,1,1,0,0,0,0,0,0,0,1,0,Cruzamento,Bom,Sem defeito,Perfeito estado,Seca,Perfeito estado,,Outras,,Única,Não existe,,
2021-03-12,sexta-feira ,13:00:00,SEM VÍTIMA,BOA VIAGEM,AVENIDA,AVENIDA ENGENHEIRO DOMINGOS FERREIRA,RUA,RUA CORONEL BENEDITO CHAVES,MUNDO DO CABELEREIRO,BOA VIAGEM,128,SUBURBIO,COLISÃO TRASEIRA,2,0,0,0,0,0,0,0,0,0,0,Longo da via,Bom,Sem defeito,Perfeito estado,Seca,Perfeito estado,Faixa de pedestre,Outras,,Única,Faixa contínua,Canteiro central,
2021-03-12,sexta-feira ,15:56:00,COM VÍTIMA,CABANGA,RUA,RUA CAPITAO TEMUDO,,,PRÓX AO ESTELITA / CASA ROSA SELF SERVICE,CABANGA,,PINA,ATROPELAMENTO DE PESSOA,1,1,0,0,1,0,0,0,0,1,0,Longo da via,Bom,Não existe,Incompleta,Seca,Perfeito estado,Não existe,Não hA placas,,Única,Não existe,,
2021-03-12,sexta-feira ,16:17:00,COM VÍTIMA,TEJIPIO,AVENIDA,AVENIDA DR JOSE RUFINO,,,EM FRENTE À ESTAÇÃO DE TEJIPIÓ,TEJIPIÓ,497,SUBURBIO,COLISÃO LATERAL,1,1,0,0,0,0,0,0,0,1,0,Longo da via,Bom,Sem defeito,Perfeito estado,Seca,Perfeito estado,Não existe,Não hA placas,40 km/h,Dupla,Faixa contínua,,
2021-03-12,sexta-feira ,16:37:00,COM VÍTIMA,BOA VIAGEM,AVENIDA,AVENIDA BOA VIAGEM,,,EDF ANTÔNIO MONTE,BOA VIAGEM,547,CIDADE,COLISÃO TRASEIRA,1,1,0,0,0,0,0,0,0,1,0,Longo da via,Bom,Sem defeito,Perfeito estado,Seca,Perfeito estado,Faixa de pedestre,Outras,,Única,Faixa seccionada,,
2021-03-12,sexta-feira ,18:43:00,SEM VÍTIMA,GRACAS,RUA,RUA DAS CREOULAS,,,PROTOCOLO=22026481 ( ATENDENTE RUAN ),GRAÇAS,,,CHOQUE,1,0,0,0,0,0,0,0,0,0,0,,,,,,,,,,,,,
2021-03-13,sábado ,09:58:00,COM VÍTIMA,BOA VISTA,AVENIDA,AVENIDA JOAO DE BARROS,RUA,RUA DR LEOPOLDO LINS,,BOA VISTA,198,SUBURBIO,QUEDA,0,1,0,0,0,0,0,0,0,1,0,Cruzamento,Bom,Sem defeito,Não existente,Seca,Perfeito estado,Faixa de pedestre,,30 km/h,Única,Faixa seccionada,,
2021-03-13,sábado ,11:10:00,COM VÍTIMA,BARRO,AVENIDA,AVENIDA DR JOSE RUFINO,RUA,RUA PADRE NOBREGA,IGREJA MUNDIAL DE JESUS CRISTO,BARRO,,SUBURBIO,COLISÃO TRANSVERSAL,1,1,0,0,0,0,0,0,0,1,0,Longo da via,Bom,Não existe,Ilegível,Seca,Perfeito estado,Faixa de pedestre,,60 km/h,Dupla,Faixa contínua,,
2021-03-13,sábado ,16:01:00,COM VÍTIMA,CORDEIRO,RUA,RUA DR MIGUEL VIEIRA FERREIRA,,,BROTO PIZZA,CORDEIRO,,SUBURBIO,COLISÃO LATERAL,1,1,0,0,0,0,0,1,0,1,0,Longo da via,Bom,Não existe,Perfeito estado,Seca,Perfeito estado,,R-6a,,Dupla,Faixa contínua,,
2021-03-13,sábado ,16:09:00,SEM VÍTIMA,BOMBA DO HEMETERIO,RUA,RUA BOMBA DO HEMETERIO,,,EM FRENTE A IGREJA UNIVERSAL/ FARMACIA DA FAMILIA,BOMBA DO HEMETÉRIO,,,COLISÃO TRASEIRA,2,0,0,0,0,0,0,0,0,0,0,,,,,,,,,,,,,
2021-03-14,domingo ,11:06:00,COM VÍTIMA,IPSEP,RUA,RUA PAMPULHA,RUA,RUA CACHOEIRA,EM FRENTE AO COLEGIO SANTA TEREZA,IPSEP,,SUL,COLISÃO TRANSVERSAL,1,1,0,0,0,0,0,0,0,1,0,Cruzamento,Bom,Não existe,Perfeito estado,Seca,Perfeito estado,Faixa de retenção,"Placas ""Pare""",40 km/h,Única,Não existe,,
2021-03-15,segunda-feira ,07:03:00,SEM VÍTIMA,PINA,AVENIDA,AVENIDA ANTONIO DE GOES,,,PISTA DA ESQUERDA INICIO DO VIADUTO PAULO GUERRA,PINA,,CIDADE,CHOQUE,1,0,0,0,0,0,0,0,0,0,0,Viaduto,Bom,Não existe,Perfeito estado,Seca,Perfeito estado,Não existe,Não hA placas,,Única,Canteiro central,,
2021-03-15,segunda-feira ,14:37:00,SEM VÍTIMA,BOA VIAGEM,RUA,RUA BARAO DE SOUZA LEAO,,,EM FRENTE AO RESTAURANTE COSTA BRAVA,BOA VIAGEM,,,,2,0,0,0,0,0,0,0,0,0,0,Longo da via,Bom,Não existe,Perfeito estado,Seca,Perfeito estado,Não existe,,,Única,Faixa seccionada,,
2021-03-16,terça-feira ,07:40:00,COM VÍTIMA,IPUTINGA,AVENIDA,AVENIDA CAXANGA,,,em frente ao posto br suplano,IPUTINGA,,CIDADE,ATROPELAMENTO DE PESSOA,1,0,0,0,1,0,0,0,0,1,0,Longo da via,Bom,Sem defeito,Perfeito estado,Seca,Perfeito estado,Faixa de pedestre,Não hA placas,,Dupla,Canteiro central,,
2021-03-16,terça-feira ,09:00:00,COM VÍTIMA,BOA VIAGEM,AVENIDA,AVENIDA BOA VIAGEM,RUA,RUA RIBEIRO DE BRITO,AO LADO DO EDF LE CORBUSIER,BOA VIAGEM,,CIDADE,COLISÃO TRASEIRA,1,1,0,0,0,0,0,0,0,1,0,Longo da via,Bom,Sem defeito,Perfeito estado,Seca,Perfeito estado,,,,Única,Faixa seccionada,,
2021-03-16,terça-feira ,10:47:00,SEM VÍTIMA,DOIS IRMAOS,AVENIDA,AVENIDA DA RECUPERACAO,,,PRÓX. AO MOTEL SENZALA,DOIS IRMÃOS,416,CIDADE,COLISÃO TRASEIRA,1,0,0,0,0,0,0,1,0,0,0,Longo da via,Bom,Sem defeito,Perfeito estado,Seca,Perfeito estado,Faixa de pedestre,Não hA placas,30 km/h,Única,Faixa contínua,,
2021-03-16,terça-feira ,14:49:00,SEM VÍTIMA,CASA FORTE,AVENIDA,AVENIDA DEZESSETE DE AGOSTO,,,AO LADO DO SHOPPING PLAZA,CASA FORTE,,,COLISÃO LATERAL,1,1,0,0,0,0,0,0,0,0,0,,,,,,,,,,,,,
2021-03-16,terça-feira ,14:58:00,COM VÍTIMA,CASA FORTE,AVENIDA,AVENIDA DEZESSETE DE AGOSTO,,,EM FRENTE AOBANCO DO BRASIL,CASA FORTE,,SUBURBIO,COLISÃO TRASEIRA,1,1,0,0,0,0,0,0,0,1,0,Longo da via,Bom,Sem defeito,Perfeito estado,Seca,Perfeito estado,Outros,Outras,,Dupla,Faixa contínua,,
2021-03-16,terça-feira ,15:00:00,COM VÍTIMA,BOA VISTA,RUA,RUA PRINCESA IZABEL,,,EM FRENTE A FACULDADE DE DIREITO,BOA VISTA,,CIDADE,ATROPELAMENTO DE PESSOA,0,1,0,0,1,0,0,0,0,2,0,Longo da via,Bom,Não existe,Perfeito estado,Seca,Perfeito estado,Não existe,Não hA placas,,Única,Faixa seccionada,,
2021-03-17,quarta-feira ,13:20:00,COM VÍTIMA,IMBIRIBEIRA,AVENIDA,AVENIDA MARECHAL MASCARENHAS DE MORAES,,,EM FRENTE A FACULDADE PERNAMBUCANA DE SAUDE/ SENTIDO CIDADE,IMBIRIBEIRA,530,CIDADE,COLISÃO LATERAL,1,1,0,0,0,0,0,0,0,1,0,Longo da via,Bom,Sem defeito,Perfeito estado,Seca,Perfeito estado,Faixa de pedestre,,60 km/h,Única,Faixa seccionada,,
2021-03-17,quarta-feira ,14:45:00,COM VÍTIMA,ILHA JOANA BEZERRA,VIADUTO,VIADUTO PAPA JOAO PAULO II,,,ALÇA QUE DA ACESSO À RUA IMPERIAL,ILHA JOANA BEZERRA,,,COLISÃO TRASEIRA,0,2,0,0,0,0,0,0,0,1,0,,,,,,,,,,,,,
2021-03-17,quarta-feira ,15:40:00,COM VÍTIMA,SAO JOSE,RUA,RUA DO PEIXOTO,,,EM FRENTE A CASA DA CULTURA,SÃO JOSÉ,,,ATROPELAMENTO DE PESSOA,0,1,0,0,1,0,0,0,0,1,0,,,,,,,,,,,,,
2021-03-17,quarta-feira ,16:11:00,SEM VÍTIMA,CAXANGA,AVENIDA,AVENIDA CAXANGA,AVENIDA,AVENIDA GENERAL SAN MARTIN,,CAXANGA,,,COLISÃO TRASEIRA,0,0,0,0,0,0,0,0,0,0,0,,,,,,,,,,,,,
2021-03-17,quarta-feira ,18:08:00,COM VÍTIMA,APIPUCOS,RUA,RUA DE APIPUCOS,,,PROXIMO AO EDIFICIO PAINEIRAS,APIPUCOS,,CIDADE,COLISÃO LATERAL,1,1,0,0,0,0,0,0,0,1,0,Longo da via,Bom,Não existe,Perfeito estado,Seca,Perfeito estado,Não existe,R-6a,40 km/h,Dupla,Faixa contínua,,
2021-03-18,quinta-feira ,08:12:00,SEM VÍTIMA,BOA VIAGEM,AVENIDA,AVENIDA CELSO FURTADO (VIA MANGUE),RUA,RUA TOME GIBSON,,BOA VIAGEM,,,CAPOTAMENTO,0,0,0,0,0,0,0,0,0,0,0,,,,,,,,,,,,,
2021-03-18,quinta-feira ,12:24:00,SEM VÍTIMA,SAO JOSE,CAIS,CAIS SANTA RITA,,,TERMINAL DE SANTA RITA,SÃO JOSÉ,473,SUBURBIO,CHOQUE,1,0,0,0,0,1,0,0,0,0,0,Longo da via,Bom,Sem defeito,Perfeito estado,Seca,Perfeito estado,Não existe,Não hA placas,40 km/h,Dupla,Canteiro central,,
2021-03-18,quinta-feira ,12:58:00,COM VÍTIMA,AGUA FRIA,AVENIDA,AVENIDA BEBERIBE,,,EM FRENTE A MAGAZINE LUIZA,AGUA FRIA,,CIDADE,ATROPELAMENTO DE PESSOA,0,1,0,0,1,0,0,0,0,1,0,Longo da via,Chuvoso,Sem defeito,Perfeito estado,Molhada,Perfeito estado,Não existe,Não hA placas,60 km/h,Dupla,Faixa contínua,,
2021-03-18,quinta-feira ,16:47:00,COM VÍTIMA,BOA VIAGEM,AVENIDA,AVENIDA BOA VIAGEM,,,APOS O HOSPITAL DA AERONALTICA,BOA VIAGEM,,,COLISÃO TRASEIRA,1,1,0,0,0,0,0,0,0,2,0,,,,,,,,,,,,,