data,dia_semana,hora,natureza,bairro,logradouro_endereco,endereco,logradouro_detalhe_endereco,detalhe_endereco_acidente,complemento,bairro_cruzamento,num_semaforo,sentido_via,tipo,auto,moto,ciclom,ciclista,pedestre,onibus,caminhao,viatura,outros,vitimas,vitimasfatais,acidente_verificado,tempo_clima,situacao_semaforo,sinalizacao,condicao_via,conservacao_via,ponto_controle,situacao_placa,velocidade_max_via,mao_direcao,divisao_via1,divisao_via2,divisao_via3
2021-03-18,quinta-feira ,20:28:00,COM VÍTIMA,BONGI,AVENIDA,AVENIDA ENGENHEIRO ABDIAS DE CARVALHO,,,PRÓX AO ATACAREJO,BONGI,687,CIDADE,COLISÃO LATERAL,1,1,0,0,0,0,0,0,0,1,0,Longo da via,Bom,Sem defeito,Perfeito estado,Seca,Perfeito estado,Faixa de retenção,Outras,,Única,Faixa seccionada,,
2021-03-19,sexta-feira ,08:48:00,COM VÍTIMA,TEJIPIO,AVENIDA,AVENIDA DR JOSE RUFINO,RUA,RUA PAPA JOAO VINTE E TRES,PROX. AO CARTORIO DE TEJIPIO E FABRICA PADARIA,TEJIPIÓ,285,SUBURBIO,COLISÃO LATERAL,1,1,0,0,0,0,0,0,0,1,0,Cruzamento,Bom,Sem defeito,Perfeito estado,Seca,Perfeito estado,Faixa de pedestre,Não hA placas,60 km/h,Dupla,Faixa contínua,,
2021-03-19,sexta-feira ,11:32:00,COM VÍTIMA,CASA AMARELA,AVENIDA,AVENIDA NORTE,,,"PROX. AO REI DA PICANHA, SENT. SUB. EM FRENTE AO POSTO BR",CASA AMARELA,,SUBURBIO,COLISÃO TRASEIRA,2,1,0,0,0,0,0,0,0,1,0,Longo da via,Bom,Sem defeito,Perfeito estado,Seca,Perfeito estado,Faixa de pedestre,,,Dupla,Canteiro central,,
2021-03-19,sexta-feira ,16:37:00,COM VÍTIMA,SAO JOSE,RUA,RUA IMPERIAL,TRV,TRV DO RAPOSO,"EM FRENTE A FERRO E AÇO, PRODUTOS SIDERÚRGICOS",SÃO JOSÉ,510,SUBURBIO,COLISÃO TRANSVERSAL,1,1,0,0,0,0,0,0,0,1,0,Cruzamento,Bom,Sem defeito,Perfeito estado,Seca,Perfeito estado,Faixa de pedestre,Outras,40 km/h,Única,Faixa seccionada,,
2021-03-19,sexta-feira ,18:15:00,SEM VÍTIMA,SANTO AMARO,AVENIDA,AVENIDA JOAO DE BARROS,,,E/F AO CONCERVATORIO DE MUSICA PERNAMBUCANA,SANTO AMARO,,,CHOQUE,0,0,0,0,0,0,0,0,0,0,0,,,,,,,,,,,,,
2021-03-19,sexta-feira ,21:02:40,VÍTIMA FATAL,BOA VIAGEM,AVENIDA,AVENIDA ENGENHEIRO DOMINGOS FERREIRA,RUA,RUA ANTONIO FALCAO,RUA ANTONIO FALCÃO (SEMAFORO 145),BOA VIAGEM,145,,COLISÃO TRANSVERSAL,1,1,0,0,0,0,0,0,0,1,1,Cruzamento,Bom,Sem defeito,,Seca,Perfeito estado,Faixa de pedestre,,60 km/h,Única,,,
2021-03-19,sexta-feira ,21:04:40,COM VÍTIMA,ENCRUZILHADA,RUA,RUA AMARO COUTINHO,RUA,RUA FERNANDO CESAR,COM A RUA FERNANDO CESAR,ENCRUZILHADA,,CIDADE,COLISÃO TRANSVERSAL,1,1,0,0,0,0,0,0,0,1,0,Cruzamento,Bom,Não existe,Perfeito estado,Seca,Perfeito estado,Faixa de pedestre,"Placas ""Pare""",,Única,Faixa seccionada,,
2021-03-20,sábado ,04:00:00,SEM VÍTIMA,SANTO AMARO,AVENIDA,AVENIDA PREFEITO ARTUR LIMA CAVALCANTI,AVENIDA,AVENIDA NORTE,CRUZAMENTO COM A AV NORTE - SENTIDO SHOPING TACARUNA,SANTO AMARO,,SUBURBIO,CHOQUE,1,0,0,0,0,0,0,0,0,0,0,,,,,,,,,,,,,
2021-03-20,sábado ,07:18:00,COM VÍTIMA,MANGABEIRA,AVENIDA,AVENIDA NORTE,AVENIDA,AVENIDA PROFESSOR JOSE DOS ANJOS,EM FRENTE AO SESC,MANGABEIRA,364,CIDADE,COLISÃO LATERAL,0,2,0,0,0,0,0,0,0,1,0,Longo da via,Bom,Não existe,Perfeito estado,Seca,Perfeito estado,Não existe,R-6a,,Dupla,Faixa seccionada,,
2021-03-20,sábado ,07:19:00,VÍTIMA FATAL,AREIAS,AVENIDA,AVENIDA RECIFE,,,LADO OPOSTO AO BIG BOMPREÇO E HM VEÍCULOS. LADO OPOSTO AO NÚMERO INFORMADO.,AREIAS,,JARDIM SÃO PAULO,ATROPELAMENTO DE PESSOA,0,0,0,0,1,0,1,0,0,0,1,Longo da via,Bom,Não existe,Perfeito estado,Seca,Perfeito estado,Outros,,,,Faixa seccionada,Canteiro central,
2021-03-20,sábado ,08:02:00,COM VÍTIMA,ROSARINHO,AVENIDA,AVENIDA SANTOS DUMONT,RUA,RUA DR JOSE MARIA,"GALERIA D, BEL",ROSARINHO,98,SUBURBIO,COLISÃO TRASEIRA,2,0,0,0,0,0,0,0,0,1,0,Cruzamento,Chuvoso,Sem defeito,Perfeito estado,,Perfeito estado,Faixa de pedestre,Outras,,Única,Faixa seccionada,,
2021-03-20,sábado ,14:01:00,SEM VÍTIMA,IMBIRIBEIRA,AVENIDA,AVENIDA MARECHAL MASCARENHAS DE MORAES,,,EM FRENTE AO GMAG ESTOFADOS,IMBIRIBEIRA,,,COLISÃO TRASEIRA,2,0,0,0,0,0,0,0,0,0,0,,,,,,,,,,,,,
2021-03-20,sábado ,15:12:00,COM VÍTIMA,DOIS UNIDOS,AVENIDA,AVENIDA HILDEBRANDO DE VASCONCELOS,,,EM FRENTE AO NUMERAL 863,DOIS UNIDOS,,SUBURBIO,ATROPELAMENTO DE PESSOA,0,1,0,0,1,0,0,0,0,1,0,Longo da via,Bom,Não existe,Não existente,Seca,Perfeito estado,Não existe,Não hA placas,,Dupla,Faixa seccionada,,
2021-03-20,sábado ,16:18:00,COM VÍTIMA,SAN MARTIN,AVENIDA,AVENIDA ENGENHEIRO ABDIAS DE CARVALHO,,,LADO OPOSTO AO COMPAZ DA ABDIAS.,SAN MARTIN,688,CIDADE,COLISÃO LATERAL,1,1,0,0,0,0,0,0,0,1,0,Longo da via,Bom,Sem defeito,Perfeito estado,Seca,Perfeito estado,Faixa de retenção,Não hA placas,60 km/h,Única,Faixa contínua,,
2021-03-20,sábado ,18:17:00,COM VÍTIMA,BOA VIAGEM,AVENIDA,AVENIDA BOA VIAGEM,RUA,RUA RIBEIRO DE BRITO,"PRÓX A MR NORDESTE. EDF. QUEEN MARY""",BOA VIAGEM,,CIDADE,COLISÃO TRASEIRA,1,1,0,0,0,0,0,0,0,1,0,Longo da via,Bom,Não existe,Perfeito estado,Seca,Perfeito estado,Não existe,Outras,,Única,Faixa seccionada,,
2021-03-20,sábado ,19:00:00,COM VÍTIMA,MADALENA,TUNEL,TUNEL DA ABOLICAO,,,DENTRO DO TUNEL DA ABOLIÇÃO,MADALENA,,,COLISÃO LATERAL,1,1,0,0,0,0,0,0,0,1,0,,,,,,,,,,,,,
2021-03-21,domingo ,19:18:00,SEM VÍTIMA,COHAB,AVENIDA,AVENIDA SANTA FE,,,E/F A LANCHONETE MEC BURGUER E LANCHONETE CARIOCA,COHAB,,,CHOQUE,1,0,0,0,0,0,0,0,0,0,0,,,,,,,,,,,,,
2021-03-21,domingo ,21:39:40,COM VÍTIMA,CAXANGA,AVENIDA,AVENIDA CAXANGA,,,"E/F AO BIG BOMPREÇO, SNT CAMARAGIBE / PRÓX AO BANCO ITAU/BRADESCO",CAXANGA,,,COLISÃO LATERAL,0,2,0,0,0,0,0,0,0,2,0,,,,,,,,,,,,,
2021-03-22,segunda-feira ,07:32:00,COM VÍTIMA,MADALENA,RUA,RUA GOMES TABORDA,RUA,RUA DES ADOLFO CIRIACO,AO LADO DO BAILE PERFUMADO. AO LADO DO SINDICOMBUSTÍVEL PERNAMBUCO,MADALENA,,,COLISÃO LATERAL,1,1,0,0,0,0,0,0,0,1,0,Cruzamento,Bom,Não existe,Perfeito estado,Seca,Perfeito estado,Não existe,Não hA placas,30 km/h,Dupla,Faixa seccionada,,
2021-03-22,segunda-feira ,08:49:00,COM VÍTIMA,SANTO AMARO,AVENIDA,AVENIDA JOAO DE BARROS,AVENIDA,AVENIDA GOVERNADOR AGAMENON MAGALHAES,EM FRENTE A ESTETICA CLINICAL CENTER,SANTO AMARO,,SUBURBIO,ATROPELAMENTO DE PESSOA,0,0,0,0,1,1,0,0,0,1,0,Longo da via,Bom,Sem defeito,Perfeito estado,Seca,Perfeito estado,Faixa de retenção,"Placas ""Pare""",,Única,Canteiro central,,
2021-03-22,segunda-feira ,09:30:00,COM VÍTIMA,IBURA,RUA,RUA JORNALISTA EDSON REGIS,,,APOS A  ANTIGA FABRICA DA FREVO. KS PARTICIPAÇÕES.,IBURA,,CIDADE,COLISÃO LATERAL,1,1,0,0,0,0,0,0,0,1,0,Longo da via,Bom,Não existe,Perfeito estado,Seca,Perfeito estado,Não existe,R-6a,,Dupla,Faixa seccionada,,
2021-03-22,segunda-feira ,10:09:00,SEM VÍTIMA,AGUA FRIA,EST,EST VELHA DE AGUA FRIA,,,,AGUA FRIA,,SUBURBIO,,1,0,0,0,0,0,0,1,0,0,0,Longo da via,Bom,Não existe,Perfeito estado,Seca,Perfeito estado,Não existe,Outras,30 km/h,Única,Outros,,
2021-03-22,segunda-feira ,11:32:00,COM VÍTIMA,JORDAO,AVENIDA,AVENIDA MARIA IRENE,,,EDF JAIME RAMALHO,JORDÃO,,SUBURBIO,COLISÃO TRANSVERSAL,1,1,0,0,0,0,0,0,0,2,0,Cruzamento,Bom,Não existe,Não existente,Seca,Perfeito estado,Não existe,Não hA placas,,Dupla,Não existe,,
2021-03-22,segunda-feira ,13:07:00,SEM VÍTIMA,MADALENA,AVENIDA,AVENIDA BEIRA RIO,,,PRÓX À ILHA DO RETIRO,MADALENA,,,CHOQUE,0,0,0,0,0,0,1,0,0,0,0,,,,,,,,,,,,,
2021-03-22,segunda-feira ,15:05:00,COM VÍTIMA,HIPODROMO,RUA,RUA CARLOS FERNANDES,RUA,RUA FONSECA OLIVEIRA,PROX A DELEGACIA 13° BPM,HIPÓDROMO,,,COLISÃO LATERAL,1,1,0,1,0,0,0,0,0,1,0,Cruzamento,Bom,Não existe,Perfeito estado,Seca,Perfeito estado,Outros,"Placas ""Pare""",,Dupla,Faixa contínua,,
2021-03-22,segunda-feira ,17:33:00,VÍTIMA FATAL,ARRUDA,RUA,RUA DAS MOCAS,RUA,RUA DA REGENERACAO,CRUZAMENTO DO SEMAFORO,ARRUDA,472,,COLISÃO TRANSVERSAL,0,2,0,0,0,0,0,0,0,1,1,Cruzamento,Bom,Sem defeito,Perfeito estado,Seca,Perfeito estado,Faixa de pedestre,Outras,,Dupla,Faixa seccionada,,
2021-03-22,segunda-feira ,18:40:00,COM VÍTIMA,CORDEIRO,AVENIDA,AVENIDA CAXANGA,,,"EM FRENTE A PADARIA REPUBLICA DO PÃO, EM FRENTE A PIAUTO VEÍCULOS",CORDEIRO,,CIDADE,COLISÃO COM CICLISTA,1,0,0,1,0,0,0,0,0,1,0,,,,,,,,,,,,,
2021-03-22,segunda-feira ,19:35:00,COM VÍTIMA,PINA,RUA,RUA MANOEL DE BRITO,AVENIDA,AVENIDA REPUBLICA ARABE UNIDA,NA ENTRADA DO TÚNEL DO SHOPPING RIO MAR,PINA,659,,COLISÃO LATERAL,1,1,0,0,0,0,0,0,0,1,0,Cruzamento,Bom,Sem defeito,Perfeito estado,Seca,Perfeito estado,,R-6a,,Única,Faixa contínua,,
2021-03-23,terça-feira ,05:05:00,COM VÍTIMA,ESPINHEIRO,RUA,RUA DO ESPINHEIRO,RUA,RUA QUARENTA E OITO,NO CRUZAMENTO COM A RUA QUARENTA E OITO,ESPINHEIRO,,,COLISÃO TRANSVERSAL,1,0,0,0,0,1,0,0,0,1,0,,,,,,,,,,,,,
2021-03-23,terça-feira ,07:18:00,SEM VÍTIMA,AFOGADOS,RUA,RUA NICOLAU PEREIRA,,,"SOB O PONTILHÃO DO METRÔ "" ESTAÇÃO"" AFOGADOS",AFOGADOS,,SUBURBIO,,0,0,0,0,0,0,1,0,1,0,0,Longo da via,Bom,,Perfeito estado,Seca,Perfeito estado,,R-15,,Única,,,
2021-03-23,terça-feira ,07:43:00,COM VÍTIMA,TORRE,AVENIDA,AVENIDA BEIRA RIO,RUA,RUA CONDE DE IRAJA,,TORRE,630,,QUEDA,0,0,0,1,0,0,0,0,0,1,0,,,,,,,,,,,,,
2021-03-23,terça-feira ,16:15:00,COM VÍTIMA,TORRE,RUA,RUA SOUZA BANDEIRA,RUA,RUA DIANOPOLIS,PORTO DE COMBUSTÍVEL BR,TORRE,317,CIDADE,COLISÃO LATERAL,1,1,0,0,0,0,0,0,0,1,0,Longo da via,Bom,Sem defeito,Perfeito estado,Seca,Perfeito estado,Não existe,Não hA placas,,Dupla,Faixa contínua,,
2021-03-23,terça-feira ,20:19:00,COM VÍTIMA,SANTO AMARO,RUA,RUA DOS PALMARES,RUA,RUA DO POMBAL,E/F AO CENTRO DE SAÚDE WALDEMAR DE OLIVEIRA,SANTO AMARO,,CIDADE,COLISÃO FRONTAL,1,1,0,0,0,0,0,0,0,1,0,Cruzamento,Chuvoso,Não existe,Perfeito estado,Molhada,Perfeito estado,Não existe,Não hA placas,50 km/h,Dupla,Canteiro central,,
2021-03-23,terça-feira ,20:48:00,COM VÍTIMA,IBURA,AVENIDA,AVENIDA PRESIDENTE DUTRA,VIADUTO,VIADUTO TANCREDO NEVES,"NA ENTRADA QUE DA ACESSO AO  VIADUTO TRANC NEVES, SNT BV / PRÓX AO SAL E BRAZA  / E/F A SUDENE",IBURA,,,COLISÃO LATERAL,1,1,0,0,0,0,0,0,0,1,0,Viaduto,Bom,Não existe,Perfeito estado,Seca,Perfeito estado,Não existe,Não hA placas,60 km/h,Dupla,Faixa contínua,Faixa seccionada,Canteiro central
2021-03-23,terça-feira ,20:56:00,SEM VÍTIMA,CABANGA,VIADUTO,VIADUTO CAPITAO TEMUDO,,,"POR CIMA DO VIADUTO, SNT CENTRO-BV",CABANGA,,,COLISÃO TRASEIRA,2,0,0,0,0,0,0,0,0,0,0,,,,,,,,,,,,,
2021-03-24,quarta-feira ,08:18:00,COM VÍTIMA,BOA VIAGEM,RUA,RUA BALTAZAR PASSOS,RUA,RUA VISCONDE DE JEQUITINHONHA,,BOA VIAGEM,154,SUBURBIO,COLISÃO TRANSVERSAL,1,1,0,0,0,0,0,0,0,1,0,Cruzamento,Chuvoso,Intermitente,Perfeito estado,Molhada,Perfeito estado,Faixa de pedestre,Outras,60 km/h,Única,,,
2021-03-24,quarta-feira ,09:35:00,SEM VÍTIMA,BOA VIAGEM,RUA,RUA VISCONDE DE JEQUITINHONHA,RUA,RUA PADRE LEANDRO CAMELO,,BOA VIAGEM,,,COLISÃO TRASEIRA,2,0,0,0,0,0,0,1,0,0,0,Longo da via,Chuvoso,Não existe,Incompleta,Molhada,Perfeito estado,Não existe,Não hA placas,,Única,Faixa seccionada,,
2021-03-24,quarta-feira ,11:27:00,COM VÍTIMA,ILHA DO RETIRO,RUA,RUA PADRE TEOFILO TWORZ,RUA,RUA COSME VIANA,EM FRENTE A PRAÇA COSME VIANA/LADO OPOSTO A TUPÃ,ILHA DO RETIRO,,CIDADE,COLISÃO TRANSVERSAL,1,1,0,0,0,0,0,0,0,1,0,Cruzamento,Bom,Não existe,Incompleta,Seca,Perfeito estado,Não existe,Outras,40 km/h,Dupla,Canteiro central,,
2021-03-24,quarta-feira ,11:31:00,COM VÍTIMA,IPSEP,RUA,RUA JEAN EMILE FAVRE,RUA,RUA POTENGI,EM FRENTE AO ESTACIONAMENTO DA FBV,IPSEP,564,SUBURBIO,COLISÃO TRANSVERSAL,1,1,0,0,0,0,0,0,0,1,0,Cruzamento,Chuvoso,Sem defeito,Perfeito estado,Seca,Perfeito estado,Faixa de pedestre,Outras,,Dupla,Faixa contínua,,
2021-03-24,quarta-feira ,17:21:00,COM VÍTIMA,CASA AMARELA,AVENIDA,AVENIDA NORTE,,,EM FRENTE AO CAPP DA AVENIDA NORTE,CASA AMARELA,676,SUBURBIO,COLISÃO LATERAL,1,1,0,0,0,0,0,0,0,1,0,Longo da via,Chuvoso,Sem defeito,Perfeito estado,Molhada,,Faixa de pedestre,Não hA placas,,Dupla,,Canteiro central,
2021-03-25,quinta-feira ,07:07:00,COM VÍTIMA,CASA AMARELA,RUA,RUA PADRE LEMOS,AVENIDA,AVENIDA PEDRO ALLAIN,EM FRENTE AO SUPERMERCADO CANELA,CASA AMARELA,,,COLISÃO LATERAL,0,1,0,0,0,1,0,0,0,1,0,Cruzamento,Bom,Não existe,Perfeito estado,Seca,Perfeito estado,Faixa de pedestre,R-6a,,Dupla,Não existe,,
2021-03-25,quinta-feira ,14:18:00,COM VÍTIMA,FUNDAO,RUA,RUA DO MACHADO,RUA,RUA MANOEL SILVA,NA RUA DOS IRRESPONSAVEIS,FUNDÃO,,SUBURBIO,COLISÃO LATERAL,1,1,0,0,0,0,0,0,0,1,0,Cruzamento,Bom,Não existe,Perfeito estado,Seca,Perfeito estado,Faixa de pedestre,Não hA placas,30 km/h,Dupla,Faixa seccionada,,
2021-03-25,quinta-feira ,15:54:00,COM VÍTIMA,GRACAS,RUA,RUA QUARENTA E OITO,RUA,RUA CONS PORTELA,FARMACIA PAGUE MENOS,GRAÇAS,11,CIDADE,COLISÃO TRANSVERSAL,1,1,0,0,0,0,0,0,0,2,0,Cruzamento,Bom,Com defeito,Incompleta,Seca,Perfeito estado,Faixa de pedestre,Não hA placas,30 km/h,Única,Faixa seccionada,,
2021-03-25,quinta-feira ,18:12:00,COM VÍTIMA,PINA,AVENIDA,AVENIDA ANTONIO DE GOES,,,PROXIMO AO JCPM,PINA,,CIDADE,COLISÃO LATERAL,1,1,0,0,0,0,0,0,0,2,0,Longo da via,Bom,Não existe,Perfeito estado,Seca,Perfeito estado,Não existe,Não hA placas,60 km/h,Única,Faixa seccionada,Canteiro central,
2021-03-26,sexta-feira ,09:37:00,SEM VÍTIMA,SANTO AMARO,RUA,RUA DOIS DE JULHO,AVENIDA,AVENIDA CRUZ CABUGA,,SANTO AMARO,,,,1,0,0,0,0,0,0,1,0,0,0,Longo da via,Bom,Não existe,Perfeito estado,Seca,Perfeito estado,Outros,Outras,30 km/h,Dupla,Não existe,,
2021-03-26,sexta-feira ,11:32:00,COM VÍTIMA,IBURA,RUA,RUA RIO XINGU,AVENIDA,AVENIDA DOIS RIOS,EM FRENTE AO POSTO BR,IBURA,351,SUBURBIO,COLISÃO TRANSVERSAL,1,1,0,0,0,0,0,0,0,1,0,Cruzamento,Bom,Sem defeito,Perfeito estado,Seca,Perfeito estado,Faixa de pedestre,Não hA placas,,Dupla,,,
2021-03-26,sexta-feira ,11:50:00,COM VÍTIMA,BOA VIAGEM,RUA,RUA PROFESSOR JOSE BRANDAO,RUA,RUA FRANCISCO DA CUNHA,EM FRENTE  AO EMPRESARIAL MASTER,BOA VIAGEM,,SUBURBIO,COLISÃO TRANSVERSAL,2,0,0,0,0,0,0,0,0,1,0,Cruzamento,Bom,Não existe,Perfeito estado,Seca,Perfeito estado,Faixa de retenção,"Placas ""Pare""",,Única,Faixa seccionada,,
2021-03-26,sexta-feira ,14:57:00,COM VÍTIMA,AFOGADOS,RUA,RUA COSME VIANA,RUA,RUA TRES DE AGOSTO,PRÓX AO HOTEL EROS,AFOGADOS,525,SUBURBIO,COLISÃO TRANSVERSAL,1,1,0,0,0,0,0,0,0,1,0,Cruzamento,Bom,Sem defeito,Perfeito estado,Seca,Perfeito estado,Faixa de pedestre,Outras,40 km/h,Única,Faixa contínua,Faixa seccionada,
2021-03-27,sábado ,03:20:00,COM VÍTIMA,ESPINHEIRO,AVENIDA,AVENIDA CONS ROSA E SILVA,RUA,RUA ANTENOR NAVARRO,EM FRENTE AO PONTO DO AÇAI,ESPINHEIRO,522,SUBURBIO,COLISÃO TRANSVERSAL,1,1,0,0,0,0,0,0,0,1,0,Cruzamento,Bom,Sem defeito,Perfeito estado,Seca,Perfeito estado,Faixa de pedestre,"Placas ""Pare""",40 km/h,Única,Faixa seccionada,,
2021-03-27,sábado ,15:17:00,COM VÍTIMA,JIQUIA,AVENIDA,AVENIDA DR JOSE RUFINO,RUA,RUA MORAIS E SILVA,PROX AO VIADUTO DA AV RECIFE  S/T AFOGADOS,JIQUIA,,,COLISÃO FRONTAL,1,1,0,0,0,0,0,0,0,1,0,,,,,,,,,,,,,
2021-03-27,sábado ,17:00:00,COM VÍTIMA,TEJIPIO,AVENIDA,AVENIDA DR JOSE RUFINO,RUA,RUA IGUACU,NO SEMAFORO  285 SENTIDO JABOATAO. EM FRENTE A PADARIA PONTO DO TRIGO / FABRICA DA PADARIA.,TEJIPIÓ,285,SUBURBIO,COLISÃO COM CICLISTA,1,0,0,1,0,0,0,0,0,1,0,Longo da via,Bom,Sem defeito,Perfeito estado,Seca,Mal iluminada,Faixa de pedestre,Outras,50 km/h,Dupla,Faixa contínua,,
2021-03-27,sábado ,20:11:00,COM VÍTIMA,CASA AMARELA,EST,EST DAS UBAIAS,RUA,RUA CONS NABUCO,E/F AO POSTO BR E PRÓX AO BOMPREÇO // SEMAFORO 655,CASA AMARELA,655,SUBURBIO,COLISÃO TRANSVERSAL,1,1,0,0,0,0,0,0,0,1,0,Cruzamento,Bom,Sem defeito,Perfeito estado,Seca,Perfeito estado,Faixa de pedestre,,,Dupla,Faixa contínua,,
2021-03-27,sábado ,21:16:40,COM VÍTIMA,CAMPO GRANDE,EST,EST DE BELEM,RUA,RUA ODORICO MENDES,ENTRE A EXTRA FARMA E DROGASIL / E/F AO COLÉGIO JESUS CRUCIFICADO,CAMPO GRANDE,26,,COLISÃO TRASEIRA,1,1,0,0,0,0,0,0,0,1,0,Longo da via,Chuvoso,Sem defeito,Perfeito estado,Molhada,Perfeito estado,Faixa de pedestre,,,Dupla,Faixa contínua,,
2021-03-28,domingo ,06:15:00,COM VÍTIMA,PINA,AVENIDA,AVENIDA CELSO FURTADO (VIA MANGUE),,,LADO  OPOSTO AO AERO CLUBE,PINA,,SUBURBIO,CHOQUE,0,1,0,0,0,0,0,0,0,1,0,Longo da via,Bom,Não existe,,,,Não existe,R-6a,,Dupla,,,
2021-03-28,domingo ,14:41:00,COM VÍTIMA,DERBY,AVENIDA,AVENIDA GOVERNADOR AGAMENON MAGALHAES,RUA,RUA HENRIQUE DIAS,NO CRUZAMENTO EM BAIXO DO SEMAFORO 068,DERBY,68,BOA VIAGEM,COLISÃO TRANSVERSAL,1,1,0,0,0,0,0,0,0,1,0,Cruzamento,Bom,Sem defeito,Perfeito estado,Seca,Perfeito estado,Faixa de pedestre,Outras,60 km/h,,Faixa contínua,Faixa seccionada,Canteiro central
2021-03-28,domingo ,15:36:00,COM VÍTIMA,SANTO AMARO,AVENIDA,AVENIDA GOVERNADOR AGAMENON MAGALHAES,AVENIDA,AVENIDA JOAO DE BARROS,PRÓX AO POSTO BR - QUITANDARIA (AV. JOAO DE BARROS),SANTO AMARO,,CIDADE,COLISÃO LATERAL,1,1,0,0,0,0,0,0,0,1,0,Esquina,Bom,Não existe,Perfeito estado,Seca,Perfeito estado,Não existe,Outras,,Única,Faixa seccionada,,
2021-03-28,domingo ,17:22:00,COM VÍTIMA,BOA VIAGEM,AVENIDA,AVENIDA CONSELHEIRO AGUIAR,RUA,RUA RIBEIRO DE BRITO,PXB4D39 X PGW4036,BOA VIAGEM,147,,COLISÃO LATERAL,2,0,0,0,0,0,0,0,0,3,0,Cruzamento,Bom,Sem defeito,Perfeito estado,Seca,Perfeito estado,Faixa de pedestre,Não hA placas,,Única,Faixa seccionada,,
2021-03-28,domingo ,19:43:00,COM VÍTIMA,BONGI,RUA,RUA PROFESSOR CELESTIN MALZAC,,,EM FRENTE A FACULDADE NOVA ROMA,BONGI,,CIDADE,COLISÃO TRANSVERSAL,1,1,0,0,0,0,0,0,0,1,0,Longo da via,Bom,Não existe,Incompleta,Seca,,Não existe,Não hA placas,,Dupla,Não existe,,
2021-03-29,segunda-feira ,09:24:00,COM VÍTIMA,MONTEIRO,RUA,RUA DE APIPUCOS,RUA,RUA DOM MALAN,,MONTEIRO,,SUBURBIO,COLISÃO TRANSVERSAL,1,1,0,0,0,0,0,0,0,1,0,Longo da via,Bom,Não existe,Perfeito estado,Seca,Perfeito estado,Não existe,R-6a,,Dupla,Faixa contínua,,
2021-03-29,segunda-feira ,09:47:00,COM VÍTIMA,VARZEA,RUA,RUA ACADEMICO HELIO RAMOS,,,"PROX. A UNIVER. FEDERAL, JUNTO A GRADE",VARZEA,,SUBURBIO,COLISÃO TRASEIRA,1,1,0,0,0,0,0,0,0,1,0,Longo da via,Bom,Sem defeito,Perfeito estado,Seca,Perfeito estado,Não existe,Não hA placas,30 km/h,,Faixa seccionada,,
2021-03-29,segunda-feira ,11:55:00,COM VÍTIMA,SANTO AMARO,AVENIDA,AVENIDA VISCONDE DE SUASSUNA,RUA,RUA DO HOSPICIO,ESQUINA COM O CENTRO CULTURAL ROSSINI ALVES COUTO,SANTO AMARO,32,CIDADE,COLISÃO LATERAL,1,0,1,0,0,0,0,0,0,1,0,Cruzamento,Bom,Sem defeito,Perfeito estado,Seca,Perfeito estado,Faixa de pedestre,Não hA placas,40 km/h,Dupla,Não existe,,
2021-03-29,segunda-feira ,13:33:00,COM VÍTIMA,BEBERIBE,AVENIDA,AVENIDA BEBERIBE,,,,BEBERIBE,,,COLISÃO FRONTAL,1,1,0,0,0,0,0,0,0,1,0,,,,,,,,,,,,,
2021-03-29,segunda-feira ,17:04:00,COM VÍTIMA,CORDEIRO,RUA,RUA DR MIGUEL VIEIRA FERREIRA,RUA,RUA IPINIRAS,PROX A ANTIGA RUA DA LAMA S/T  SUDENE   NO SEMAFORO 566,CORDEIRO,,SUBURBIO,COLISÃO TRANSVERSAL,1,1,0,0,0,0,0,0,0,1,0,Esquina,Bom,Não existe,Não existente,Seca,Perfeito estado,,,,Dupla,Não existe,,
2021-03-29,segunda-feira ,19:54:00,COM VÍTIMA,ILHA DO LEITE,AVENIDA,AVENIDA GOVERNADOR AGAMENON MAGALHAES,,,E/F AO EMPRESARIAL NASSAU (VIA LOCAL) // SENTIDO OLINDA,ILHA DO LEITE,69,,ENGAVETAMENTO,4,0,0,0,0,0,0,0,0,3,0,,,,,,,,,,,,,
2021-03-29,segunda-feira ,22:34:40,SEM VÍTIMA,MADALENA,AVENIDA,AVENIDA BEIRA RIO,RUA,RUA JOSE OSORIO,COM A RUA JOSÉ OSORIO,MADALENA,327,,COLISÃO TRASEIRA,1,0,0,0,0,0,0,1,0,0,0,,,,,,,,,,,,,
2021-03-30,terça-feira ,05:13:00,COM VÍTIMA,IPUTINGA,AVENIDA,AVENIDA CAXANGA,RUA,RUA MANOEL JOAQUIM DE ALMEIDA,LADO OPOSTO AO BIG BOMPREÇO,IPUTINGA,533,CIDADE,COLISÃO COM CICLISTA,0,1,0,1,0,0,0,0,0,1,0,Cruzamento,Chuvoso,Sem defeito,Perfeito estado,Molhada,Perfeito estado,Faixa de pedestre,Outras,,Única,Outros,,
2021-03-30,terça-feira ,08:06:00,COM VÍTIMA,IMBIRIBEIRA,AVENIDA,AVENIDA MARECHAL MASCARENHAS DE MORAES,,,EM FRENTE A FACULDADE PERNAMBUCANA DE SAUDE,IMBIRIBEIRA,530,CIDADE,COLISÃO TRASEIRA,1,1,0,0,0,0,0,0,0,1,0,Longo da via,Nublado,Sem defeito,Perfeito estado,Molhada,Perfeito estado,Faixa de pedestre,Outras,,Única,Faixa seccionada,Canteiro central,