data,dia_semana,hora,natureza,bairro,logradouro_endereco,endereco,logradouro_detalhe_endereco,detalhe_endereco_acidente,complemento,bairro_cruzamento,num_semaforo,sentido_via,tipo,auto,moto,ciclom,ciclista,pedestre,onibus,caminhao,viatura,outros,vitimas,vitimasfatais,acidente_verificado,tempo_clima,situacao_semaforo,sinalizacao,condicao_via,conservacao_via,ponto_controle,situacao_placa,velocidade_max_via,mao_direcao,divisao_via1,divisao_via2,divisao_via3
2021-03-30,terça-feira ,12:40:00,COM VÍTIMA,BOA VIAGEM,RUA,RUA VISCONDE DE JEQUITINHONHA,,,,BOA VIAGEM,158,SUBURBIO,ATROPELAMENTO DE PESSOA,0,1,0,0,1,0,0,0,0,1,0,Longo da via,Bom,Sem defeito,Perfeito estado,Seca,Perfeito estado,Faixa de pedestre,Outras,60 km/h,Única,Faixa seccionada,,
2021-03-30,terça-feira ,18:13:00,COM VÍTIMA,IMBIRIBEIRA,AVENIDA,AVENIDA SUL,,,POR TRAS DA LOJA GRILHO  / PRÓX  A ESTAÇÃO IMBIRIBEIRA,IMBIRIBEIRA,,SUBURBIO,ATROPELAMENTO DE PESSOA,1,0,0,0,1,0,0,0,0,1,0,Longo da via,Bom,Não existe,Perfeito estado,Seca,Perfeito estado,Não existe,Não hA placas,30 km/h,Dupla,Não existe,,
2021-03-31,quarta-feira ,08:51:00,COM VÍTIMA,CASA AMARELA,RUA,RUA CONS NABUCO,RUA,RUA EVARISTO DA VEIGA,EDIF. SOLAR TRINDADE,CASA AMARELA,285,CIDADE,COLISÃO TRANSVERSAL,1,1,0,0,0,0,0,0,0,2,0,Longo da via,Bom,Sem defeito,Perfeito estado,Seca,Mal iluminada,Faixa de pedestre,Outras,50 km/h,Dupla,Faixa contínua,,
2021-03-31,quarta-feira ,15:32:00,SEM VÍTIMA,DERBY,AVENIDA,AVENIDA GOVERNADOR AGAMENON MAGALHAES,,,SOB O SEMAFORO Nº 075 / SENTIDO SUL,DERBY,75,CIDADE,,1,1,0,0,0,0,0,0,0,0,0,Cruzamento,Bom,Sem defeito,Perfeito estado,Seca,Perfeito estado,Agente,,60 km/h,Dupla,Canal,,
2021-03-31,quarta-feira ,16:15:00,COM VÍTIMA,BREJO DA GUABIRABA,AVENIDA,AVENIDA VEREADOR OTACILIO AZEVEDO,RUA,RUA SENHOR DO BONFIM,E/F A GARAGEM DA GLOBO  S/T  SUB,BREJO DA GUABIRABA,,,COLISÃO LATERAL,1,1,0,0,0,0,0,0,0,2,0,Longo da via,Bom,Não existe,Não existente,Seca,Perfeito estado,Não existe,Não hA placas,,Dupla,Não existe,,
2021-03-31,quarta-feira ,17:05:00,COM VÍTIMA,MADALENA,AVENIDA,AVENIDA VISCONDE DE ALBUQUERQUE,,,PROXIMO A ESQUINA DA RUA DR. ARTHUR GONÇALVES, Hospital D'Avila,MADALENA,,SUBURBIO,COLISÃO TRASEIRA,1,1,0,0,0,0,0,0,0,1,0,Longo da via,Bom,Não existe,Perfeito estado,Seca,Perfeito estado,Não existe,Não hA placas,30 km/h,Única,Faixa seccionada,
2021-03-31,quarta-feira ,17:39:00,COM VÍTIMA,PAISSANDU,AVENIDA,AVENIDA GOVERNADOR AGAMENON MAGALHAES,RUA,RUA GENERAL JOAQUIM INACIO,E/F AO BANCO SAFRA  PROX AO HOSPITAL PORTUGUES,PAISSANDU,69,OLINDA,COLISÃO LATERAL,1,1,0,0,0,0,0,0,0,1,0,Cruzamento,Bom,Sem defeito,Perfeito estado,Seca,Perfeito estado,Agente,R-19,60 km/h,Dupla,Canteiro central,,
2021-03-31,quarta-feira ,19:57:00,COM VÍTIMA,SAN MARTIN,AVENIDA,AVENIDA RECIFE,AVENIDA,AVENIDA JOAO CABRAL DE MELO NETO,CRUZAMENTO COM  A AV JOÃO CABRAL DE MELO NETO,SAN MARTIN,259,SUBURBIO,COLISÃO TRASEIRA,1,1,0,0,0,0,0,0,0,1,0,Longo da via,Bom,Sem defeito,Perfeito estado,Seca,Perfeito estado,Faixa de pedestre,R-4a,,Dupla,Canteiro central,Blocos,
2021-04-01,quinta-feira ,00:14:00,COM VÍTIMA,IBURA,RUA,RUA JORNALISTA EDSON REGIS,,,EM FRENTE A FABRICA DA FREVO REFRIGERANTES,IBURA,,,COLISÃO LATERAL,1,1,0,0,0,0,0,0,0,1,0,,,,,,,,,,,,,
2021-04-01,quinta-feira ,07:09:00,COM VÍTIMA,IMBIRIBEIRA,AVENIDA,AVENIDA MARECHAL MASCARENHAS DE MORAES,,,EM FRENTE A FACULDADE PERNAMBUCANA DE SAUDE,IMBIRIBEIRA,531,SUBURBIO,COLISÃO TRASEIRA,1,1,0,0,0,0,0,0,0,1,0,Longo da via,Bom,Sem defeito,Perfeito estado,Seca,Perfeito estado,Faixa de pedestre,R-6a,60 km/h,Dupla,Faixa contínua,Faixa seccionada,Canteiro central
2021-04-01,quinta-feira ,10:58:00,COM VÍTIMA,SANTO ANTONIO,AVENIDA,AVENIDA MARTINS DE BARROS,RUA,RUA SIQUEIRA CAMPOS,,SANTO ANTÔNIO,,,COLISÃO TRASEIRA,1,2,0,0,0,0,0,0,0,1,0,Cruzamento,Bom,Não existe,Perfeito estado,Seca,Perfeito estado,Não existe,Não hA placas,40 km/h,Única,Faixa seccionada,,
2021-04-01,quinta-feira ,19:19:00,COM VÍTIMA,BARRO,AVENIDA,AVENIDA DR JOSE RUFINO,RUA,RUA CAPITAO PONCIANO,PRÓXIMO DA IGREJA DO BARRO,BARRO,,CIDADE,COLISÃO TRASEIRA,1,1,0,0,0,0,0,0,0,1,0,Cruzamento,Bom,Não existe,Incompleta,Seca,Perfeito estado,Não existe,Outras,40 km/h,Dupla,Faixa contínua,,
2021-04-01,quinta-feira ,19:43:00,SEM VÍTIMA,SANTO ANTONIO,RUA,RUA DA CONCORDIA,PRC,PRC SERGIO LORETO,,SANTO ANTÔNIO,408,,CHOQUE,1,0,0,0,0,0,1,0,0,0,0,,,,,,,,,,,,,
2021-04-01,quinta-feira ,21:22:40,COM VÍTIMA,MADALENA,RUA,RUA PESSOA DE MELO,,,"PRC EÇA DE QUEIROZ, EM FRENTE AO BEERDOCK",MADALENA,,SUBURBIO,COLISÃO FRONTAL,1,1,0,0,0,0,0,0,0,1,0,Cruzamento,Chuvoso,Não existe,Perfeito estado,Molhada,Perfeito estado,Faixa de pedestre,Não hA placas,40 km/h,Única,,,
2021-04-02,sexta-feira ,09:25:00,SEM VÍTIMA,CAXANGA,AVENIDA,AVENIDA CAXANGA,RUA,RUA CLAUDIO BROTHERHOOD,,CAXANGA,235,,SEMAFORO,0,0,0,0,0,0,0,0,0,0,0,,,,,,,,,,,,,
2021-04-02,sexta-feira ,11:03:00,SEM VÍTIMA,CAXANGA,AVENIDA,AVENIDA CAXANGA,RUA,RUA CLAUDIO BROTHERHOOD,,CAXANGA,235,,SEMAFORO,0,0,0,0,0,0,0,0,0,0,0,,,,,,,,,,,,,
2021-04-02,sexta-feira ,12:24:00,SEM VÍTIMA,CORDEIRO,AVENIDA,AVENIDA CAXANGA,RUA,RUA CLAUDIO BROTHERHOOD,,CORDEIRO,235,,SEMAFORO,0,0,0,0,0,0,0,0,0,0,0,,,,,,,,,,,,,
2021-04-02,sexta-feira ,20:46:00,COM VÍTIMA,BOA VISTA,AVENIDA,AVENIDA GOVERNADOR AGAMENON MAGALHAES,RUA,RUA DR LEOPOLDO LINS,CRUZAMENTO C/A RUA DR LEOPOLDO LINS - SENTIDO OLINDA,BOA VISTA,78,SUBURBIO,COLISÃO LATERAL,0,0,0,0,0,0,0,0,0,1,0,,,,,,,,,,,,,
2021-04-02,sexta-feira ,21:22:40,COM VÍTIMA,TORRE,RUA,RUA JOSE BONIFACIO,RUA,RUA CONDE DE IRAJA,CRUZAMENTO DA RUA JOSE BONIFACIO COM CONDE DE IRAJA,TORRE,191,SUBURBIO,COLISÃO COM CICLISTA,1,0,0,1,0,0,0,0,0,1,0,Cruzamento,Bom,Sem defeito,Perfeito estado,Seca,Perfeito estado,Faixa de pedestre,,40 km/h,Única,,,
2021-04-03,sábado ,09:47:00,COM VÍTIMA,CAMPO GRANDE,EST,EST DE BELEM,RUA,RUA JERONIMO VILELA,EM FRENTE AO COLEGIO JESUS CRUCIFICADO,CAMPO GRANDE,,,COLISÃO LATERAL,1,1,0,0,0,0,0,0,0,2,0,,,,,,,,,,,,,
2021-04-03,sábado ,10:31:00,COM VÍTIMA,SANTO AMARO,AVENIDA,AVENIDA CRUZ CABUGA,,,EM FRENTE A SANTA CASA,SANTO AMARO,474,CIDADE,COLISÃO TRASEIRA,1,1,0,0,0,0,0,0,0,1,0,Longo da via,Bom,Sem defeito,Perfeito estado,Seca,Perfeito estado,Faixa de retenção,Outras,,Dupla,Blocos,,
2021-04-03,sábado ,15:20:00,SEM VÍTIMA,BOA VISTA,AVENIDA,AVENIDA GOVERNADOR AGAMENON MAGALHAES,,,EM FRENTE A PARADA DE ÔNIBUS Nº 180184,BOA VISTA,,SUBURBIO,COLISÃO TRASEIRA,2,0,0,0,0,0,0,0,0,0,0,Longo da via,Bom,Sem defeito,Perfeito estado,Seca,Perfeito estado,Faixa de pedestre,,60 km/h,Dupla,Canteiro central,,
2021-04-03,sábado ,18:17:00,COM VÍTIMA,CORDEIRO,AVENIDA,AVENIDA GENERAL SAN MARTIN,RUA,RUA GOMES TABORDA,,CORDEIRO,767,SUBURBIO,COLISÃO FRONTAL,1,1,0,0,0,0,0,0,0,1,0,Cruzamento,Bom,Sem defeito,Perfeito estado,Seca,Perfeito estado,Faixa de pedestre,Não hA placas,60 km/h,Dupla,Faixa contínua,,
2021-04-03,sábado ,20:59:00,SEM VÍTIMA,VARZEA,RUA,RUA PROFESSOR ANTONIO COELHO,RUA,RUA EMILIANO BRAGA,TERMINAL DE ÔNIBUS DE PASSAGEIRO ( CDU),VARZEA,,SUBURBIO,COLISÃO TRANSVERSAL,1,0,0,0,0,1,0,0,0,0,0,Cruzamento,Bom,Não existe,Perfeito estado,Seca,Perfeito estado,Faixa de retenção,"Placas ""Pare""",,Única,,,
2021-04-04,domingo ,11:56:00,COM VÍTIMA,TAMARINEIRA,RUA,RUA CONEGO BARATA,,,AO LADO DA FERREIRA COSTA,TAMARINEIRA,,SUBURBIO,CHOQUE,0,1,0,0,0,0,0,0,0,1,0,Longo da via,Bom,Não existe,Não existente,Seca,Outros,Não existe,Não hA placas,,Única,Não existe,,
2021-04-05,segunda-feira ,06:30:00,SEM VÍTIMA,PINA,RUA,RUA ARQUITETO AUGUSTO REINALDO,,,EM FRENTE AO ATACADO DA CONSTRUÇAO,PINA,,,COLISÃO LATERAL,1,0,0,0,0,0,0,1,0,0,0,,,,,,,,,,,,,
2021-04-05,segunda-feira ,14:34:00,COM VÍTIMA,AGUA FRIA,AVENIDA,AVENIDA BEBERIBE,EST,EST VELHA DE AGUA FRIA,EM FRENTE A FEIRA NOVA DE AGUA FRIA,AGUA FRIA,405,CIDADE,COLISÃO COM CICLISTA,0,0,0,1,0,0,1,0,0,1,0,Longo da via,Bom,Sem defeito,Perfeito estado,Seca,Perfeito estado,Faixa de pedestre,Outras,30 km/h,Dupla,Faixa contínua,,
2021-04-05,segunda-feira ,15:16:00,SEM VÍTIMA,CASA AMARELA,RUA,RUA DA HARMONIA,,,CONDOMÍNIO ALMEIDA HARMONIA,CASA AMARELA,598,SUBURBIO,COLISÃO TRASEIRA,2,0,0,0,0,0,0,0,0,0,0,Longo da via,Bom,Sem defeito,Perfeito estado,Seca,Perfeito estado,Não existe,,,Dupla,Faixa seccionada,,
2021-04-05,segunda-feira ,16:21:00,SEM VÍTIMA,TORROES,RUA,RUA ZUMBI DOS PALMARES,RUA,RUA EDVALDO MARANHAO FERREIRA,UNIDADE DE SAUDE DA FAMILIA COSIROF,TORRÕES,,SUBURBIO,COLISÃO TRASEIRA,1,0,0,0,0,0,0,0,0,0,0,Cruzamento,Bom,Não existe,Não existente,Seca,Perfeito estado,Não existe,R-6a,30 km/h,Dupla,Não existe,,
2021-04-05,segunda-feira ,21:19:40,COM VÍTIMA,ILHA JOANA BEZERRA,VIADUTO,VIADUTO CAPITAO TEMUDO,,,EM CIMA DO VIADUTO CAPITÃO TEMUDO,ILHA JOANA BEZERRA,,BOA VIAGEM,COLISÃO TRASEIRA,1,1,0,0,0,0,0,0,0,2,0,Viaduto,Bom,Não existe,Perfeito estado,Seca,Perfeito estado,Não existe,Não hA placas,60 km/h,Dupla,Faixa seccionada,,
2021-04-06,terça-feira ,08:13:00,COM VÍTIMA,CORDEIRO,AVENIDA,AVENIDA CAXANGA,,,SENT. CIDADE,CORDEIRO,,CIDADE,COLISÃO TRASEIRA,1,1,0,0,0,0,0,0,0,1,0,Longo da via,Bom,Não existe,Perfeito estado,Seca,Perfeito estado,Não existe,R-6a,,Dupla,Canteiro central,,
2021-04-06,terça-feira ,12:09:00,COM VÍTIMA,COQUEIRAL,RUA,RUA ANANIAS CATANHO,RUA,RUA ALTO PIQUIRI,PRÓXIMO AO TERMINAL DE ONIBUS DE TOTO PLANALTO.,COQUEIRAL,,CIDADE,ATROPELAMENTO DE PESSOA,0,0,0,0,1,1,0,0,0,1,0,Longo da via,Bom,Não existe,Perfeito estado,Seca,Perfeito estado,Não existe,Não hA placas,40 km/h,Dupla,Não existe,,
2021-04-06,terça-feira ,12:34:00,SEM VÍTIMA,SAO JOSE,TRV,TRV DO RAPOSO,,,EM BAIXO DO PONTILHÃO DA FAVELA DO PAPELÃO,SÃO JOSÉ,,,COLISÃO LATERAL,1,0,0,0,0,0,0,0,1,0,0,Longo da via,Bom,Não existe,Não existente,Seca,Perfeito estado,Não existe,Não hA placas,,Dupla,Não existe,,
2021-04-06,terça-feira ,13:03:00,COM VÍTIMA,PONTO DE PARADA,RUA,RUA MEM DE SA,RUA,RUA DEPUTADO PEDRO VELHO,PROXIMO A COCA COLA,PONTO DE PARADA,,CIDADE,COLISÃO FRONTAL,1,1,0,0,0,0,0,0,0,2,0,Cruzamento,Bom,Não existe,Incompleta,Seca,Perfeito estado,Não existe,Não hA placas,40 km/h,Dupla,Não existe,,
2021-04-06,terça-feira ,14:03:00,COM VÍTIMA,AFOGADOS,RUA,RUA COSME VIANA,RUA,RUA CORONEL ALFREDO DUARTE,EM FRENTE AO BOI GRILL E POSTO SETTA,AFOGADOS,430,S,COLISÃO LATERAL,1,1,0,0,0,0,0,0,0,2,0,Cruzamento,Bom,Sem defeito,Perfeito estado,Seca,Perfeito estado,,R-6a,60 km/h,Única,Faixa contínua,,
2021-04-06,terça-feira ,14:49:00,COM VÍTIMA,VARZEA,RUA,RUA EMILIANO BRAGA,,,POR TRAS DA CAXANGA VEÍCULO,VARZEA,,,COLISÃO FRONTAL,1,1,0,0,0,0,0,0,0,1,0,,,,,,,,,,,,,
2021-04-06,terça-feira ,18:22:00,COM VÍTIMA,CAXANGA,AVENIDA,AVENIDA CAXANGA,AVENIDA,AVENIDA LUIZ DE LACERDA,E/F A L2 AUTOMOVEIS. LADO OPOSTO A CAXANGA VEÍCULOS.,CAXANGA,,SUBURBIO,COLISÃO LATERAL,1,1,0,0,0,0,0,0,0,1,0,,Bom,Não existe,Perfeito estado,Seca,Perfeito estado,Não existe,Não hA placas,,Única,Faixa seccionada,,
2021-04-07,quarta-feira ,10:03:00,COM VÍTIMA,TORRE,RUA,RUA MAURICIO DE NASSAU,,,AO LADO DO POSTO PETROCAL,TORRE,,,ATROPELAMENTO DE PESSOA,0,1,0,0,1,0,0,0,0,1,0,Longo da via,Bom,Não existe,Perfeito estado,Seca,Perfeito estado,,Não hA placas,60 km/h,Dupla,Faixa seccionada,,
2021-04-07,quarta-feira ,10:37:00,COM VÍTIMA,AFOGADOS,AVENIDA,AVENIDA SUL,,,EM FRENTE A POLICLINICA AGAMENON MAGALHAES,AFOGADOS,,CIDADE,COLISÃO COM CICLISTA,0,1,0,1,0,0,0,0,0,4,0,Longo da via,Bom,Sem defeito,Incompleta,Seca,Perfeito estado,Não existe,Outras,,Única,Faixa seccionada,,
2021-04-07,quarta-feira ,10:48:00,COM VÍTIMA,DERBY,AVENIDA,AVENIDA GOVERNADOR AGAMENON MAGALHAES,RUA,RUA HENRIQUE DIAS,E/F AO ANTIGO RESTAURANTE SPETTUS,DERBY,68,,COLISÃO LATERAL,1,1,0,0,0,0,0,0,0,1,0,Cruzamento,Bom,Sem defeito,Perfeito estado,Seca,Perfeito estado,Faixa de pedestre,Outras,,Única,,,
2021-04-07,quarta-feira ,13:01:00,COM VÍTIMA,TEJIPIO,AVENIDA,AVENIDA DR JOSE RUFINO,,,EM FRENTE AO CONDOMINIO MORADA DO BARRO,TEJIPIÓ,,C,COLISÃO LATERAL,1,1,0,0,0,0,0,0,0,1,0,Longo da via,Bom,Não existe,Perfeito estado,Seca,Perfeito estado,Não existe,Não hA placas,60 km/h,Dupla,Faixa contínua,,
2021-04-07,quarta-feira ,13:24:00,COM VÍTIMA,AFOGADOS,RUA,RUA SAO MIGUEL,,,"EM FRENTE AO POSTO DISLUB / TRAVESSA SÃO MIGUEL,01",AFOGADOS,,SUBURBIO,COLISÃO TRASEIRA,0,1,0,0,0,0,0,1,0,1,0,Longo da via,Bom,Não existe,Perfeito estado,Seca,Perfeito estado,Não existe,,60 km/h,Dupla,Faixa contínua,,
2021-04-08,quinta-feira ,08:32:00,COM VÍTIMA,NOVA DESCOBERTA,AVENIDA,AVENIDA NORTE,TRV,TRV JUSTICA E PAZ,NO RETORNO DO POSTO SÃO SEBASTIÃO,NOVA DESCOBERTA,,CIDADE,COLISÃO LATERAL,1,0,1,0,0,0,0,0,0,1,0,,Bom,Não existe,Incompleta,Seca,Perfeito estado,Não existe,Outras,60 km/h,Dupla,Canteiro central,,
2021-04-08,quinta-feira ,14:18:00,COM VÍTIMA,JARDIM SAO PAULO,AVENIDA,AVENIDA PIRACICABA,,,E/F AO ARMAZEM  DE VALERIA,JARDIM SÃO PAULO,,,COLISÃO FRONTAL,1,1,0,0,0,1,0,0,0,1,0,,,,,,,,,,,,,
2021-04-08,quinta-feira ,19:12:00,SEM VÍTIMA,ENCRUZILHADA,AVENIDA,AVENIDA NORTE,RUA,RUA ALFREDO DE CASTRO,CRUZAMENTO COM A RUA ALFREDO DE CASTRO,ENCRUZILHADA,665,,CHOQUE,0,0,0,0,0,0,0,0,0,0,0,,,,,,,,,,,,,
2021-04-08,quinta-feira ,20:39:00,COM VÍTIMA,AFOGADOS,RUA,RUA VINTE E UM DE ABRIL,RUA,RUA JOSUE PEREIRA,E/F AO CLUBE FERROVIARIO,AFOGADOS,,SUBURBIO,COLISÃO LATERAL,1,1,0,0,0,0,0,0,0,2,0,Longo da via,Bom,Sem defeito,Perfeito estado,Seca,Perfeito estado,,Não hA placas,30 km/h,Dupla,Não existe,,
2021-04-09,sexta-feira ,08:49:00,SEM VÍTIMA,VARZEA,AVENIDA,AVENIDA JOAQUIM RIBEIRO,,,SOB O SEMAFORO 281,VARZEA,,,COLISÃO TRASEIRA,1,0,0,0,0,0,0,1,0,0,0,Cruzamento,Bom,Sem defeito,Perfeito estado,Seca,Perfeito estado,Faixa de pedestre,Outras,60km/h,Única,Canteiro central,,
2021-04-09,sexta-feira ,09:31:00,COM VÍTIMA,IMBIRIBEIRA,AVENIDA,AVENIDA MARECHAL MASCARENHAS DE MORAES,RUA,RUA JALISCO,EM FRENTE AO GERALDÃO,IMBIRIBEIRA,290,CIDADE,COLISÃO TRASEIRA,2,0,1,0,0,0,1,0,0,1,0,Cruzamento,Bom,Sem defeito,Perfeito estado,Seca,Perfeito estado,Faixa de pedestre,Outras,60 km/h,Única,Faixa contínua,,
2021-04-09,sexta-feira ,18:20:00,COM VÍTIMA,BOA VIAGEM,RUA,RUA RIBEIRO DE BRITO,,,ANTES DA SUBIDA DO VIADUTO TANCREDO NEVES,BOA VIAGEM,,,ATROPELAMENTO DE PESSOA,0,1,0,0,1,0,0,0,0,1,0,Longo da via,Chuvoso,,,Molhada,Perfeito estado,,Não hA placas,,Única,Faixa contínua,Faixa seccionada,
2021-04-09,sexta-feira ,19:12:00,SEM VÍTIMA,ESPINHEIRO,AVENIDA,AVENIDA GOVERNADOR AGAMENON MAGALHAES,,,EM CIMA DO VIADUTO QUE CRUZA AVENIDA JOÃO DE BARROS,ESPINHEIRO,,CIDADE,COLISÃO TRASEIRA,1,0,0,0,0,0,0,1,0,0,0,Viaduto,Chuvoso,Não existe,Não existente,Molhada,Perfeito estado,Não existe,Não hA placas,,Única,Faixa contínua,,
2021-04-10,sábado ,06:45:00,COM VÍTIMA,MADALENA,RUA,RUA BENFICA,AVENIDA,AVENIDA VISCONDE DE ALBUQUERQUE,EM FRENTE AO BOM PREÇO E POSTO EXTRA,MADALENA,51,,COLISÃO LATERAL,0,3,0,0,0,0,0,0,0,1,0,Cruzamento,Chuvoso,Sem defeito,Perfeito estado,Molhada,Perfeito estado,Faixa de pedestre,Não hA placas,,Dupla,Não existe,,
2021-04-10,sábado ,07:10:00,COM VÍTIMA,ROSARINHO,AVENIDA,AVENIDA NORTE,AVENIDA,AVENIDA SANTOS DUMONT,PRÓXIMO À PADARIA ROSARINHO,ROSARINHO,,SUBURBIO,COLISÃO TRANSVERSAL,0,1,0,0,0,0,0,1,0,1,0,Cruzamento,Bom,Sem defeito,Perfeito estado,Molhada,Perfeito estado,Faixa de pedestre,Outras,,Dupla,,,
2021-04-10,sábado ,11:07:00,SEM VÍTIMA,BOA VIAGEM,RUA,RUA VISCONDE DE JEQUITINHONHA,RUA,RUA PROFESSOR MARIO CASTRO,RUA PROFESSOR MARIO CASTRO,BOA VIAGEM,158,,SEMAFORO,0,0,0,0,0,0,0,0,0,0,0,,,,,,,,,,,,,
2021-04-10,sábado ,11:45:00,SEM VÍTIMA,CASA FORTE,EST,EST DAS UBAIAS,RUA,RUA CONS NABUCO,RUA CONS NABUCO,CASA FORTE,655,,SEMAFORO,0,0,0,0,0,0,0,0,0,0,0,,,,,,,,,,,,,
2021-04-10,sábado ,16:11:00,SEM VÍTIMA,PAISSANDU,AVENIDA,AVENIDA GOVERNADOR AGAMENON MAGALHAES,RUA,RUA GENERAL JOAQUIM INACIO,SEMAFORO 069,PAISSANDU,,,SEMAFORO,0,0,0,0,0,0,0,0,0,0,0,,,,,,,,,,,,,
2021-04-10,sábado ,16:11:00,SEM VÍTIMA,PAISSANDU,AVENIDA,AVENIDA GOVERNADOR AGAMENON MAGALHAES,RUA,RUA PAISSANDU,SEMAFORO 070,PAISSANDU,,,SEMAFORO,0,0,0,0,0,0,0,0,0,0,0,,,,,,,,,,,,,
2021-04-10,sábado ,16:36:00,SEM VÍTIMA,DERBY,AVENIDA,AVENIDA GOVERNADOR AGAMENON MAGALHAES,AVENIDA,AVENIDA RUI BARBOSA,,DERBY,,,SEMAFORO,0,0,0,0,0,0,0,0,0,0,0,,,,,,,,,,,,,
2021-04-10,sábado ,16:36:00,SEM VÍTIMA,DERBY,AVENIDA,AVENIDA GOVERNADOR AGAMENON MAGALHAES,AVENIDA,AVENIDA RUI BARBOSA,,DERBY,,,SEMAFORO,0,0,0,0,0,0,0,0,0,0,0,,,,,,,,,,,,,
2021-04-10,sábado ,19:55:00,COM VÍTIMA,CASA FORTE,AVENIDA,AVENIDA DEZESSETE DE AGOSTO,RUA,RUA LAURINDO COELHO,E/F A CAOA CHERY,CASA FORTE,,SUBURBIO,COLISÃO TRANSVERSAL,1,1,0,0,0,0,0,0,0,1,0,Esquina,Chuvoso,Não existe,Perfeito estado,Molhada,Perfeito estado,Não existe,Não hA placas,40 km/h,Dupla,Faixa contínua,,
2021-04-11,domingo ,07:11:00,SEM VÍTIMA,BOA VIAGEM,AVENIDA,AVENIDA FERNANDO SIMOES BARBOSA,,,EM FRENTE AO EDF CATALINA/GALERIA SANTO ANTONIO,BOA VIAGEM,,,CHOQUE,1,0,0,0,0,0,0,0,0,0,0,,,,,,,,,,,,,
2021-04-11,domingo ,17:16:00,COM VÍTIMA,PINA,AVENIDA,AVENIDA REPUBLICA ARABE UNIDA,RUA,RUA NOGUEIRA DE SOUZA,EM FRENTE AO EDF. SÃO CAETANO,PINA,658,,COLISÃO LATERAL,2,0,0,0,0,0,0,0,0,3,0,Cruzamento,Chuvoso,Desligado,Perfeito estado,Molhada,Perfeito estado,Faixa de pedestre,Outras,,Única,Faixa seccionada,,
2021-04-11,domingo ,22:02:40,COM VÍTIMA,BOA VIAGEM,AVENIDA,AVENIDA CONSELHEIRO AGUIAR,RUA,RUA BALTAZAR PEREIRA,"AO LADO DO PORPINO HAMBURGUERIA, EM FRENTE A CASA DE DISIGN MÓVEIS PERSONALIZADOS",BOA VIAGEM,,CIDADE,COLISÃO FRONTAL,0,2,0,0,0,0,0,0,0,2,0,Cruzamento,Chuvoso,Não existe,Perfeito estado,Molhada,Perfeito estado,Não existe,Não hA placas,,Única,Faixa seccionada,,
2021-04-11,domingo ,23:20:40,COM VÍTIMA,BONGI,RUA,RUA ISAAC MARKMAN,,,"PROXIMO DA CELPE, PROXIMO AO TERMINAL DO BONGI",BONGI,,,COLISÃO LATERAL,1,1,0,0,0,0,0,0,0,1,0,,,,,,,,,,,,,
2021-04-12,segunda-feira ,07:32:00,SEM VÍTIMA,CORDEIRO,AVENIDA,AVENIDA ENGENHEIRO ABDIAS DE CARVALHO,EST,EST DO FORTE DO ARRAIAL N. DO B. JESUS,EST DO FORTE DO ARRAIAL N. DO B. JESUS,CORDEIRO,375,,SEMAFORO,0,0,0,0,0,0,0,0,0,0,0,,,,,,,,,,,,,
2021-04-12,segunda-feira ,07:32:00,SEM VÍTIMA,MADALENA,AVENIDA,AVENIDA BEIRA RIO,RUA,RUA JOSE OSORIO,RUA JOSE OSORIO,MADALENA,387,,SEMAFORO,0,0,0,0,0,0,0,0,0,0,0,,,,,,,,,,,,,
2021-04-12,segunda-feira ,07:32:00,SEM VÍTIMA,VARZEA,AVENIDA,AVENIDA CAXANGA,RUA,RUA RODRIGUES FERREIRA,RUA RODRIGUES FERREIRA,VARZEA,232,,SEMAFORO,0,0,0,0,0,0,0,0,0,0,0,,,,,,,,,,,,,
2021-04-12,segunda-feira ,07:48:00,COM VÍTIMA,SANTO AMARO,RUA,RUA TREZE DE MAIO,RUA,RUA DOS PALMARES,,SANTO AMARO,30,SUBURBIO,COLISÃO TRANSVERSAL,1,1,0,0,0,0,0,0,0,1,0,Cruzamento,Bom,Sem defeito,Perfeito estado,Seca,Perfeito estado,Faixa de pedestre,R-4a,,Única,Faixa contínua,,
2021-04-12,segunda-feira ,08:08:00,SEM VÍTIMA,VARZEA,AVENIDA,AVENIDA CAXANGA,AVENIDA,AVENIDA AFONSO OLINDENSE,AV AFONSO OLINDENSE,VARZEA,568,,SEMAFORO,0,0,0,0,0,0,0,0,0,0,0,,,,,,,,,,,,,
2021-04-12,segunda-feira ,08:09:00,SEM VÍTIMA,SAO JOSE,CAIS,CAIS SANTA RITA,,,EM FRENTE AO ARMAZEM 16,SÃO JOSÉ,76,,SEMAFORO,0,0,0,0,0,0,0,0,0,0,0,,,,,,,,,,,,,
2021-04-12,segunda-feira ,08:18:00,SEM VÍTIMA,BOA VISTA,RUA,RUA DO HOSPICIO,RUA,RUA PRINCESA IZABEL,,BOA VISTA,,,SEMAFORO,0,0,0,0,0,0,0,0,0,0,0,,,,,,,,,,,,,
2021-04-12,segunda-feira ,08:19:00,SEM VÍTIMA,BOA VIAGEM,AVENIDA,AVENIDA BOA VIAGEM,RUA,RUA PROFESSOR MARIO CASTRO,RUA PROFESSOR MARIO CASTRO,BOA VIAGEM,148,,SEMAFORO,0,0,0,0,0,0,0,0,0,0,0,,,,,,,,,,,,,
2021-04-12,segunda-feira ,08:21:00,SEM VÍTIMA,BOA VISTA,RUA,RUA GERVASIO PIRES,RUA,RUA DO RIACHUELO,RIACHUELLO,BOA VISTA,175,,SEMAFORO,0,0,0,0,0,0,0,0,0,0,0,,,,,,,,,,,,,