data,dia_semana,hora,natureza,bairro,logradouro_endereco,endereco,logradouro_detalhe_endereco,detalhe_endereco_acidente,complemento,bairro_cruzamento,num_semaforo,sentido_via,tipo,auto,moto,ciclom,ciclista,pedestre,onibus,caminhao,viatura,outros,vitimas,vitimasfatais,acidente_verificado,tempo_clima,situacao_semaforo,sinalizacao,condicao_via,conservacao_via,ponto_controle,situacao_placa,velocidade_max_via,mao_direcao,divisao_via1,divisao_via2,divisao_via3
2021-05-03,segunda-feira ,08:07:00,COM VÍTIMA,CORDEIRO,RUA,RUA GOMES TABORDA,AVENIDA,AVENIDA GENERAL SAN MARTIN,EM  FRENTE AO SUPERMERCADO IDEAL,CORDEIRO,67,CIDADE,COLISÃO FRONTAL,1,1,0,0,0,0,0,0,0,1,0,Longo da via,Bom,Sem defeito,Perfeito estado,Seca,Perfeito estado,Faixa de pedestre,"Placas ""Pare""",,Dupla,Faixa seccionada,,
2021-05-03,segunda-feira ,08:20:00,COM VÍTIMA,GRACAS,RUA,RUA AMELIA,AVENIDA,AVENIDA RUI BARBOSA,PROXIMO AO  POSTO BR,GRAÇAS,845,CIDADE,CAPOTAMENTO,1,0,0,0,0,0,0,0,0,1,0,Longo da via,Bom,Sem defeito,Perfeito estado,Seca,Perfeito estado,,Outras,,Única,Faixa seccionada,,
2021-05-03,segunda-feira ,08:38:00,COM VÍTIMA,IMBIRIBEIRA,RUA,RUA ARQUITETO LUIZ NUNES,RUA,RUA MIS JOEL CARLSON,"NA ESQUINA DO ATACAREJO ,NOVO TEMPO",IMBIRIBEIRA,633,CIDADE,ATROPELAMENTO DE PESSOA,1,0,0,0,1,0,0,0,0,1,0,Cruzamento,Chuvoso,Sem defeito,Perfeito estado,Molhada,Perfeito estado,Faixa de pedestre,Não hA placas,70 km/h,Dupla,Faixa contínua,,
2021-05-03,segunda-feira ,14:59:00,COM VÍTIMA,TORROES,AVENIDA,AVENIDA INACIO MONTEIRO,RUA,RUA DR MIGUEL VIEIRA FERREIRA,PROX A FARMACIA DROGARIA CORDEIRO,TORRÕES,566,,COLISÃO LATERAL,1,1,0,0,0,0,0,0,0,1,0,Cruzamento,Bom,Com defeito,Perfeito estado,Seca,Perfeito estado,Faixa de pedestre,Não hA placas,30 km/h,Dupla,,,
2021-05-03,segunda-feira ,15:49:00,COM VÍTIMA,SAO JOSE,AVENIDA,AVENIDA DANTAS BARRETO,RUA,RUA DO PEIXOTO,SOB O SEMAFORO DE N. 181,SÃO JOSÉ,181,SUBURBIO,COLISÃO LATERAL,0,1,0,0,0,1,0,0,0,1,0,Cruzamento,Bom,Sem defeito,Perfeito estado,Seca,Perfeito estado,Faixa de pedestre,Não hA placas,,Dupla,Faixa contínua,Faixa seccionada,
2021-05-03,segunda-feira ,16:51:00,COM VÍTIMA,DOIS IRMAOS,RUA,RUA DOIS IRMAOS,,,PROX AO LAFEPE,DOIS IRMÃOS,189,SUBURBIO,COLISÃO LATERAL,1,1,0,0,0,0,0,0,0,1,0,Longo da via,Bom,Sem defeito,Perfeito estado,Seca,Perfeito estado,Faixa de pedestre,Outras,,Dupla,Faixa contínua,Faixa seccionada,
2021-05-03,segunda-feira ,18:05:00,SEM VÍTIMA,BOA VISTA,AVENIDA,AVENIDA GOVERNADOR AGAMENON MAGALHAES,,,PROX. AO AMERICANO BATISTA,BOA VISTA,37,,COLISÃO TRASEIRA,3,0,0,0,0,0,0,0,0,0,0,,,,,,,,,,,,,
2021-05-03,segunda-feira ,18:18:00,COM VÍTIMA,SAO JOSE,CAIS,CAIS SANTA RITA,,,EM FRENTE A GERMAN E AS TORRES GEMEAS,SÃO JOSÉ,76,CIDADE,,0,1,0,0,0,0,0,0,0,2,0,Longo da via,Bom,Não existe,Perfeito estado,Seca,Perfeito estado,Não existe,Não hA placas,60 km/h,Dupla,Canteiro central,,
2021-05-03,segunda-feira ,18:37:00,COM VÍTIMA,IMBIRIBEIRA,RUA,RUA ANTONIO FALCAO,RUA,RUA JACY,EM FRENTE AO POSTO YPIRANGA / APÓS O PADEIRÃO,IMBIRIBEIRA,,SUBURBIO,COLISÃO LATERAL,1,1,0,0,0,0,0,0,0,2,0,Longo da via,Bom,Sem defeito,Perfeito estado,Seca,Perfeito estado,Faixa de pedestre,"Placas ""Pare""",,Única,Faixa seccionada,,
2021-05-03,segunda-feira ,21:50:40,COM VÍTIMA,AFOGADOS,RUA,RUA SAO MIGUEL,,,EM FRENTE  AO BODE DO NÔ,AFOGADOS,,CIDADE,COLISÃO FRONTAL,1,1,0,0,0,0,0,0,0,1,0,Longo da via,Chuvoso,Não existe,Perfeito estado,Molhada,Perfeito estado,Não existe,Não hA placas,,Dupla,Faixa seccionada,,
2021-05-04,terça-feira ,08:22:00,COM VÍTIMA,SANTO AMARO,AVENIDA,AVENIDA NORTE,,,E/F A IGREJA SÃO SEBASTIÃO,SANTO AMARO,,SUBURBIO,COLISÃO LATERAL,0,0,0,0,0,0,0,0,0,1,0,Longo da via,Chuvoso,Sem defeito,Perfeito estado,Molhada,Perfeito estado,Não existe,Outras,,Dupla,Canteiro central,,
2021-05-04,terça-feira ,08:39:00,COM VÍTIMA,BOA VIAGEM,RUA,RUA COPACABANA,RUA,RUA COPACABANA,PROX. AO TERMINAL DE SETUBAL E AO LADO DO COLEGIO FERNANDO MOTTA,BOA VIAGEM,,CIDADE,COLISÃO TRASEIRA,2,0,0,0,0,0,0,0,0,1,0,Cruzamento,Chuvoso,Não existe,Incompleta,Molhada,Perfeito estado,Não existe,Outras,,Dupla,Faixa contínua,Faixa seccionada,
2021-05-04,terça-feira ,12:28:00,COM VÍTIMA,CABANGA,AVENIDA,AVENIDA SUL,AVENIDA,AVENIDA SUL,EM FRENTE A INDUSTRIA PORTELA,CABANGA,260,SUBURBIO,COLISÃO FRONTAL,0,1,0,0,0,1,0,0,0,1,0,Cruzamento,Chuvoso,Sem defeito,Perfeito estado,Molhada,Perfeito estado,Não existe,Não hA placas,,Dupla,Blocos,,
2021-05-04,terça-feira ,13:35:00,COM VÍTIMA,CORDEIRO,RUA,RUA GOMES TABORDA,RUA,RUA DES ADOLFO CIRIACO,EM FRENTE A SINDI COMBUSTIVEIS E PROXIMO AO ANTIGO CLUBE PERFUMADO,CORDEIRO,,CIDADE,COLISÃO LATERAL,1,1,0,0,0,0,0,0,0,1,0,Longo da via,Bom,Não existe,Não existente,Seca,Perfeito estado,Não existe,Não hA placas,60 km/h,Dupla,Faixa seccionada,,
2021-05-04,terça-feira ,14:34:00,SEM VÍTIMA,CASA AMARELA,RUA,RUA CONS NABUCO,,,EM FRENTE AO STUDIO TAISA,CASA AMARELA,,,COLISÃO LATERAL,2,0,0,0,0,0,0,0,0,0,0,,,,,,,,,,,,,
2021-05-04,terça-feira ,17:11:00,COM VÍTIMA,CASA FORTE,EST,EST DO ENCANAMENTO,RUA,RUA DO MARQUES,,CASA FORTE,,SUBURBIO,COLISÃO TRANSVERSAL,1,1,0,0,0,0,0,0,0,1,0,Longo da via,Nublado,Não existe,Perfeito estado,Seca,Perfeito estado,Faixa de pedestre,Outras,30 km/h,Dupla,Faixa seccionada,,
2021-05-04,terça-feira ,20:59:40,SEM VÍTIMA,CAXANGA,AVENIDA,AVENIDA CAXANGA,,,"E;F A ACADEMIA REF / PRÓX AO HOSPITAL SANTA TEREZINHA E POSTO SHELL,. SNT CAMARAGIBE",CAXANGA,,,COLISÃO TRASEIRA,2,0,0,0,0,0,0,0,0,0,0,,,,,,,,,,,,,
2021-05-05,quarta-feira ,08:27:00,COM VÍTIMA,SANTO AMARO,AVENIDA,AVENIDA CRUZ CABUGA,,,EM FRENTE AO COLEGIO  SIGISNANDO FERREIRA,SANTO AMARO,,CIDADE,COLISÃO TRASEIRA,1,1,0,0,0,0,0,0,0,2,0,Longo da via,Bom,Não existe,Perfeito estado,Seca,Perfeito estado,Não existe,Não hA placas,,Dupla,Faixa contínua,,
2021-05-05,quarta-feira ,11:58:00,COM VÍTIMA,CIDADE UNIVERSITARIA,RUA,RUA PROFESSOR ANTONIO COELHO,RUA,RUA MARECHAL MANOEL LUIS OSORIO,EM FRENTE AO COLEGIO PONTUAL,CIDADE UNIVERSITARIA,,,COLISÃO LATERAL,1,1,0,0,0,0,0,0,0,1,0,,,,,,,,,,,,,
2021-05-05,quarta-feira ,13:46:00,COM VÍTIMA,CABANGA,RUA,RUA COMANDANTE ANTONIO MANHAES DE MATTOS,,,AO LADO DA COMPESA,CABANGA,,CIDADE,COLISÃO FRONTAL,1,1,0,0,0,0,0,0,0,1,0,Cruzamento,Bom,Não existe,,Seca,Perfeito estado,Não existe,Não hA placas,,Dupla,Não existe,,
2021-05-05,quarta-feira ,14:48:00,COM VÍTIMA,SANTO AMARO,AVENIDA,AVENIDA GOVERNADOR AGAMENON MAGALHAES,,,PRÓX SHOPPING TACARUNA /  PRÓX AO VDO ENG ROBERTO PEREIRA DE CARVALHO,SANTO AMARO,,OLINDA,COLISÃO TRASEIRA,1,1,0,0,0,1,0,0,0,1,0,,,,,,,,,,,,,
2021-05-06,quinta-feira ,05:15:00,COM VÍTIMA,CAXANGA,AVENIDA,AVENIDA CAXANGA,,,EM FRENTE AO BOI E BRASA,CAXANGA,,SUBURBIO,COLISÃO FRONTAL,1,2,0,0,0,0,0,0,0,3,0,Longo da via,Bom,Sem defeito,Perfeito estado,Seca,Perfeito estado,Não existe,Não hA placas,,Dupla,Canteiro central,,
2021-05-06,quinta-feira ,09:19:00,COM VÍTIMA,ENCRUZILHADA,RUA,RUA CASTRO ALVES,RUA,RUA JOSE DE SA CARNEIRO,EN FRENTE A CAIXA DA ENCRUZILHADA,ENCRUZILHADA,666,SUBURBIO,ATROPELAMENTO DE PESSOA,1,0,0,0,1,0,0,0,0,1,0,Esquina,Bom,Sem defeito,Perfeito estado,Seca,Perfeito estado,Outros,Não hA placas,30 km/h,Única,Faixa seccionada,,
2021-05-06,quinta-feira ,12:48:00,COM VÍTIMA,CORDEIRO,AVENIDA,AVENIDA MAURICIO DE NASSAU,,,E/F A PADARIA  ATLANTICA  S/T  SUB,CORDEIRO,,,COLISÃO FRONTAL,2,1,0,0,0,0,0,0,0,1,0,,,,,,,,,,,,,
2021-05-06,quinta-feira ,14:46:00,COM VÍTIMA,SANTO AMARO,AVENIDA,AVENIDA CRUZ CABUGA,RUA,RUA LEAO TREZE,E/F AO HOSPITAL DA MARINHA S/T CID,SANTO AMARO,,CIDADE,COLISÃO LATERAL,1,1,0,0,0,0,0,0,0,1,0,Longo da via,Bom,Não existe,Perfeito estado,Seca,Perfeito estado,Não existe,R-6a,,Dupla,Faixa seccionada,,
2021-05-06,quinta-feira ,18:52:00,COM VÍTIMA,CASA AMARELA,RUA,RUA CASA AMARELA,RUA,RUA SANTA IZABEL,E/F A PRACA JOTA LEAL ( E/F AO COLEGIO DOM VITA),CASA AMARELA,,SUBURBIO,COLISÃO COM CICLISTA,1,0,0,1,0,0,0,0,0,1,0,Cruzamento,Bom,Não existe,Perfeito estado,Seca,Perfeito estado,Não existe,R-6a,30 km/h,Dupla,Não existe,,
2021-05-06,quinta-feira ,20:12:00,COM VÍTIMA,BOA VIAGEM,RUA,RUA VISCONDE DE JEQUITINHONHA,RUA,RUA DR VICENTE GOMES,E/F A LOCALIZA,BOA VIAGEM,433,SUBURBIO,COLISÃO COM CICLISTA,1,0,0,1,0,0,0,0,0,1,0,Cruzamento,Bom,Sem defeito,Perfeito estado,Seca,Perfeito estado,Faixa de pedestre,Não hA placas,,Única,,,
2021-05-06,quinta-feira ,20:33:00,COM VÍTIMA,IMBIRIBEIRA,AVENIDA,AVENIDA MARECHAL MASCARENHAS DE MORAES,RUA,RUA JORNALISTA CLEOFHAS DE OLIVEIRA,E/F AO GERALDÃO / SEMAFORO 290,IMBIRIBEIRA,240,SUBURBIO,COLISÃO LATERAL,1,1,0,0,0,0,0,0,0,1,0,Longo da via,Bom,Sem defeito,Perfeito estado,Seca,Perfeito estado,Faixa de pedestre,Não hA placas,,Única,Faixa contínua,,
2021-05-06,quinta-feira ,20:39:40,SEM VÍTIMA,BOA VIAGEM,RUA,RUA PROFESSOR JOSE BRANDAO,RUA,RUA DR PEDRO DE MELLO CAHU,POR TRAS DO COLÉGIO BV,BOA VIAGEM,,,COLISÃO LATERAL,2,0,0,0,0,0,0,0,0,0,0,,,,,,,,,,,,,
2021-05-07,sexta-feira ,09:12:00,COM VÍTIMA,SANTO AMARO,AVENIDA,AVENIDA GOVERNADOR AGAMENON MAGALHAES,,,EM FRENTE A UPE,SANTO AMARO,,,COLISÃO TRASEIRA,1,1,0,0,0,0,0,0,0,1,0,,,,,,,,,,,,,
2021-05-07,sexta-feira ,11:05:00,COM VÍTIMA,IBURA,AVENIDA,AVENIDA RECIFE,,,LADO OPOSTO AO N. 2670 SENTIDO BR101 - BOA VIAGEM,IBURA,16,,COLISÃO TRANSVERSAL,1,1,0,0,0,0,0,0,0,1,0,Longo da via,Bom,Sem defeito,Perfeito estado,Seca,Perfeito estado,Agente,,60 km/h,Dupla,Faixa seccionada,Canteiro central,
2021-05-07,sexta-feira ,14:04:00,COM VÍTIMA,IMBIRIBEIRA,AVENIDA,AVENIDA MARECHAL MASCARENHAS DE MORAES,PRC,PRC MINISTRO SALGADO FILHO,EM FRENTE AO AEROPORTO / EM BAIXO DA PASSARELA,IMBIRIBEIRA,570,,COLISÃO TRASEIRA,1,1,0,0,0,0,0,0,0,1,0,,,,,,,,,,,,,
2021-05-07,sexta-feira ,14:37:00,COM VÍTIMA,ESPINHEIRO,AVENIDA,AVENIDA GOVERNADOR AGAMENON MAGALHAES,,,EM FRENTE AO CIRCULO MILITAR SENTIDO OLINDA,ESPINHEIRO,,CIDADE,COLISÃO LATERAL,1,1,0,0,0,0,0,0,0,1,0,Longo da via,Bom,Não existe,Perfeito estado,Seca,Perfeito estado,Faixa de retenção,Não hA placas,,Dupla,Canteiro central,Canal,
2021-05-07,sexta-feira ,19:08:00,COM VÍTIMA,IMBIRIBEIRA,AVENIDA,AVENIDA RECIFE,,,"NA SUB, DO VIADULTO TANCREDO NEVES , SENTIDO BOA VIAGEM",IMBIRIBEIRA,,,COLISÃO COM CICLISTA,1,0,0,1,0,0,0,0,0,1,0,Longo da via,Bom,Não existe,Perfeito estado,Seca,Perfeito estado,Não existe,Não hA placas,60 km/h,Única,Canteiro central,,
2021-05-07,sexta-feira ,20:56:40,COM VÍTIMA,ESTANCIA,AVENIDA,AVENIDA RECIFE,,,EM FRENTE AO ATACADÃO (ANTIGO MAKRO),ESTÂNCIA,,,ENGAVETAMENTO,3,1,0,0,0,0,0,0,0,1,0,,,,,,,,,,,,,
2021-05-08,sábado ,06:42:00,COM VÍTIMA,TORRE,RUA,RUA REAL DA TORRE,RUA,RUA CONDE DE IRAJA,E/F AO MERCADO EXTRABOM,TORRE,106,SUBURBIO,COLISÃO FRONTAL,1,1,0,0,0,0,0,0,0,2,0,Cruzamento,Chuvoso,Sem defeito,Perfeito estado,Molhada,Perfeito estado,Faixa de pedestre,Não hA placas,,Única,Faixa seccionada,,
2021-05-08,sábado ,07:13:00,COM VÍTIMA,SAO JOSE,AVENIDA,AVENIDA SUL,RUA,RUA PADRE JOSE DE SA LEITAO,SEMAFORO 509,SÃO JOSÉ,509,CIDADE,COLISÃO TRASEIRA,1,1,0,0,0,0,0,0,0,1,0,Cruzamento,Bom,Sem defeito,Perfeito estado,Molhada,Perfeito estado,Faixa de pedestre,R-4a,,Única,,,
2021-05-08,sábado ,08:53:00,COM VÍTIMA,IMBIRIBEIRA,AVENIDA,AVENIDA MARECHAL MASCARENHAS DE MORAES,,,AO LADO DA FERREICA COSTA,IMBIRIBEIRA,385,CIDADE,COLISÃO TRASEIRA,1,1,0,0,0,0,0,0,0,1,0,Longo da via,Chuvoso,Sem defeito,Perfeito estado,Molhada,Perfeito estado,Não existe,Não hA placas,,Dupla,Faixa contínua,,
2021-05-08,sábado ,13:04:00,COM VÍTIMA,BARRO,AVENIDA,AVENIDA DR JOSE RUFINO,,,EM FRENTE A IGREJA MUNDIAL DE JESUS CRISTO,BARRO,,SUBURBIO,COLISÃO LATERAL,1,1,0,0,0,0,0,0,0,1,0,Longo da via,Bom,Não existe,Perfeito estado,Seca,Perfeito estado,Não existe,Não hA placas,60 km/h,Dupla,Faixa contínua,,
2021-05-08,sábado ,13:40:00,COM VÍTIMA,TOTO,AVENIDA,AVENIDA LIBERDADE,,,E/F AO CEMITERIO  PARQUE DAS FLORES,TOTÓ,,CIDADE,ATROPELAMENTO DE PESSOA,1,0,0,0,1,0,0,0,0,1,0,Longo da via,Bom,Não existe,Perfeito estado,Seca,Perfeito estado,Não existe,Não hA placas,,Dupla,Faixa contínua,,
2021-05-08,sábado ,14:48:00,COM VÍTIMA,CIDADE UNIVERSITARIA,RUA,RUA EMILIANO BRAGA,RUA,RUA PROFESSOR ANTONIO COELHO,EM FRENTE A INTEGRAÇÃO DA CIDADE UNIVERSITARIA,CIDADE UNIVERSITARIA,,SUBURBIO,COLISÃO LATERAL,1,1,0,0,0,0,0,0,0,1,0,Cruzamento,Bom,Não existe,Perfeito estado,Seca,Perfeito estado,Faixa de pedestre,"Placas ""Pare""",40 km/h,,Faixa seccionada,,
2021-05-09,domingo ,14:56:00,SEM VÍTIMA,BOA VIAGEM,RUA,RUA DOM JOSE LOPES,,,EM FRENTE AO BAR E RESTAURANTE CANGAÇO,BOA VIAGEM,,,COLISÃO TRASEIRA,2,0,0,0,0,0,0,0,0,0,0,,,,,,,,,,,,,
2021-05-09,domingo ,15:02:00,COM VÍTIMA,AFOGADOS,RUA,RUA NICOLAU PEREIRA,,,EM BAIXO DO SEMAFORO 242 / PROX AO ARMAZEM CORAL,AFOGADOS,242,,COLISÃO LATERAL,1,1,0,0,0,0,0,0,0,1,0,,,,,,,,,,,,,
2021-05-09,domingo ,21:57:40,SEM VÍTIMA,BOA VIAGEM,AVENIDA,AVENIDA BOA VIAGEM,RUA,RUA ANTONIO FALCAO,PRÓX AO HOTEL VILA RICA,BOA VIAGEM,,,CHOQUE,1,0,0,0,0,0,0,0,0,0,0,,,,,,,,,,,,,
2021-05-10,segunda-feira ,09:53:00,COM VÍTIMA,MACAXEIRA,AVENIDA,AVENIDA NORTE,,,APÓS O PARQUE DA MACAXEIRA,MACAXEIRA,296,SUBURBIO,COLISÃO TRASEIRA,1,1,0,0,0,0,0,0,0,1,0,Longo da via,Chuvoso,Sem defeito,Perfeito estado,Molhada,Perfeito estado,Faixa de pedestre,Outras,,Dupla,Canteiro central,,
2021-05-10,segunda-feira ,12:16:00,COM VÍTIMA,BOA VIAGEM,AVENIDA,AVENIDA CONSELHEIRO AGUIAR,RUA,RUA ANTONIO FALCAO,RUA ANTONIO FALCAO,BOA VIAGEM,,,COLISÃO FRONTAL,1,1,0,0,0,0,0,0,0,1,0,,,,,,,,,,,,,
2021-05-10,segunda-feira ,12:31:00,COM VÍTIMA,IBURA,RUA,RUA DR BENIGNO JORDAO DE VASCONCELOS,,,NA LAGOA ENCANTADA NA SUBIDA DA UR2,IBURA,,,COLISÃO LATERAL,1,1,0,0,0,0,0,0,0,1,0,,,,,,,,,,,,,
2021-05-10,segunda-feira ,13:43:00,COM VÍTIMA,TAMARINEIRA,RUA,RUA GOMES COUTINHO,,,PROX AO SUPERMERCADO EXTRA,TAMARINEIRA,,,COLISÃO TRASEIRA,0,1,0,0,0,0,1,0,0,1,0,,,,,,,,,,,,,
2021-05-11,terça-feira ,10:14:00,COM VÍTIMA,VASCO DA GAMA,RUA,RUA VASCO DA GAMA,RUA,RUA PROFESSOR RUI DA SILVEIRA CASTRO,EM FRENTE A FARMACIA DA SAÚDE,VASCO DA GAMA,,,COLISÃO FRONTAL,1,1,0,0,0,0,0,0,0,1,0,,,,,,,,,,,,,
2021-05-11,terça-feira ,13:33:00,COM VÍTIMA,CASA AMARELA,AVENIDA,AVENIDA NORTE,,,EM FRENTE AO ARMAZÉM CORAL,CASA AMARELA,,,COLISÃO COM CICLISTA,0,0,0,1,0,1,0,0,0,1,0,,,,,,,,,,,,,
2021-05-11,terça-feira ,17:41:00,COM VÍTIMA,SANTO AMARO,AVENIDA,AVENIDA GOVERNADOR AGAMENON MAGALHAES,,,EM FRENTE AO TACARUNA/ SENTIDO RECIFE,SANTO AMARO,,CIDADE,COLISÃO LATERAL,2,1,0,0,0,0,0,0,0,1,0,,,,,,,,,,,,,
2021-05-11,terça-feira ,18:07:00,SEM VÍTIMA,MADALENA,AVENIDA,AVENIDA VISCONDE DE ALBUQUERQUE,,,EM FRENTE AO MADALENA CENTER,MADALENA,,,COLISÃO TRANSVERSAL,1,0,0,0,0,0,0,0,1,0,0,,,,,,,,,,,,,
2021-05-11,terça-feira ,18:35:00,COM VÍTIMA,SAO JOSE,AVENIDA,AVENIDA SUL,,,EM FRENTE A COMPANHIA MOTO PEÇAS E SERVIÇOS,SÃO JOSÉ,,,COLISÃO LATERAL,0,2,0,0,0,0,0,0,0,1,0,,,,,,,,,,,,,
2021-05-11,terça-feira ,18:50:00,COM VÍTIMA,CASA FORTE,RUA,RUA DE APIPUCOS,,,,CASA FORTE,,,ATROPELAMENTO DE ANIMAL,0,0,0,0,0,0,0,0,0,1,0,,,,,,,,,,,,,
2021-05-11,terça-feira ,18:53:00,SEM VÍTIMA,ILHA DO LEITE,RUA,RUA JOSE DE ALENCAR,RUA,RUA VISCONDE DE GOIANA,PRÓX A UNIMED RECIFE 3,ILHA DO LEITE,,,COLISÃO FRONTAL,2,0,0,0,0,0,0,0,0,0,0,,,,,,,,,,,,,
2021-05-12,quarta-feira ,11:35:00,COM VÍTIMA,CASA AMARELA,RUA,RUA PADRE LEMOS,,,EM FRENTE AO POSTO PETROBRAS,CASA AMARELA,,,COLISÃO FRONTAL,1,1,0,0,0,0,0,0,0,1,0,Longo da via,Bom,Sem defeito,Incompleta,Seca,Perfeito estado,Não existe,R-6a,30 km/h,Dupla,Não existe,,
2021-05-12,quarta-feira ,12:07:00,COM VÍTIMA,AFOGADOS,RUA,RUA VINTE E UM DE ABRIL,,,EM FRENTE A FABRICA DO CAFE PETINHO,AFOGADOS,,SUBURBIO,COLISÃO FRONTAL,0,2,0,0,0,0,0,0,0,1,0,Longo da via,Bom,Não existe,Não existente,Seca,Perfeito estado,Não existe,Não hA placas,60 km/h,Dupla,Não existe,,
2021-05-12,quarta-feira ,13:59:00,COM VÍTIMA,PINA,PTE,PTE GOVERNADOR PAULO GUERRA,,,SENTIDO BOA VIAGEM,PINA,,SUBURBIO,,1,1,0,0,0,0,0,0,0,1,0,Longo da via,Bom,Não existe,Perfeito estado,Seca,Perfeito estado,Não existe,Não hA placas,,Única,Faixa seccionada,,
2021-05-12,quarta-feira ,15:17:00,COM VÍTIMA,SAO JOSE,RUA,RUA IMPERIAL,,,PROX. AO POSTO BR,SÃO JOSÉ,,,COLISÃO LATERAL,0,2,0,0,0,0,0,0,0,1,0,,,,,,,,,,,,,
2021-05-12,quarta-feira ,15:56:00,COM VÍTIMA,SAN MARTIN,AVENIDA,AVENIDA JOAO CABRAL DE MELO NETO,,,PROX A GRAFICA ALENCAR S/T SUB  VT  20 NO LOCAL,SAN MARTIN,,,COLISÃO COM CICLISTA,0,1,0,0,0,0,0,0,0,1,0,,,,,,,,,,,,,
2021-05-12,quarta-feira ,17:58:00,COM VÍTIMA,BOA VISTA,RUA,RUA DA AURORA,,,PONTE DE FERRO ( PONTE BOA VISTA),BOA VISTA,,SUBURBIO,ATROPELAMENTO DE PESSOA,0,1,0,0,1,0,0,0,0,1,0,Longo da via,Bom,Sem defeito,Perfeito estado,Seca,Perfeito estado,Não existe,R-6a,60 km/h,Única,Faixa seccionada,,
2021-05-13,quinta-feira ,01:36:00,SEM VÍTIMA,SANTO AMARO,AVENIDA,AVENIDA GOVERNADOR AGAMENON MAGALHAES,,,PISTA LOCAL DA AV GOV AGAMENOM MAGALHÃES - E/F À ACADEMIA DA CIDADE - PROXIMO À UPE - SENTIDO OLINDA,SANTO AMARO,,,CHOQUE,1,0,0,0,0,0,0,0,0,0,0,,,,,,,,,,,,,
2021-05-13,quinta-feira ,15:41:00,SEM VÍTIMA,BOA VISTA,RUA,RUA BISPO CARDOSO AYRES,RUA,RUA DO PRINCIPE,MONITORAMENTO EM PONTO DE ALAGAMENTO,BOA VISTA,,,ALAGAMENTO,0,0,0,0,0,0,0,0,0,0,0,,,,,,,,,,,,,
2021-05-13,quinta-feira ,16:07:00,SEM VÍTIMA,BOA VISTA,RUA,RUA BISPO CARDOSO AYRES,RUA,RUA DO PRINCIPE,MONITORAMENTO EM PONTO DE ALAGAMENTO,BOA VISTA,,,ALAGAMENTO,0,0,0,0,0,0,0,0,0,0,0,,,,,,,,,,,,,
2021-05-13,quinta-feira ,17:04:00,SEM VÍTIMA,BOA VISTA,RUA,RUA BISPO CARDOSO AYRES,RUA,RUA DO PRINCIPE,MONITORAMENTO EM PONTO DE ALAGAMENTO,BOA VISTA,,,ALAGAMENTO,0,0,0,0,0,0,0,0,0,0,0,,,,,,,,,,,,,
2021-05-14,sexta-feira ,18:00:00,COM VÍTIMA,PRADO,RUA,RUA SANTA EDWIRGES,AVENIDA,AVENIDA ENGENHEIRO ABDIAS DE CARVALHO,SEMAFORO 354,PRADO,354,CIDADE,COLISÃO LATERAL,1,1,0,0,0,0,0,0,0,1,0,Cruzamento,Chuvoso,Com defeito,Perfeito estado,Molhada,Perfeito estado,Faixa de pedestre,Outras,,Única,Não existe,,
2021-05-14,sexta-feira ,19:12:00,SEM VÍTIMA,BOMBA DO HEMETERIO,RUA,RUA BOMBA DO HEMETERIO,,,E/F A fUNERARIA BOMBA DO HEMETEIRO E CONSULTÓRIOS MÉDICOS,BOMBA DO HEMETÉRIO,,,COLISÃO LATERAL,0,0,0,0,0,0,0,0,0,0,0,,,,,,,,,,,,,
2021-05-14,sexta-feira ,19:36:00,SEM VÍTIMA,CASA AMARELA,AVENIDA,AVENIDA NORTE,,,SEMAFORO  643 / E/F AO POSTO BR E PRÓX AO SESC,CASA AMARELA,,,COLISÃO FRONTAL,2,0,0,0,0,0,0,0,0,0,0,,,,,,,,,,,,,
2021-05-15,sábado ,11:09:00,COM VÍTIMA,BOA VIAGEM,RUA,RUA JOAQUIM BANDEIRA,RUA,RUA SARGENTO SILVINO DE MACEDO,HOTEL PRAIA SUL,BOA VIAGEM,,,COLISÃO TRANSVERSAL,1,1,0,0,0,0,0,0,0,1,0,,,,,,,,,,,,,
2021-05-15,sábado ,13:00:00,COM VÍTIMA,AGUA FRIA,RUA,RUA MANOEL SILVA,,,PRÓX AO EMPÓRIO DA CERVEJA,AGUA FRIA,,,COLISÃO LATERAL,2,0,0,0,0,0,0,0,0,1,0,,,,,,,,,,,,,
2021-05-15,sábado ,14:03:00,COM VÍTIMA,CAXANGA,AVENIDA,AVENIDA CAXANGA,,,PRÓX À UPA,CAXANGA,,CIDADE,COLISÃO TRASEIRA,1,1,0,0,0,0,0,0,0,1,0,Longo da via,Bom,Sem defeito,Perfeito estado,Seca,Perfeito estado,Não existe,Não hA placas,,Dupla,Canteiro central,,
2021-05-15,sábado ,14:35:00,COM VÍTIMA,CAMPO GRANDE,EST,EST DE BELEM,,,ASSEMBLEIA DE DEUS,CAMPO GRANDE,,CIDADE,COLISÃO TRASEIRA,0,1,0,0,0,1,0,0,0,1,0,Longo da via,Bom,Não existe,Perfeito estado,Seca,Perfeito estado,Não existe,Outras,,Dupla,Faixa contínua,Faixa seccionada,
2021-05-15,sábado ,15:13:00,COM VÍTIMA,IBURA,AVENIDA,AVENIDA RECIFE,,,EM FRENTE AO PERNAMBUCO GAS,IBURA,,CIDADE,COLISÃO TRASEIRA,1,1,0,0,0,0,0,0,0,1,0,Longo da via,Bom,Sem defeito,Perfeito estado,Seca,Perfeito estado,Outros,Outras,60 km/h,Dupla,Canteiro central,,
2021-05-15,sábado ,15:28:00,COM VÍTIMA,PONTO DE PARADA,RUA,RUA COUTO MAGALHAES,,,PRÓX à PADARIA DO ÍNDIO,PONTO DE PARADA,,SUBURBIO,COLISÃO TRASEIRA,2,0,0,0,0,0,0,0,0,3,0,Longo da via,Bom,Não existe,Não existente,Seca,Perfeito estado,Não existe,Não hA placas,,Dupla,Não existe,,