data,dia_semana,hora,natureza,bairro,logradouro_endereco,endereco,logradouro_detalhe_endereco,detalhe_endereco_acidente,complemento,bairro_cruzamento,num_semaforo,sentido_via,tipo,auto,moto,ciclom,ciclista,pedestre,onibus,caminhao,viatura,outros,vitimas,vitimasfatais,acidente_verificado,tempo_clima,situacao_semaforo,sinalizacao,condicao_via,conservacao_via,ponto_controle,situacao_placa,velocidade_max_via,mao_direcao,divisao_via1,divisao_via2,divisao_via3
2021-05-15,sábado ,15:40:00,COM VÍTIMA,SANTO AMARO,AVENIDA,AVENIDA CRUZ CABUGA,,,EM FRENTE À IGREJA UNIVERSAL,SANTO AMARO,,CIDADE,COLISÃO COM CICLISTA,1,0,0,1,0,0,0,0,0,1,0,Longo da via,Bom,Não existe,Perfeito estado,Seca,Perfeito estado,Outros,Não hA placas,,Dupla,Faixa seccionada,,
2021-05-15,sábado ,15:45:00,COM VÍTIMA,BOA VIAGEM,RUA,RUA DOS NAVEGANTES,RUA,RUA MARIA CAROLINA,,BOA VIAGEM,,SUBURBIO,COLISÃO LATERAL,1,1,0,0,0,0,0,0,0,1,0,Cruzamento,Bom,Não existe,Perfeito estado,Seca,Perfeito estado,Não existe,Não hA placas,,Única,Não existe,,
2021-05-15,sábado ,19:06:00,SEM VÍTIMA,BOA VIAGEM,RUA,RUA TENENTE JOAO CICERO,RUA,RUA MINISTRO NELSON HUNGRIA,,BOA VIAGEM,,CIDADE,COLISÃO TRANSVERSAL,3,0,0,0,0,0,0,0,0,0,0,Cruzamento,Bom,Não existe,Incompleta,Seca,Perfeito estado,Não existe,"Placas ""Pare""",,Única,Não existe,,
2021-05-15,sábado ,21:46:40,SEM VÍTIMA,TORREAO,RUA,RUA OTHON PARAISO,RUA,RUA DJALMA FARIAS,,TORREÃO,,,COLISÃO FRONTAL,2,0,0,0,0,0,0,0,0,0,0,,,,,,,,,,,,,
2021-05-16,domingo ,07:35:00,SEM VÍTIMA,IMBIRIBEIRA,AVENIDA,AVENIDA MARECHAL MASCARENHAS DE MORAES,,,"EMFRENTE AO POSTO IPIRANGA,AO LADO DACAIXA ECONOMICA, SENT. CIDADE",IMBIRIBEIRA,,,COLISÃO LATERAL,3,0,0,0,0,0,0,0,0,0,0,,,,,,,,,,,,,
2021-05-16,domingo ,07:41:00,COM VÍTIMA,BOA VIAGEM,AVENIDA,AVENIDA ENGENHEIRO DOMINGOS FERREIRA,RUA,RUA FELIX DE BRITO E MELO,POR TRAS DO CARREFOUR,BOA VIAGEM,545,SUBURBIO,CAPOTAMENTO,2,0,0,0,0,0,0,0,0,1,0,Cruzamento,Bom,Sem defeito,Perfeito estado,Seca,Perfeito estado,Faixa de pedestre,R-6a,,Única,Canteiro central,,
2021-05-16,domingo ,17:27:00,COM VÍTIMA,BOA VIAGEM,AVENIDA,AVENIDA ENGENHEIRO DOMINGOS FERREIRA,RUA,RUA FELIX DE BRITO E MELO,RUA FELIX BRITO DE MELO,BOA VIAGEM,545,SUBURBIO,COLISÃO LATERAL,1,1,0,0,0,0,0,0,0,1,0,Cruzamento,Bom,Sem defeito,Perfeito estado,Seca,Perfeito estado,Faixa de pedestre,,60 km/h,Única,Faixa contínua,,
2021-05-16,domingo ,19:10:00,COM VÍTIMA,TORRE,RUA,RUA JOSE BONIFACIO,RUA,RUA MARCOS ANDRE,CRUZAMENTO C/A RUA MARCOS ANDRÉ - PRÓXIMO AO CARREFOUR,TORRE,,CIDADE,COLISÃO COM CICLISTA,1,1,0,0,0,0,0,0,0,1,0,Longo da via,Bom,Sem defeito,Perfeito estado,Seca,Perfeito estado,Não existe,R-6a,40 km/h,Dupla,Canteiro central,,
2021-05-16,domingo ,19:09:00,COM VÍTIMA,MADALENA,AVENIDA,AVENIDA BEIRA RIO,RUA,RUA JOSE OSORIO,SEMAFORO 387,MADALENA,387,CIDADE,COLISÃO COM CICLISTA,1,0,0,1,0,0,0,0,0,1,0,Cruzamento,Bom,Sem defeito,Perfeito estado,Seca,Perfeito estado,Faixa de pedestre,R-6a,,Única,,,
2021-05-16,domingo ,19:13:00,COM VÍTIMA,SANTO AMARO,AVENIDA,AVENIDA GOVERNADOR AGAMENON MAGALHAES,RUA,RUA DR LEOPOLDO LINS,CRUZAMENTO C/A RUA LEOPOLDO LINS - SENTIDO OLINDA - PROXIMO À CAIXA ECONOMICA,SANTO AMARO,78,SUBURBIO,CHOQUE,1,1,0,0,0,0,0,0,0,1,0,Longo da via,Bom,Sem defeito,Perfeito estado,Seca,Perfeito estado,Faixa de pedestre,Outras,60 km/h,Única,Faixa seccionada,,
2021-05-17,segunda-feira ,07:07:00,COM VÍTIMA,IPUTINGA,AVENIDA,AVENIDA CAXANGA,,,EM FRENTE  AO BIG BOMPREÇO,IPUTINGA,533,SUBURBIO,COLISÃO LATERAL,1,1,0,0,0,0,0,0,0,1,0,Longo da via,Bom,Sem defeito,Perfeito estado,Seca,Perfeito estado,Agente,Não hA placas,60 km/h,Única,Faixa seccionada,,
2021-05-17,segunda-feira ,09:17:00,SEM VÍTIMA,CASA AMARELA,RUA,RUA PAULA BATISTA,RUA,RUA XAVANTES,CASA ESPÍRITA LAR DE MARIA,CASA AMARELA,,CIDADE,COLISÃO TRANSVERSAL,1,0,0,0,0,0,0,1,0,0,0,Cruzamento,Bom,Não existe,Incompleta,Seca,Perfeito estado,Faixa de retenção,Outras,,Dupla,Faixa seccionada,,
2021-05-17,segunda-feira ,10:09:00,COM VÍTIMA,BOMBA DO HEMETERIO,RUA,RUA BOMBA DO HEMETERIO,,,PRÓX AO POSTO DE COMBUSTÍVEL NORTE BRAS,BOMBA DO HEMETÉRIO,,SUBURBIO,COLISÃO TRASEIRA,1,1,0,0,0,0,0,0,0,2,0,Rotatória,Bom,Não existe,Perfeito estado,Seca,Perfeito estado,Faixa de pedestre,Não hA placas,30 km/h,Dupla,Faixa seccionada,,
2021-05-17,segunda-feira ,11:32:00,COM VÍTIMA,IMBIRIBEIRA,RUA,RUA JORGE DE LIMA,RUA,RUA JORGE DE LIMA,EM FRENTE AO GALETINHO DO MATUTO,IMBIRIBEIRA,402,SUBURBIO,COLISÃO LATERAL,0,2,0,0,0,0,0,0,0,1,0,Cruzamento,Bom,Sem defeito,Perfeito estado,Seca,Perfeito estado,Faixa de pedestre,Outras,60 km/h,Única,Faixa contínua,,
2021-05-17,segunda-feira ,14:56:00,COM VÍTIMA,SAO JOSE,AVENIDA,AVENIDA DANTAS BARRETO,,,PRÓX À PRAÇA SERGIO LORÊTO,SÃO JOSÉ,,CIDADE,ATROPELAMENTO DE PESSOA,1,0,0,0,1,0,0,0,0,1,0,Longo da via,Bom,Sem defeito,Perfeito estado,Seca,Perfeito estado,Faixa de pedestre,Não hA placas,,Dupla,Faixa contínua,,
2021-05-17,segunda-feira ,19:12:00,SEM VÍTIMA,MANGABEIRA,RUA,RUA DA MANGABEIRA,,,PROX. DO CLUB DA MANGABEIRA,MANGABEIRA,,,COLISÃO LATERAL,2,0,0,0,0,0,0,0,0,0,0,,,,,,,,,,,,,
2021-05-17,segunda-feira ,19:22:00,COM VÍTIMA,COQUEIRAL,RUA,RUA ANANIAS CATANHO,,,CASA,COQUEIRAL,,,ATROPELAMENTO DE PESSOA,0,1,0,0,1,0,0,0,0,1,0,,,,,,,,,,,,,
2021-05-17,segunda-feira ,19:52:00,COM VÍTIMA,SANTO AMARO,AVENIDA,AVENIDA NORTE,AVENIDA,AVENIDA CRUZ CABUGA,NA ALÇA DE ACESSO A AV. CRUZ CABUGA,SANTO AMARO,34,CIDADE,COLISÃO TRASEIRA,1,1,0,0,0,0,0,0,0,1,0,Longo da via,Bom,Não existe,Perfeito estado,Seca,Perfeito estado,Faixa de pedestre,"Placas ""Dê a preferência""",,Única,Não existe,,
2021-05-18,terça-feira ,07:54:00,COM VÍTIMA,AREIAS,AVENIDA,AVENIDA RECIFE,,,EMFRENTE AO HIPER DE AREIAS. SENTIDO BOA VIAGEM,AREIAS,,,COLISÃO LATERAL,0,2,0,0,0,0,0,0,0,1,0,Longo da via,Bom,Não existe,Perfeito estado,Seca,Perfeito estado,Não existe,Outras,,Dupla,Canteiro central,,
2021-05-18,terça-feira ,09:44:00,COM VÍTIMA,ILHA DO LEITE,RUA,RUA FRANCISCO ALVES,,,EMPREASRIAL MULTIMED ILHA CENTER,ILHA DO LEITE,,SUBURBIO,COLISÃO LATERAL,1,1,0,0,0,0,0,0,0,1,0,Longo da via,Bom,Não existe,Perfeito estado,Seca,Perfeito estado,Outros,"Placas ""Dê a preferência""",,Dupla,Faixa contínua,,
2021-05-18,terça-feira ,12:48:00,COM VÍTIMA,TORRE,RUA,RUA CONDE DE IRAJA,RUA,RUA REAL DA TORRE,AO LADO EXTRA E/F A ESCOLA GERAÇAO  ATIVA,TORRE,,SUBURBIO,COLISÃO LATERAL,1,1,0,0,0,0,0,0,0,1,0,Longo da via,Bom,Não existe,Perfeito estado,Seca,Perfeito estado,Não existe,Não hA placas,60 km/h,Única,Faixa seccionada,,
2021-05-18,terça-feira ,13:29:00,COM VÍTIMA,ESPINHEIRO,RUA,RUA QUARENTA E OITO,RUA,RUA CARNEIRO VILELA,EM FRENTE A GALERIA QUARENTA E OITO,ESPINHEIRO,,CIDADE,COLISÃO TRANSVERSAL,1,1,0,0,0,0,0,0,0,1,0,Longo da via,Bom,Não existe,Perfeito estado,Seca,Perfeito estado,Faixa de pedestre,Não hA placas,40 km/h,Única,Faixa seccionada,,
2021-05-18,terça-feira ,15:03:00,COM VÍTIMA,SANTO AMARO,RUA,RUA TRES DE MAIO,RUA,RUA FREI CASSIMIRO,PROX ANTIGA CTTU E/F A BORRACHARIA MODESTO,SANTO AMARO,,SUBURBIO,COLISÃO LATERAL,1,0,0,0,0,0,0,0,0,1,0,Cruzamento,Bom,Não existe,Ilegível,Seca,Mal iluminada,Não existe,Não hA placas,,Dupla,Não existe,,
2021-05-18,terça-feira ,17:32:00,COM VÍTIMA,BOA VISTA,RUA,RUA DOM BOSCO,,,LADO OPOSTO A FARMACIA DROGASIL,BOA VISTA,,SUBURBIO,CHOQUE,1,0,0,0,0,0,0,0,0,1,0,Longo da via,Bom,Sem defeito,Perfeito estado,Seca,Perfeito estado,Outros,Outras,40 km/h,Única,Faixa seccionada,,
2021-05-18,terça-feira ,17:42:00,COM VÍTIMA,BOA VISTA,AVENIDA,AVENIDA GOVERNADOR AGAMENON MAGALHAES,AVENIDA,AVENIDA GOVERNADOR AGAMENON MAGALHAES,EM FRENTE AO HOSPITAL MENORIAL SÃO JOSE,BOA VISTA,,CIDADE,COLISÃO TRASEIRA,0,0,0,0,0,2,0,0,0,1,0,Longo da via,Bom,Sem defeito,Perfeito estado,Seca,Perfeito estado,Não existe,Não hA placas,60 km/h,Dupla,Canteiro central,,
2021-05-18,terça-feira ,17:55:00,COM VÍTIMA,ESPINHEIRO,AVENIDA,AVENIDA NORTE,RUA,RUA MARQUES DO PARANA,LADO OPOSTO A PRAÇA DA PICANHA,ESPINHEIRO,376,CIDADE,CAPOTAMENTO,1,0,0,0,0,0,0,0,0,1,0,Cruzamento,Bom,Sem defeito,Perfeito estado,Seca,Perfeito estado,Faixa de pedestre,Outras,60 km/h,Dupla,Canteiro central,,
2021-05-18,terça-feira ,18:11:00,COM VÍTIMA,BOA VIAGEM,AVENIDA,AVENIDA BOA VIAGEM,,,,BOA VIAGEM,,CIDADE,COLISÃO TRANSVERSAL,1,1,0,0,0,0,0,0,0,1,0,Longo da via,Bom,Não existe,Perfeito estado,Seca,Perfeito estado,Não existe,Não hA placas,,Única,Faixa seccionada,,
2021-05-19,quarta-feira ,07:17:00,COM VÍTIMA,MADALENA,AVENIDA,AVENIDA BEIRA RIO,,,EM FRENTE AO EDF BEIRA RIO,MADALENA,,,COLISÃO COM CICLISTA,1,0,0,1,0,0,0,0,0,1,0,Longo da via,Bom,Sem defeito,Perfeito estado,Seca,Perfeito estado,Não existe,Não hA placas,,Dupla,Faixa seccionada,,
2021-05-19,quarta-feira ,08:16:00,COM VÍTIMA,CAXANGA,AVENIDA,AVENIDA CAXANGA,,,EM  FRENTE A EXPOSIÇAO DE ANIMAIS /  SENT CAMARAGIBE /,CAXANGA,,,COLISÃO TRASEIRA,1,1,0,0,0,0,0,0,0,1,0,Longo da via,Bom,Não existe,Perfeito estado,Seca,Perfeito estado,Não existe,R-6a,,Dupla,Faixa contínua,Faixa seccionada,Canteiro central
2021-05-19,quarta-feira ,09:11:00,COM VÍTIMA,BOA VISTA,RUA,RUA JOSE DE ALENCAR,RUA,RUA BARAO DE SAO BORJA,EM FRENTE AO HOTEL BOA VISTA,BOA VISTA,,,COLISÃO LATERAL,2,0,0,0,0,0,0,0,0,1,0,,,,,,,,,,,,,
2021-05-19,quarta-feira ,17:35:00,COM VÍTIMA,SANTO AMARO,AVENIDA,AVENIDA VISCONDE DE SUASSUNA,PRQ,PRQ TREZE DE MAIO,COLÉGIO IEP,SANTO AMARO,,,COLISÃO LATERAL,0,1,0,0,0,0,0,1,0,1,0,Cruzamento,Bom,Sem defeito,Perfeito estado,Seca,Perfeito estado,Faixa de pedestre,Outras,,Dupla,Faixa seccionada,,
2021-05-19,quarta-feira ,19:05:00,COM VÍTIMA,CORDEIRO,AVENIDA,AVENIDA CAXANGA,AVENIDA,AVENIDA GENERAL SAN MARTIN,PRÓX AO HOSPITAL GETÚLIO VARGAS,CORDEIRO,,CIDADE,COLISÃO LATERAL,1,1,0,0,0,0,0,0,0,1,0,Longo da via,Bom,Sem defeito,Perfeito estado,Seca,Perfeito estado,Não existe,Não hA placas,,Dupla,Canteiro central,,
2021-05-20,quinta-feira ,08:21:00,COM VÍTIMA,IPUTINGA,AVENIDA,AVENIDA CAXANGA,RUA,RUA PROFESSOR CHAVES BATISTA,LADO OPOSTO AO HOSPITAL SANTA TEREZINHA,IPUTINGA,230,CIDADE,COLISÃO COM CICLISTA,0,0,0,1,0,0,0,0,0,1,0,Cruzamento,Bom,Sem defeito,Perfeito estado,Seca,Perfeito estado,Faixa de pedestre,Outras,,Dupla,Canteiro central,,
2021-05-20,quinta-feira ,12:08:00,COM VÍTIMA,TEJIPIO,RUA,RUA FALCAO DE LACERDA,,,PROXIMO A OFICINA LIDER,TEJIPIÓ,,SUBURBIO,COLISÃO LATERAL,1,1,0,0,0,0,0,0,0,1,0,Longo da via,Bom,Não existe,Ilegível,Seca,Perfeito estado,Não existe,Não hA placas,40 km/h,Dupla,Faixa contínua,,
2021-05-20,quinta-feira ,13:58:00,COM VÍTIMA,CORDEIRO,RUA,RUA CLAUDIO BROTHERHOOD,RUA,RUA RIO CAPIBARIBE,,CORDEIRO,,CIDADE,COLISÃO FRONTAL,1,1,0,0,0,0,0,0,0,1,0,Cruzamento,Bom,Não existe,Não existente,Seca,Perfeito estado,Não existe,Não hA placas,40 km/h,Dupla,Faixa seccionada,,
2021-05-20,quinta-feira ,15:07:00,COM VÍTIMA,MADALENA,RUA,RUA SENADOR FABIO DE BARROS,,,E/F AO EXTRA,MADALENA,,SUBURBIO,COLISÃO FRONTAL,1,1,0,0,0,0,0,0,0,1,0,Longo da via,Bom,Sem defeito,Perfeito estado,Seca,Perfeito estado,Não existe,Não hA placas,,Dupla,Faixa contínua,,
2021-05-20,quinta-feira ,16:24:00,COM VÍTIMA,IMBIRIBEIRA,AVENIDA,AVENIDA ENGENHEIRO ALVES DE SOUZA,RUA,RUA ARQUITETO LUIZ NUNES,EM FRENTE A DROGASIL E A JULIETTO,IMBIRIBEIRA,634,CIDADE,COLISÃO LATERAL,1,1,0,0,0,0,0,0,0,1,0,Cruzamento,Bom,Sem defeito,Ilegível,Seca,Perfeito estado,Faixa de pedestre,"Placas ""Pare""",,Dupla,Faixa seccionada,,
2021-05-20,quinta-feira ,22:26:40,COM VÍTIMA,BOA VIAGEM,AVENIDA,AVENIDA ENGENHEIRO DOMINGOS FERREIRA,RUA,RUA ERNESTO DE PAULA SANTOS,E/F AO RESTAURANTE CASA DITALIA - PISTA DA ESQUERDA,BOA VIAGEM,217,SUBURBIO,COLISÃO TRASEIRA,1,1,0,0,0,0,0,0,0,1,0,Cruzamento,Bom,Sem defeito,Perfeito estado,Seca,Perfeito estado,Faixa de pedestre,R-6a,50 km/h,Única,Canteiro central,,
2021-05-21,sexta-feira ,05:22:00,SEM VÍTIMA,IPUTINGA,AVENIDA,AVENIDA PROFESSOR JOAQUIM CAVALCANTI,,,PROXIMO DO VIADUTO DA CAXANGA,IPUTINGA,,,COLISÃO LATERAL,2,0,0,0,0,0,0,0,0,0,0,,,,,,,,,,,,,
2021-05-21,sexta-feira ,10:03:00,COM VÍTIMA,GRACAS,RUA,RUA ALBERTO PAIVA,,,POR TRAS DA PEDRAGON CHEVROLET,GRAÇAS,,SUBURBIO,QUEDA,0,1,0,0,0,0,0,0,0,1,0,Longo da via,Chuvoso,Não existe,Perfeito estado,Oleosa,Perfeito estado,Não existe,Não hA placas,40 km/h,Única,Faixa seccionada,,
2021-05-21,sexta-feira ,10:27:00,COM VÍTIMA,IBURA,AVENIDA,AVENIDA RECIFE,,,LOJA DE AUTO,IBURA,,SUBURBIO,COLISÃO TRANSVERSAL,1,1,0,0,0,0,0,0,0,1,0,Longo da via,Bom,Sem defeito,Perfeito estado,Seca,Perfeito estado,Não existe,Não hA placas,60 km/h,Dupla,Canteiro central,,
2021-05-21,sexta-feira ,10:35:00,COM VÍTIMA,SANTO ANTONIO,AVENIDA,AVENIDA GUARARAPES,,,EM FRENTE A CAIXA ECONÔMICA FEDERAL,SANTO ANTÔNIO,,SUBURBIO,ATROPELAMENTO DE PESSOA,0,0,0,0,1,1,0,0,0,1,0,Longo da via,Bom,Não existe,Perfeito estado,Seca,Perfeito estado,Não existe,Não hA placas,40 km/h,Dupla,Canteiro central,,
2021-05-21,sexta-feira ,12:23:00,COM VÍTIMA,SAO JOSE,CAIS,CAIS SANTA RITA,AVENIDA,AVENIDA ENGENHEIRO JOSE ESTELITA,EM FRENTE AO PIER MARICIO DE NASSAU,SÃO JOSÉ,,SUBURBIO,COLISÃO TRASEIRA,1,1,0,0,0,0,0,0,0,1,0,Longo da via,Bom,Não existe,Perfeito estado,Seca,Perfeito estado,Não existe,Não hA placas,60 km/h,Dupla,Canteiro central,,
2021-05-21,sexta-feira ,13:11:00,COM VÍTIMA,BOA VIAGEM,RUA,RUA VISCONDE DE JEQUITINHONHA,RUA,RUA DES JOAO PAES,EM FRENTE,BOA VIAGEM,,CIDADE,COLISÃO FRONTAL,2,0,0,0,0,0,0,0,0,1,0,Cruzamento,Bom,Não existe,Perfeito estado,Seca,Perfeito estado,Faixa de pedestre,"Placas ""Pare""",,Única,Não existe,,
2021-05-21,sexta-feira ,14:18:00,COM VÍTIMA,BRASILIA TEIMOSA,RUA,RUA IVONETE FERREIRA DA SILVA,,,"AO LADO DO HABITACIONAL,EM FRENTE A OFICINA DE BARCOS",BRASÍLIA TEIMOSA,,CIDADE,COLISÃO FRONTAL,1,1,0,0,0,0,0,0,0,1,0,Longo da via,Bom,Não existe,Ilegível,Seca,Mal conservada,Não existe,Não hA placas,,Dupla,Faixa contínua,,
2021-05-21,sexta-feira ,19:17:00,COM VÍTIMA,BOA VIAGEM,AVENIDA,AVENIDA CONSELHEIRO AGUIAR,,,EM FRENTE A IMORIO FRUTARIA/ EDIF. SANTA TEREZA,BOA VIAGEM,,,COLISÃO LATERAL,2,0,0,0,0,0,0,0,0,1,0,,,,,,,,,,,,,
2021-05-21,sexta-feira ,19:34:00,SEM VÍTIMA,ARRUDA,AVENIDA,AVENIDA PROFESSOR JOSE DOS ANJOS,RUA,RUA CONEGO BARATA,PRÓX AO DENOCS,ARRUDA,306,,COLISÃO TRASEIRA,2,0,0,0,0,0,0,0,0,0,0,,,,,,,,,,,,,
2021-05-21,sexta-feira ,20:54:40,COM VÍTIMA,CAMPO GRANDE,RUA,RUA CATULO DA PAIXAO CEARENSE,RUA,RUA PROFESSOR FRANCISCO DA TRINDADE,PRÓX A IGREJA A UNIVERSAL,CAMPO GRANDE,,,COLISÃO LATERAL,1,1,0,0,0,0,0,0,0,1,0,,,,,,,,,,,,,
2021-05-22,sábado ,08:48:00,COM VÍTIMA,AFOGADOS,RUA,RUA PROFESSOR AUGUSTO WANDERLEY FILHO,RUA,RUA AUGUSTO CALHEIROS,"ANTES DA PONTE MOTOCOLOMBO, SENT. IMBIRIBEIRA",AFOGADOS,,SUBURBIO,COLISÃO TRASEIRA,1,1,0,0,0,0,0,0,0,1,0,Longo da via,Bom,Sem defeito,Perfeito estado,Seca,Perfeito estado,Não existe,Não hA placas,40 km/h,Única,Faixa seccionada,,
2021-05-22,sábado ,13:49:00,COM VÍTIMA,BOA VIAGEM,AVENIDA,AVENIDA BOA VIAGEM,,,APOS O HOTEL INTERNACIONAL PALACE  RECIFE,BOA VIAGEM,,CIDADE,COLISÃO TRASEIRA,1,1,0,0,0,0,0,0,0,1,0,Longo da via,Bom,Não existe,Perfeito estado,Seca,Perfeito estado,Não existe,Não hA placas,,Única,Faixa seccionada,,
2021-05-22,sábado ,19:26:00,COM VÍTIMA,SAN MARTIN,AVENIDA,AVENIDA JOAO CABRAL DE MELO NETO,RUA,RUA TENENTE MINDELO,SEMAFORO 250 - RUA TENENTE MINDELO,SAN MARTIN,250,SUBURBIO,COLISÃO COM CICLISTA,0,1,0,1,0,0,0,0,0,1,0,Cruzamento,Bom,Sem defeito,Perfeito estado,Seca,Perfeito estado,Não existe,Não hA placas,,Dupla,Canteiro central,,
2021-05-22,sábado ,20:42:40,COM VÍTIMA,AGUA FRIA,AVENIDA,AVENIDA ANIBAL BENEVOLO,,,E/F AO MERCADINHO SUPERBOM E PRÓX AO BELA VISTA,AGUA FRIA,,,COLISÃO FRONTAL,0,1,1,0,0,0,0,0,0,3,0,,,,,,,,,,,,,
2021-05-22,sábado ,21:20:40,SEM VÍTIMA,PRADO,RUA,RUA GOMES TABORDA,RUA,RUA QUATRO DE OUTUBRO,,PRADO,,SUBURBIO,,1,1,0,0,0,0,0,0,0,0,0,Longo da via,Bom,Não existe,Não existente,Seca,Mal conservada,,Não hA placas,,Dupla,Faixa seccionada,,
2021-05-22,sábado ,22:17:40,COM VÍTIMA,IPSEP,RUA,RUA JEAN EMILE FAVRE,,,EM FRENTE A DP DO IPSEP,IPSEP,,,COLISÃO LATERAL,0,2,0,0,0,0,0,0,0,1,0,,,,,,,,,,,,,
2021-05-23,domingo ,13:46:00,COM VÍTIMA,BOA VIAGEM,AVENIDA,AVENIDA ENGENHEIRO DOMINGOS FERREIRA,,,PROX AO RESTAURANTE MATCH / PROX AO SUPERMERCADO ZEPELIN,BOA VIAGEM,,SUBURBIO,COLISÃO TRASEIRA,2,0,0,0,0,0,0,0,0,1,0,Longo da via,Bom,Não existe,Perfeito estado,Seca,Perfeito estado,Não existe,Não hA placas,60 km/h,Única,Faixa contínua,,
2021-05-24,segunda-feira ,10:49:00,COM VÍTIMA,PINA,AVENIDA,AVENIDA ENGENHEIRO DOMINGOS FERREIRA,,,E/F A ART FIBRA SINTETICA,PINA,,SUBURBIO,COLISÃO LATERAL,0,0,0,0,0,0,0,0,0,2,0,Longo da via,Bom,Não existe,Perfeito estado,Seca,Perfeito estado,Não existe,Não hA placas,,Única,Faixa seccionada,,
2021-05-24,segunda-feira ,11:21:00,COM VÍTIMA,SANTO AMARO,AVENIDA,AVENIDA CRUZ CABUGA,RUA,RUA DO HOSPICIO,MPPE,SANTO AMARO,32,,COLISÃO TRASEIRA,1,1,0,0,0,0,0,0,0,1,0,Longo da via,Bom,Sem defeito,Perfeito estado,Seca,Perfeito estado,Faixa de pedestre,Não hA placas,,Única,Faixa contínua,,
2021-05-24,segunda-feira ,12:18:00,COM VÍTIMA,AFOGADOS,RUA,RUA SAO MIGUEL,RUA,RUA ALEXANDRE RODRIGUES FERREIRA,EM FRENTE AO RESTAURANTE CHARQUE NA BRASA,AFOGADOS,,SUBURBIO,COLISÃO LATERAL,1,1,0,0,0,0,0,0,0,1,0,Longo da via,Bom,Não existe,Perfeito estado,Seca,Perfeito estado,Não existe,Não hA placas,,Dupla,Faixa seccionada,,
2021-05-24,segunda-feira ,17:46:00,COM VÍTIMA,IMBIRIBEIRA,AVENIDA,AVENIDA RECIFE,AVENIDA,AVENIDA SENADOR ROBERT KENNEDY,SENTIDO AEROPORTO,IMBIRIBEIRA,319,,COLISÃO COM CICLISTA,1,0,0,1,0,0,0,0,0,1,0,Cruzamento,Bom,Sem defeito,Perfeito estado,Seca,Perfeito estado,Faixa de pedestre,R-18,30 km/h,Dupla,Faixa contínua,Canteiro central,Canal
2021-05-25,terça-feira ,08:25:00,COM VÍTIMA,SAO JOSE,AVENIDA,AVENIDA DANTAS BARRETO,RUA,RUA SAO JOAO,SEMAFORO 054,SÃO JOSÉ,54,CIDADE,ATROPELAMENTO DE PESSOA,0,1,0,0,1,0,0,0,0,1,0,Cruzamento,Bom,Sem defeito,Perfeito estado,Seca,Perfeito estado,Faixa de pedestre,Não hA placas,,Dupla,Faixa contínua,,
2021-05-25,terça-feira ,12:09:00,COM VÍTIMA,GRACAS,RUA,RUA AMELIA,,,EM  FRENTE A  CACHEFERIA TRADICAO,GRAÇAS,,,COLISÃO COM CICLISTA,1,0,0,1,0,0,0,0,0,1,0,,,,,,,,,,,,,
2021-05-26,quarta-feira ,13:47:00,COM VÍTIMA,CASA FORTE,AVENIDA,AVENIDA DEZESSETE DE AGOSTO,,,EM FRENTE A CAOA CHERY,CASA FORTE,,SUBURBIO,COLISÃO LATERAL,0,2,0,0,0,0,0,0,0,1,0,Longo da via,Bom,Não existe,Perfeito estado,Seca,Perfeito estado,Não existe,Não hA placas,40 km/h,Dupla,Faixa seccionada,,
2021-05-26,quarta-feira ,15:09:00,COM VÍTIMA,ROSARINHO,AVENIDA,AVENIDA NORTE,AVENIDA,AVENIDA SANTOS DUMONT,LADO OPOSTO A PADARIA ROSARINHO DELICATESSEN,ROSARINHO,81,SUBURBIO,COLISÃO LATERAL,1,1,0,0,0,0,0,0,0,1,0,Longo da via,Bom,Sem defeito,Perfeito estado,Seca,Perfeito estado,Faixa de pedestre,Não hA placas,60 km/h,Dupla,Canteiro central,,
2021-05-27,quinta-feira ,07:51:00,COM VÍTIMA,BOA VIAGEM,RUA,RUA FELIX DE BRITO E MELO,,,,BOA VIAGEM,,CIDADE,CAPOTAMENTO,2,0,0,0,0,0,0,0,0,1,0,Longo da via,Chuvoso,Não existe,Perfeito estado,Molhada,Perfeito estado,Não existe,Não hA placas,60 km/h,Única,Faixa seccionada,,
2021-05-27,quinta-feira ,08:46:00,COM VÍTIMA,CORDEIRO,RUA,RUA N S DA SAUDE,RUA,RUA DR GASTAO DA SILVEIRA,CENTRO VETERIN ARIO DE ESPECIALIDADE PATRICA BARROCA,CORDEIRO,,,COLISÃO TRASEIRA,1,0,0,0,0,0,0,0,0,1,0,Cruzamento,Bom,Não existe,Perfeito estado,Molhada,Perfeito estado,Não existe,Não hA placas,40 km/h,Dupla,Faixa contínua,,
2021-05-27,quinta-feira ,08:58:00,COM VÍTIMA,SANTO AMARO,RUA,RUA COELHO LEITE,RUA,RUA COELHO LEITE,EM FRENTE AO GALPAO DA POLICIA,SANTO AMARO,,CIDADE,COLISÃO TRASEIRA,1,1,0,0,0,0,0,0,0,1,0,Cruzamento,Chuvoso,Não existe,Perfeito estado,Molhada,Perfeito estado,Faixa de retenção,Outras,40 km/h,Dupla,Faixa seccionada,,