data,dia_semana,hora,natureza,bairro,logradouro_endereco,endereco,logradouro_detalhe_endereco,detalhe_endereco_acidente,complemento,bairro_cruzamento,num_semaforo,sentido_via,tipo,auto,moto,ciclom,ciclista,pedestre,onibus,caminhao,viatura,outros,vitimas,vitimasfatais,acidente_verificado,tempo_clima,situacao_semaforo,sinalizacao,condicao_via,conservacao_via,ponto_controle,situacao_placa,velocidade_max_via,mao_direcao,divisao_via1,divisao_via2,divisao_via3
2021-05-27,quinta-feira ,09:24:00,COM VÍTIMA,CASA FORTE,AVENIDA,AVENIDA DEZESSETE DE AGOSTO,,,AO LADO DO MUSEUN DO HOMEM DO NORDESTE,CASA FORTE,646,CIDADE,COLISÃO LATERAL,1,1,0,0,0,0,0,0,0,1,0,Longo da via,Chuvoso,Sem defeito,Perfeito estado,Molhada,Perfeito estado,Faixa de retenção,Não hA placas,60 km/h,Dupla,Faixa contínua,,
2021-05-27,quinta-feira ,14:22:00,COM VÍTIMA,CASA AMARELA,RUA,RUA PAULA BATISTA,RUA,RUA XAVANTES,EM FRENTE AO CENTRO ESPÍRITAR MOACYR / PRÓX À PRAÇA DO TRABALHO,CASA AMARELA,,,COLISÃO LATERAL,2,0,0,0,0,0,0,0,0,3,0,Cruzamento,Chuvoso,Não existe,Perfeito estado,Seca,Perfeito estado,Faixa de retenção,"Placas ""Pare""",,Dupla,Faixa seccionada,,
2021-05-27,quinta-feira ,14:42:00,COM VÍTIMA,SANTO AMARO,AVENIDA,AVENIDA CRUZ CABUGA,AVENIDA,AVENIDA NORTE,ESQUINA COM A CASA DA INDUSTRIA,SANTO AMARO,37,CIDADE,COLISÃO TRANSVERSAL,1,1,0,0,0,0,0,0,0,1,0,Cruzamento,Bom,Sem defeito,Perfeito estado,Seca,Perfeito estado,Agente,Não hA placas,,Dupla,Faixa contínua,,
2021-05-27,quinta-feira ,15:46:00,COM VÍTIMA,CORDEIRO,AVENIDA,AVENIDA CAXANGA,RUA,RUA CLAUDIO BROTHERHOOD,EM FRENTE À EXPOSIÇÃO DE ANIMAIS,CORDEIRO,,CIDADE,COLISÃO LATERAL,1,1,0,0,0,0,0,0,0,2,0,Cruzamento,Bom,Sem defeito,Incompleta,Seca,Perfeito estado,Faixa de pedestre,R-6a,,Dupla,Faixa contínua,Faixa seccionada,
2021-05-27,quinta-feira ,17:19:00,COM VÍTIMA,BOA VIAGEM,AVENIDA,AVENIDA BOA VIAGEM,,,EDIF. MARIA EDICTA,BOA VIAGEM,,CIDADE,COLISÃO LATERAL,1,1,0,0,0,0,0,0,0,1,0,Longo da via,Bom,Sem defeito,Perfeito estado,Seca,Perfeito estado,Não existe,Outras,60 km/h,Única,Faixa contínua,,
2021-05-27,quinta-feira ,17:43:00,COM VÍTIMA,IPSEP,RUA,RUA JEAN EMILE FAVRE,,,MERCADINHO IGUAÇU,IPSEP,,CIDADE,ATROPELAMENTO DE PESSOA,1,0,0,0,2,0,0,0,0,2,0,Longo da via,Chuvoso,Sem defeito,Perfeito estado,Molhada,Perfeito estado,Não existe,Não hA placas,,Dupla,Faixa contínua,,
2021-05-27,quinta-feira ,19:35:00,COM VÍTIMA,IPUTINGA,AVENIDA,AVENIDA CAXANGA,,,DROGASIL E BOI E BRASA,IPUTINGA,,,COLISÃO LATERAL,0,2,0,0,0,0,0,0,0,3,0,,,,,,,,,,,,,
2021-05-28,sexta-feira ,07:45:00,COM VÍTIMA,JORDAO,AVENIDA,AVENIDA MARIA IRENE,,,EM FRENTE A CAPELA SÃO JOÃO BATISTA,JORDÃO,,CIDADE,COLISÃO TRASEIRA,1,1,0,0,0,0,0,0,0,1,0,Longo da via,Bom,Não existe,Perfeito estado,Seca,Perfeito estado,Não existe,Não hA placas,,Dupla,Faixa contínua,,
2021-05-28,sexta-feira ,08:43:00,COM VÍTIMA,PARNAMIRIM,RUA,RUA JOAO TUDE DE MELO,,,SHOPPING PARNAMIRIN,PARNAMIRIM,,SUBURBIO,COLISÃO LATERAL,0,0,0,0,0,0,0,0,0,2,0,Longo da via,Bom,Não existe,Perfeito estado,Seca,Perfeito estado,Faixa de pedestre,Não hA placas,,Única,Faixa seccionada,,
2021-05-28,sexta-feira ,08:59:00,COM VÍTIMA,DOIS UNIDOS,RUA,RUA URIEL DE HOLANDA,,,CAMPO DO CAFÉ,DOIS UNIDOS,,,ATROPELAMENTO DE PESSOA,0,0,0,0,1,0,0,0,0,1,0,,,,,,,,,,,,,
2021-05-28,sexta-feira ,09:59:00,COM VÍTIMA,CAXANGA,AVENIDA,AVENIDA CAXANGA,,,EM FRENTE A FARMACIA PAGUE MENOS E ESTAÇÃO BRT ABOLIÇÃO SENT. CIDADE,CAXANGA,,CIDADE,COLISÃO LATERAL,1,1,0,0,0,0,0,0,0,1,0,Longo da via,Bom,Sem defeito,Perfeito estado,Seca,Perfeito estado,Não existe,Não hA placas,60 km/h,Dupla,Canteiro central,,
2021-05-28,sexta-feira ,16:08:00,COM VÍTIMA,DOIS IRMAOS,RUA,RUA DOIS IRMAOS,RUA,RUA DOIS IRMAOS,SOB VIADUTO DA BR-101,DOIS IRMÃOS,416,CIDADE,COLISÃO TRASEIRA,0,1,0,0,0,1,0,0,0,1,0,Longo da via,Chuvoso,Sem defeito,Perfeito estado,Molhada,Perfeito estado,Faixa de retenção,Não hA placas,,Única,Outros,,
2021-05-28,sexta-feira ,22:38:40,COM VÍTIMA,TORRE,RUA,RUA CONDE DE IRAJA,,,PROXIMO IGREJA DA TORRE,TORRE,,,COLISÃO LATERAL,0,2,0,0,0,0,0,0,0,2,0,,,,,,,,,,,,,
2021-05-29,sábado ,09:41:00,COM VÍTIMA,BOA VIAGEM,AVENIDA,AVENIDA BOA VIAGEM,,,,BOA VIAGEM,120,CIDADE,COLISÃO TRANSVERSAL,0,1,1,0,0,0,0,0,0,1,0,Longo da via,Bom,Sem defeito,Perfeito estado,Seca,Perfeito estado,Faixa de pedestre,Outras,60 km/h,Única,Faixa contínua,,
2021-05-29,sábado ,11:08:00,COM VÍTIMA,DOIS UNIDOS,AVENIDA,AVENIDA HILDEBRANDO DE VASCONCELOS,,,EM FRENTE A ESTAÇAO DA CELPE / ENTRADA DE DOIS UNIDOS,DOIS UNIDOS,,,COLISÃO LATERAL,1,1,0,0,0,0,0,0,0,1,0,Cruzamento,Bom,Não existe,Incompleta,Seca,Perfeito estado,Faixa de pedestre,Outras,40 km/h,Dupla,Faixa,,
2021-05-29,sábado ,13:14:00,COM VÍTIMA,TORRE,RUA,RUA MARQUES DE MARICA,,,PRÓX À PRAÇA PROF. BARRETO CAMPELO,TORRE,,SUBURBIO,COLISÃO LATERAL,1,1,0,0,0,0,0,0,0,1,0,Longo da via,Bom,Não existe,Perfeito estado,Seca,Perfeito estado,Não existe,"Placas ""Pare""",,Dupla,Faixa seccionada,,
2021-05-29,sábado ,14:16:00,SEM VÍTIMA,BOA VIAGEM,RUA,RUA ANTONIO FALCAO,,,SEMAFORO 640,BOA VIAGEM,640,,CHOQUE,1,0,0,0,0,0,0,0,0,0,0,,,,,,,,,,,,,
2021-05-30,domingo ,11:51:00,COM VÍTIMA,ESPINHEIRO,RUA,RUA DA HORA,AVENIDA,AVENIDA JOAO DE BARROS,E/F AO EXTRA,ESPINHEIRO,656,SUBURBIO,COLISÃO FRONTAL,2,0,0,0,0,0,0,0,0,2,0,Cruzamento,Chuvoso,Sem defeito,Perfeito estado,Molhada,Perfeito estado,Faixa de pedestre,Outras,60 km/h,Única,Não existe,,
2021-05-30,domingo ,15:54:00,COM VÍTIMA,CORDEIRO,AVENIDA,AVENIDA GENERAL SAN MARTIN,RUA,RUA CLOTILDE DE OLIVEIRA,RUA CLOTILDE DE OLIVEIRA,CORDEIRO,185,SUBURBIO,COLISÃO LATERAL,1,1,0,0,0,0,0,0,0,1,0,Longo da via,Bom,Sem defeito,Perfeito estado,Seca,Mal conservada,Faixa de pedestre,Não hA placas,,Dupla,Faixa contínua,,
2021-05-30,domingo ,19:50:00,SEM VÍTIMA,AREIAS,AVENIDA,AVENIDA RECIFE,,,"SEMAFORO 494 - E/F AO RESIDENCIAL IGNEZ ANDREAZZA,  PRÓX AO BIG BOMPREÇO - FAIXA DA ESQUERDA",AREIAS,494,,COLISÃO TRASEIRA,2,0,0,0,0,0,0,0,0,0,0,,,,,,,,,,,,,
2021-05-31,segunda-feira ,09:08:00,COM VÍTIMA,AGUA FRIA,AVENIDA,AVENIDA BEBERIBE,,,EM FRENTE AO CONDOMINIO SOBRADO BEBERIBE,AGUA FRIA,153,CIDADE,COLISÃO LATERAL,1,1,0,0,0,0,0,0,0,1,0,Longo da via,Bom,Sem defeito,Perfeito estado,Seca,Perfeito estado,Faixa de pedestre,Outras,,Dupla,Faixa contínua,Faixa seccionada,
2021-05-31,segunda-feira ,13:21:00,COM VÍTIMA,CASA AMARELA,AVENIDA,AVENIDA NORTE,,,EM FRENTE AO REI DA PICANHA,CASA AMARELA,,SUBURBIO,COLISÃO COM CICLISTA,0,0,0,1,0,0,1,0,0,1,0,Longo da via,Bom,Sem defeito,Perfeito estado,Seca,Perfeito estado,Não existe,Outras,,Dupla,Faixa seccionada,,
2021-05-31,segunda-feira ,16:28:00,COM VÍTIMA,SANTO ANTONIO,PRC,PRC DA REPUBLICA,,,ENTRE O PALACIO CAMPO DAS PRINCESA E O TEATRO SANTA ISABEL,SANTO ANTÔNIO,,,COLISÃO COM CICLISTA,1,0,0,1,0,0,0,0,0,1,0,Longo da via,Chuvoso,Não existe,Perfeito estado,Molhada,Perfeito estado,Outros,R-6a,,Única,Outros,,
2021-05-31,segunda-feira ,17:59:00,COM VÍTIMA,BOA VIAGEM,RUA,RUA DEZ DE JULHO,RUA,RUA CAMBOIM,EM FRENTE AO MAISON CRISTAL,BOA VIAGEM,,SUBURBIO,COLISÃO LATERAL,1,1,0,0,0,0,0,0,0,1,0,Cruzamento,Chuvoso,Não existe,Perfeito estado,Molhada,Perfeito estado,Faixa de pedestre,"Placas ""Pare""",30 km/h,Dupla,Faixa seccionada,,
2021-05-31,segunda-feira ,18:42:00,COM VÍTIMA,BEBERIBE,RUA,RUA BOLIVAR,,,EM FRENTE AO CAMPO DO ARRUDA/ ARMAZÉM CORAL,BEBERIBE,,CIDADE,COLISÃO LATERAL,1,1,0,0,0,0,0,0,0,1,0,Longo da via,Chuvoso,Não existe,Perfeito estado,Molhada,Perfeito estado,Não existe,Outras,,Dupla,Faixa contínua,,
2021-05-31,segunda-feira ,19:05:00,COM VÍTIMA,IPSEP,AVENIDA,AVENIDA RECIFE,RUA,RUA JEAN EMILE FAVRE,PRÓXIMO A ENTRADA DA JEAN EMILE FAVRE,IPSEP,,SUBURBIO,CAPOTAMENTO,0,0,0,0,0,0,0,0,0,4,0,Longo da via,Chuvoso,Não existe,Perfeito estado,Molhada,Perfeito estado,,,,Dupla,Faixa seccionada,Canteiro central,
2021-05-31,segunda-feira ,19:08:00,COM VÍTIMA,CAXANGA,AVENIDA,AVENIDA CAXANGA,,,"PROX. A UPA, SENTIDO CIDADE",CAXANGA,,CIDADE,COLISÃO TRASEIRA,1,1,0,0,0,0,0,0,0,1,0,Longo da via,Chuvoso,Não existe,Perfeito estado,Molhada,Perfeito estado,Não existe,Não hA placas,,Única,Faixa seccionada,,
2021-06-01,terça-feira ,08:48:00,COM VÍTIMA,IPUTINGA,AVENIDA,AVENIDA MAURICIO DE NASSAU,RUA,RUA N S DA SAUDE,,IPUTINGA,88,SUBURBIO,COLISÃO TRANSVERSAL,1,1,0,0,0,0,0,0,0,1,0,Longo da via,Bom,Sem defeito,,Seca,Perfeito estado,Faixa de retenção,R-19,40 km/h,Dupla,Faixa contínua,,
2021-06-01,terça-feira ,08:57:00,COM VÍTIMA,ARRUDA,RUA,RUA DAS MOCAS,,,ARMAZÉM SÃO JOÃO,ARRUDA,,SUBURBIO,COLISÃO COM CICLISTA,1,0,0,1,0,0,0,0,0,1,0,Longo da via,Bom,Não existe,Perfeito estado,Seca,Perfeito estado,Não existe,"Placas ""Pare""",,Dupla,,,
2021-06-01,terça-feira ,11:17:00,COM VÍTIMA,BOA VIAGEM,AVENIDA,AVENIDA ENGENHEIRO DOMINGOS FERREIRA,,,PRÓX. AO EXTRABOM,BOA VIAGEM,,SUBURBIO,COLISÃO LATERAL,2,0,0,0,0,0,0,0,0,1,0,Longo da via,Bom,Sem defeito,Perfeito estado,Seca,Perfeito estado,,Não hA placas,,Única,Canteiro central,,
2021-06-01,terça-feira ,16:37:00,COM VÍTIMA,AFOGADOS,RUA,RUA SAO MIGUEL,,,AO LADO DO POSTO DISLUB ESQUINA COM A GRAN FARMA,AFOGADOS,,SUBURBIO,CHOQUE,0,1,0,0,0,0,0,0,0,1,0,Longo da via,Bom,Não existe,Perfeito estado,Seca,Perfeito estado,Faixa de pedestre,R-4a,,Dupla,Faixa contínua,,
2021-06-02,quarta-feira ,03:31:00,COM VÍTIMA,PINA,AVENIDA,AVENIDA CELSO FURTADO (VIA MANGUE),,,"APÓS O SHOPPING RIO MAR, PRÓXIMO AO AERO CLUBE -SENTIDO PIEDADE",PINA,,,TOMBAMENTO,0,1,0,0,0,0,0,0,0,1,0,,,,,,,,,,,,,
2021-06-02,quarta-feira ,08:33:00,COM VÍTIMA,SANTO AMARO,RUA,RUA DO POMBAL,,,ATRAS DA DELEGACIA DA MULHER,SANTO AMARO,,,COLISÃO FRONTAL,0,0,0,0,0,0,0,0,0,1,0,Cruzamento,Bom,Não existe,Perfeito estado,Seca,Perfeito estado,,,,Dupla,Faixa seccionada,,
2021-06-02,quarta-feira ,10:34:00,SEM VÍTIMA,MACAXEIRA,RUA,RUA ANA,,,PROXIMO AO LARGO DE DONA REGINA,MACAXEIRA,,SUBURBIO,COLISÃO TRASEIRA,1,0,0,0,0,0,1,0,0,0,0,,,,,,,,,,,,,
2021-06-02,quarta-feira ,15:45:00,COM VÍTIMA,BOA VISTA,AVENIDA,AVENIDA CONDE DA BOA VISTA,RUA,RUA BARAO DA SOLEDADE,EM FRENTE A IGREJA NOSSA SENHORA DA SOLEDADE,BOA VISTA,222,CIDADE,QUEDA,0,1,0,0,0,0,0,0,0,1,0,Longo da via,Bom,Sem defeito,Perfeito estado,Seca,Perfeito estado,Faixa de pedestre,R-6a,40 km/h,Única,,,
2021-06-02,quarta-feira ,17:59:00,COM VÍTIMA,BOA VIAGEM,AVENIDA,AVENIDA CELSO FURTADO (VIA MANGUE),,,,BOA VIAGEM,,SUBURBIO,COLISÃO FRONTAL,1,1,0,0,0,0,0,0,0,1,0,Longo da via,Bom,Não existe,Perfeito estado,Seca,Perfeito estado,Não existe,Outras,60 km/h,Dupla,Faixa seccionada,,
2021-06-03,quinta-feira ,16:21:00,COM VÍTIMA,TAMARINEIRA,EST,EST VELHA DE AGUA FRIA,RUA,RUA JOSE DE VASCONCELOS,DENOCS,TAMARINEIRA,,SUBURBIO,COLISÃO FRONTAL,1,1,0,0,0,0,0,0,0,1,0,Cruzamento,Bom,Não existe,Não existente,Seca,Perfeito estado,Não existe,R-6a,,Dupla,Faixa seccionada,,
2021-06-03,quinta-feira ,17:13:00,COM VÍTIMA,DERBY,AVENIDA,AVENIDA GOVERNADOR AGAMENON MAGALHAES,RUA,RUA JOAQUIM NABUCO,PROXIMO AO HOSPITAL DA RESTAURAÇÃO SENTIDO BOA VIAGEM,DERBY,174,,COLISÃO LATERAL,1,0,0,0,0,0,1,0,0,1,0,Cruzamento,Bom,Sem defeito,Perfeito estado,Seca,Perfeito estado,Faixa de pedestre,Outras,60 km/h,Dupla,Faixa seccionada,,
2021-06-03,quinta-feira ,19:23:00,COM VÍTIMA,ROSARINHO,RUA,RUA REGUEIRA COSTA,,,COM A RUA CAIO PEREIRA,ROSARINHO,,,COLISÃO FRONTAL,1,1,0,0,0,0,0,0,0,1,0,Cruzamento,Bom,Não existe,Perfeito estado,Seca,Perfeito estado,Não existe,Não hA placas,,Única,Não existe,,
2021-06-03,quinta-feira ,19:28:00,COM VÍTIMA,CABANGA,VIADUTO,VIADUTO CAPITAO TEMUDO,,,SOBRE A AV ENGº JOSE ESTELITA SENTIDO OLINDA,CABANGA,,CIDADE,COLISÃO COM CICLISTA,1,0,0,1,0,0,0,0,0,1,0,Longo da via,Bom,Não existe,Perfeito estado,Seca,Perfeito estado,,Não hA placas,60 km/h,Dupla,Outros,,
2021-06-04,sexta-feira ,00:10:00,SEM VÍTIMA,CABANGA,VIADUTO,VIADUTO CAPITAO TEMUDO,,,SOBRE O CAIS JOSÉ ESTELITA - SENTIDO OLINDA,CABANGA,,,CHOQUE,1,0,0,0,0,0,0,0,0,0,0,,,,,,,,,,,,,
2021-06-04,sexta-feira ,00:26:00,COM VÍTIMA,BOA VIAGEM,AVENIDA,AVENIDA CONSELHEIRO AGUIAR,RUA,RUA HENRIQUE CAPITULINO,CRUZAMENTO COM A RUA HENRIQUE CAPITULINO - PROXIMO A PIZZA HUT,BOA VIAGEM,143,CIDADE,COLISÃO TRANSVERSAL,2,0,0,0,0,0,0,0,0,2,0,Cruzamento,Bom,Sem defeito,Perfeito estado,Seca,Perfeito estado,Faixa de pedestre,Outras,60 km/h,Única,Faixa contínua,Faixa seccionada,
2021-06-04,sexta-feira ,07:33:00,COM VÍTIMA,IPSEP,AVENIDA,AVENIDA RECIFE,RUA,RUA JEAN EMILE FAVRE,"ACIDENTE, CAPOTAMENTO. COM VÍTIMA NO BAIRRO DO IPSEP. SENTIDO  IBURA / BOA VIAGEM. VÍTIMA SOCORRIDA PELO SAMU",IPSEP,,SUBURBIO,CAPOTAMENTO,0,0,0,0,0,0,0,0,0,1,0,Longo da via,Chuvoso,Não existe,Perfeito estado,Seca,Perfeito estado,Não existe,Não hA placas,60 km/h,Dupla,Faixa contínua,Canteiro central,
2021-06-04,sexta-feira ,10:45:00,COM VÍTIMA,PORTO DA MADEIRA,AVENIDA,AVENIDA CIDADE DE MONTEIRO,RUA,RUA ARAO BOTLER,ACIDENTE ENTRE MOTO x AUTO COM VÓTIMA SOCORRIDA PELO SAMU. ANTE DO CONJ. JOÃO PAULO II-,PORTO DA MADEIRA,,SUBURBIO,COLISÃO LATERAL,1,1,0,0,0,0,0,0,0,1,0,Cruzamento,Bom,Não existe,Perfeito estado,Seca,Perfeito estado,Não existe,Não hA placas,30 km/h,Dupla,Faixa contínua,,
2021-06-04,sexta-feira ,13:08:00,COM VÍTIMA,TORRE,RUA,RUA JOSE BONIFACIO,,,AO LADO DO ATACADO DOS PRESENTES,TORRE,,SUBURBIO,COLISÃO LATERAL,0,1,0,0,0,0,1,0,0,1,0,Longo da via,Bom,Não existe,Perfeito estado,Seca,Perfeito estado,Não existe,Outras,40 km/h,Única,Faixa seccionada,,
2021-06-04,sexta-feira ,14:53:00,SEM VÍTIMA,ARRUDA,RUA,RUA JOAO LIBERATO,RUA,RUA SAO BENTO,CHOQUE CAMINHÃO COM POSTE. FIAÇÃO NO LOCAL CELPE JA ACIONADA,ARRUDA,,SUBURBIO,CHOQUE,0,0,0,0,0,0,1,0,0,0,0,,,,,,,,,,,,,
2021-06-04,sexta-feira ,17:03:00,SEM VÍTIMA,DOIS IRMAOS,RUA,RUA DOIS IRMAOS,,,AO LADO DO MOTEL SENZALA,DOIS IRMÃOS,,,COLISÃO FRONTAL,0,0,0,0,0,1,1,0,0,0,0,,,,,,,,,,,,,
2021-06-04,sexta-feira ,19:05:00,COM VÍTIMA,ROSARINHO,AVENIDA,AVENIDA SANTOS DUMONT,RUA,RUA AMARO COUTINHO,AUTO E MOTO,ROSARINHO,,,COLISÃO FRONTAL,1,1,0,0,0,0,0,0,0,1,0,,,,,,,,,,,,,
2021-06-04,sexta-feira ,20:46:00,SEM VÍTIMA,GRACAS,AVENIDA,AVENIDA CONS ROSA E SILVA,,,PRAÇA DO ENTRONCAMENTO,GRAÇAS,,SUBURBIO,CHOQUE,0,0,0,0,0,0,0,0,0,0,0,,,,,,,,,,,,,
2021-06-04,sexta-feira ,23:20:40,SEM VÍTIMA,DERBY,AVENIDA,AVENIDA GOVERNADOR AGAMENON MAGALHAES,RUA,RUA DR BANDEIRA FILHO,,DERBY,173,SUBURBIO,COLISÃO TRANSVERSAL,1,0,0,0,0,0,0,1,0,0,0,Cruzamento,Bom,Sem defeito,Perfeito estado,Seca,Perfeito estado,Faixa de pedestre,Não hA placas,60 km/h,Dupla,Canteiro central,,
2021-06-05,sábado ,07:38:00,COM VÍTIMA,CABANGA,AVENIDA,AVENIDA GOVERNADOR AGAMENON MAGALHAES,,,"ENFRENTE AO CABANGA, SENTIDO CAP. TEMUDO",CABANGA,,,COLISÃO LATERAL,1,1,0,0,0,0,0,0,0,1,0,Longo da via,Bom,Não existe,Perfeito estado,Seca,Perfeito estado,Outros,Não hA placas,60 km/h,Dupla,Outros,,
2021-06-05,sábado ,10:53:00,SEM VÍTIMA,DOIS UNIDOS,AVENIDA,AVENIDA HILDEBRANDO DE VASCONCELOS,,,PRAÇA DO COMAR - TERMINAL DE ÔNIBUS DE DOIS UNIDOS,DOIS UNIDOS,,,,0,0,0,0,0,1,0,1,0,0,0,Longo da via,Bom,Não existe,,Seca,Perfeito estado,Não existe,R-4a,,Dupla,Não existe,,
2021-06-05,sábado ,14:15:00,COM VÍTIMA,BOA VIAGEM,RUA,RUA AGENOR LOPES,RUA,RUA RIBEIRO DE BRITO,E/F AO POSTO BR,BOA VIAGEM,,,ATROPELAMENTO DE PESSOA,1,0,0,0,1,0,0,0,0,1,0,,,,,,,,,,,,,
2021-06-05,sábado ,16:06:00,COM VÍTIMA,AREIAS,AVENIDA,AVENIDA DR JOSE RUFINO,,,PROX HONDA MOTOS,AREIAS,,SUBURBIO,COLISÃO LATERAL,1,1,0,0,0,0,0,0,0,1,0,Longo da via,Bom,Não existe,Perfeito estado,Seca,Perfeito estado,Não existe,,50 km/h,,Faixa contínua,,
2021-06-05,sábado ,17:20:00,COM VÍTIMA,AFOGADOS,EST,EST DOS REMEDIOS,RUA,RUA TABAIARES,,AFOGADOS,,,CHOQUE,1,0,0,0,0,0,0,0,0,3,0,Longo da via,Chuvoso,Sem defeito,Perfeito estado,Seca,Perfeito estado,Não existe,Não hA placas,,Única,Faixa seccionada,,
2021-06-05,sábado ,18:40:00,COM VÍTIMA,SAO JOSE,TRV,TRV DO RAPOSO,,,"NA DESCIDA DA PONTE / PRÓX AO METRO, SNT RUA IMPERIAL",SÃO JOSÉ,,SUBURBIO,COLISÃO LATERAL,1,1,0,0,0,0,0,0,0,1,0,Viaduto,Chuvoso,Não existe,Não existente,Molhada,Mal iluminada,Não existe,Não hA placas,,Dupla,Não existe,,
2021-06-06,domingo ,09:04:00,COM VÍTIMA,TORREAO,AVENIDA,AVENIDA NORTE,RUA,RUA MARQUES DO PARANA,LADO OPOSTO A CHURRASCARIA LEITÃO,TORREÃO,56,CIDADE,QUEDA,0,1,0,0,0,0,0,0,0,1,0,Esquina,Chuvoso,Sem defeito,Perfeito estado,Molhada,Perfeito estado,Faixa de pedestre,R-6a,,Dupla,Faixa seccionada,Canteiro central,
2021-06-06,domingo ,12:16:00,SEM VÍTIMA,MACAXEIRA,AVENIDA,AVENIDA NORTE,,,E/F AO PARQUE ESTADUAL DA MACAXEIRA,MACAXEIRA,,,COLISÃO TRASEIRA,1,0,0,0,0,0,1,0,0,0,0,,,,,,,,,,,,,
2021-06-06,domingo ,13:18:00,COM VÍTIMA,CABANGA,PTE,PTE JOSE DE BARROS LIMA,,,"EM CIMA DO VIADUTO, SENTIDO OLINDA",CABANGA,,,COLISÃO TRASEIRA,2,0,0,0,0,0,0,0,0,1,0,Viaduto,Bom,Não existe,Perfeito estado,Seca,Perfeito estado,Não existe,Não hA placas,,Dupla,Faixa seccionada,,
2021-06-06,domingo ,15:26:00,COM VÍTIMA,ILHA DO LEITE,RUA,RUA FRANCISCO ALVES,AVENIDA,AVENIDA FREI MATIAS TEVES,EM FRENTE AO HOPE,ILHA DO LEITE,490,,COLISÃO LATERAL,2,0,0,0,0,0,0,0,0,1,0,,,,,,,,,,,,,
2021-06-06,domingo ,15:44:00,COM VÍTIMA,PINA,AVENIDA,AVENIDA ANTONIO DE GOES,RUA,RUA MANOEL DE BRITO,SAÍDA DO TÚNEL DO RIO MAR,PINA,,,COLISÃO COM CICLISTA,1,0,0,1,0,0,0,0,0,1,0,,,,,,,,,,,,,
2021-06-06,domingo ,18:06:00,COM VÍTIMA,GRACAS,AVENIDA,AVENIDA CONS ROSA E SILVA,RUA,RUA ANTENOR NAVARRO,PONTO DO AÇAI E DROGASIL,GRAÇAS,522,SUBURBIO,COLISÃO LATERAL,1,1,0,0,0,0,0,0,0,1,0,Cruzamento,Bom,Sem defeito,Perfeito estado,Seca,Perfeito estado,Faixa de retenção,Não hA placas,,Única,Não existe,,
2021-06-06,domingo ,20:48:00,COM VÍTIMA,NOVA DESCOBERTA,AVENIDA,AVENIDA VEREADOR OTACILIO AZEVEDO,,,E/F A ASSEMBLEIA DE DEUS,NOVA DESCOBERTA,,SUBURBIO,COLISÃO FRONTAL,0,2,0,0,0,0,0,0,0,2,0,Longo da via,Bom,Não existe,Incompleta,Seca,,,,,Dupla,Não existe,,
2021-06-07,segunda-feira ,07:22:00,SEM VÍTIMA,ENCRUZILHADA,RUA,RUA CASTRO ALVES,,,CAIXA ECONOMICA,ENCRUZILHADA,,,OUTROS APOIOS,0,0,0,0,0,0,0,0,0,0,0,,,,,,,,,,,,,
2021-06-07,segunda-feira ,08:47:00,COM VÍTIMA,TEJIPIO,AVENIDA,AVENIDA DR JOSE RUFINO,,,EM FRENTE AO EDF CASA SOLAN,TEJIPIÓ,,SUBURBIO,COLISÃO FRONTAL,1,1,0,0,0,0,0,0,0,1,0,Longo da via,Chuvoso,Não existe,Perfeito estado,Seca,Perfeito estado,Não existe,Outras,,Dupla,Faixa contínua,,
2021-06-08,terça-feira ,09:02:00,COM VÍTIMA,SANTO ANTONIO,RUA,RUA DO SOL,,,EM FRENTE AO POSTO BO19343,SANTO ANTÔNIO,,CIDADE,QUEDA,0,1,0,0,0,0,0,0,0,1,0,Longo da via,Bom,Não existe,Perfeito estado,Oleosa,Perfeito estado,Não existe,Outras,40 km/h,Única,Faixa seccionada,,
2021-06-08,terça-feira ,10:13:00,COM VÍTIMA,DERBY,AVENIDA,AVENIDA GOVERNADOR AGAMENON MAGALHAES,,,EM FRENTE AO HOSPITAL DA RESTAURAÇÃO SENT. BOA VIAGEM,DERBY,650,,COLISÃO LATERAL,1,1,0,0,0,0,0,0,0,1,0,Longo da via,Chuvoso,Sem defeito,Perfeito estado,Seca,Perfeito estado,Faixa de pedestre,Não hA placas,60 km/h,Única,Faixa contínua,,
2021-06-08,terça-feira ,11:46:00,COM VÍTIMA,PRADO,RUA,RUA CARLOS GOMES,,,E/F AO BAILE PERFUMADO,PRADO,,,COLISÃO LATERAL,1,1,0,0,0,0,0,0,0,1,0,,,,,,,,,,,,,
2021-06-08,terça-feira ,12:51:00,COM VÍTIMA,TEJIPIO,RUA,RUA DO SANCHO,,,PRÓX AO RESIDENCIAL BOSQUE DAS PALMEIRAS / SALÃO DAS TESTEMUNHAS DE JEOVA,TEJIPIÓ,,,COLISÃO LATERAL,0,1,0,0,0,1,0,0,0,2,0,Longo da via,Chuvoso,Não existe,Não existente,Molhada,Mal conservada,Não existe,Não hA placas,,Dupla,Não existe,,
2021-06-08,terça-feira ,16:59:00,SEM VÍTIMA,IMBIRIBEIRA,RUA,RUA JOAQUIM BANDEIRA,,,PROXIMO A GEOVANE SOM,IMBIRIBEIRA,,,CHOQUE,1,1,0,0,0,0,0,0,0,0,0,,,,,,,,,,,,,