data,dia_semana,hora,natureza,bairro,logradouro_endereco,endereco,logradouro_detalhe_endereco,detalhe_endereco_acidente,complemento,bairro_cruzamento,num_semaforo,sentido_via,tipo,auto,moto,ciclom,ciclista,pedestre,onibus,caminhao,viatura,outros,vitimas,vitimasfatais,acidente_verificado,tempo_clima,situacao_semaforo,sinalizacao,condicao_via,conservacao_via,ponto_controle,situacao_placa,velocidade_max_via,mao_direcao,divisao_via1,divisao_via2,divisao_via3
2021-06-08,terça-feira ,17:24:00,COM VÍTIMA,JIQUIA,RUA,RUA SAO MIGUEL,,,NA RUA DA FABRICA DA IOLANDA,JIQUIA,,CIDADE,COLISÃO FRONTAL,0,2,0,0,0,0,0,0,0,1,0,Longo da via,Chuvoso,Sem defeito,Incompleta,Molhada,Perfeito estado,Não existe,Outras,40 km/h,Dupla,Faixa contínua,,
2021-06-08,terça-feira ,19:09:00,COM VÍTIMA,IPSEP,RUA,RUA SAO NICOLAU,RUA,RUA PROFESSOR JOSE VICENTE,E/F A FARMACIA BOM CONSELHO,IPSEP,,CIDADE,COLISÃO LATERAL,1,1,0,0,0,0,0,0,0,1,0,Cruzamento,Bom,Não existe,Não existente,Seca,Mal conservada,Não existe,Não hA placas,,Única,Não existe,,
2021-06-08,terça-feira ,20:42:00,COM VÍTIMA,SAO JOSE,AVENIDA,AVENIDA DANTAS BARRETO,RUA,RUA DO PEIXOTO,"PRÓX AO METRO, SNT METRO / SEMAFORO 181",SÃO JOSÉ,181,SUBURBIO,COLISÃO LATERAL,1,1,0,0,0,0,0,0,0,1,0,Cruzamento,Bom,Sem defeito,Perfeito estado,Seca,Perfeito estado,Não existe,Não hA placas,,Dupla,Faixa contínua,,
2021-06-08,terça-feira ,21:40:40,COM VÍTIMA,BOA VIAGEM,VIADUTO,VIADUTO TANCREDO NEVES,,,AO LADO DO ATACADAO,BOA VIAGEM,,SUBURBIO,COLISÃO LATERAL,1,1,0,0,0,0,0,0,0,1,0,Viaduto,Chuvoso,Não existe,Perfeito estado,Seca,Perfeito estado,Não existe,Não hA placas,,Dupla,Faixa seccionada,Canteiro central,
2021-06-09,quarta-feira ,10:20:00,COM VÍTIMA,PINA,RUA,RUA MANOEL DE BRITO,,,APÓS O 19º. EM FRENTE AO CALDINHO DO NENÊ,PINA,,,COLISÃO LATERAL,1,1,0,0,0,0,0,0,0,1,0,Longo da via,Chuvoso,Sem defeito,Perfeito estado,Molhada,Perfeito estado,Não existe,Não hA placas,60 km/h,Única,Faixa contínua,,
2021-06-09,quarta-feira ,13:47:00,COM VÍTIMA,MUSTARDINHA,RUA,RUA VINTE E UM DE ABRIL,,,AO LADO DO TERMINAL DA MUSTARDINHA,MUSTARDINHA,,SUBURBIO,COLISÃO LATERAL,1,1,0,0,0,0,0,0,0,1,0,Longo da via,Bom,Sem defeito,Perfeito estado,Seca,Perfeito estado,Não existe,Não hA placas,,Dupla,Não existe,,
2021-06-09,quarta-feira ,18:27:00,COM VÍTIMA,BARRO,RUA,RUA PADRE NOBREGA,,,E/F A QUADRA DO  CANARIO,BARRO,,,COLISÃO LATERAL,2,0,0,0,0,0,0,0,0,1,0,,,,,,,,,,,,,
2021-06-10,quinta-feira ,12:50:00,COM VÍTIMA,PAISSANDU,AVENIDA,AVENIDA GOVERNADOR AGAMENON MAGALHAES,,,EM FRENTE AO HOSPITAL PORTUGUES/ SENTIDO BOA VIAGEM,PAISSANDU,350,SUBURBIO,ATROPELAMENTO DE PESSOA,0,0,0,0,1,1,0,0,0,1,0,Longo da via,Bom,Sem defeito,Perfeito estado,Seca,Perfeito estado,Faixa de pedestre,Não hA placas,60 km/h,Dupla,Faixa seccionada,,
2021-06-10,quinta-feira ,15:48:00,COM VÍTIMA,AFOGADOS,RUA,RUA VINTE E UM DE ABRIL,,,E/F AO CAFE PETINHO,AFOGADOS,,,COLISÃO LATERAL,0,2,0,0,0,0,0,0,0,1,0,Longo da via,Bom,Não existe,Incompleta,Seca,Perfeito estado,Não existe,Outras,40 km/h,Dupla,Faixa contínua,,
2021-06-11,sexta-feira ,06:22:00,COM VÍTIMA,BOA VIAGEM,AVENIDA,AVENIDA ENGENHEIRO DOMINGOS FERREIRA,RUA,RUA FELIX DE BRITO E MELO,E/F A EXTRAFARMA,BOA VIAGEM,545,SUBURBIO,COLISÃO TRANSVERSAL,2,0,0,0,0,0,0,0,0,1,0,Cruzamento,Chuvoso,Sem defeito,Perfeito estado,Molhada,Perfeito estado,Faixa de pedestre,Outras,60 km/h,Única,Canteiro central,,
2021-06-11,sexta-feira ,09:15:00,COM VÍTIMA,JOANA BEZERRA,RUA,RUA DOM PAULO II,,,LADO OPOSTO AO FORUM DES. RODOLFO AURELIANO,JOANA BEZERRA,,SUBURBIO,COLISÃO COM CICLISTA,1,0,0,1,0,0,0,0,0,1,0,Longo da via,Bom,Não existe,Perfeito estado,Seca,Perfeito estado,Não existe,Não hA placas,60 km/h,Dupla,Canteiro central,,
2021-06-11,sexta-feira ,09:18:00,COM VÍTIMA,ESTANCIA,AVENIDA,AVENIDA DR JOSE RUFINO,,,EM FRENTE A PANIFICADORA FITIENTE,ESTÂNCIA,,CIDADE,COLISÃO LATERAL,1,1,0,0,0,0,0,0,0,1,0,Longo da via,Bom,Não existe,Perfeito estado,Seca,Perfeito estado,Não existe,R-6a,50 km/h,Dupla,Faixa contínua,,
2021-06-11,sexta-feira ,12:36:00,COM VÍTIMA,CORDEIRO,AVENIDA,AVENIDA INACIO MONTEIRO,,,PROXIMO AO COLEGIO ALBERT SABIN,CORDEIRO,,DUPLO,COLISÃO LATERAL,1,1,0,0,0,0,0,0,0,1,0,Cruzamento,Bom,Não existe,Perfeito estado,Seca,Perfeito estado,Não existe,Não hA placas,,Dupla,Faixa seccionada,,
2021-06-11,sexta-feira ,12:38:00,COM VÍTIMA,JORDAO,RUA,RUA BOANERGES PEREIRA,,,PRÓX À DROGARIA RECIFE,JORDÃO,,SUBURBIO,CAPOTAMENTO,2,0,0,0,0,0,0,0,0,1,0,Longo da via,Bom,Não existe,Não existente,Seca,Perfeito estado,Não existe,Não hA placas,,Dupla,Não existe,,
2021-06-11,sexta-feira ,12:56:00,COM VÍTIMA,BOA VIAGEM,VIADUTO,VIADUTO TANCREDO NEVES,,,EM CIMA DO VIADUTO/ SENTIDO BOA VIAGEM,BOA VIAGEM,,BOA VIAGEM,COLISÃO TRASEIRA,1,1,0,0,0,0,0,0,0,1,0,Longo da via,Bom,Não existe,Perfeito estado,Seca,Perfeito estado,Não existe,Não hA placas,60 km/h,Única,Não existe,,
2021-06-11,sexta-feira ,20:28:00,COM VÍTIMA,IPSEP,AVENIDA,AVENIDA RECIFE,RUA,RUA JEAN EMILE FAVRE,"SEMAFORO 247, SNT BV",IPSEP,,BOA VIAGEM,COLISÃO LATERAL,0,2,0,0,0,0,0,0,0,1,0,Longo da via,Bom,Sem defeito,Perfeito estado,Seca,Perfeito estado,Não existe,Não hA placas,60 km/h,Dupla,Faixa seccionada,Canteiro central,
2021-06-11,sexta-feira ,20:43:40,COM VÍTIMA,CASA FORTE,AVENIDA,AVENIDA DEZESSETE DE AGOSTO,,,PRÓX AO  GUAIAMUM BAR E RESTAURANTE,CASA FORTE,,,COLISÃO TRASEIRA,1,1,0,0,0,0,0,0,0,1,0,,,,,,,,,,,,,
2021-06-12,sábado ,03:22:00,COM VÍTIMA,JORDAO,AVENIDA,AVENIDA MARIA IRENE,,,EDF. MARIA IRENE,JORDÃO,,CIDADE,COLISÃO FRONTAL,1,1,0,0,0,0,0,0,0,2,0,Longo da via,Bom,Não existe,Não existente,Seca,Perfeito estado,Não existe,Não hA placas,,Dupla,Canteiro central,,
2021-06-12,sábado ,07:48:00,COM VÍTIMA,SANTO AMARO,RUA,RUA DOS CASADOS,PRC,PRC GENERAL CARLOS PINTO,AO LADO DA PRAÇA GENERAL CARLOS PINTO,SANTO AMARO,202,CIDADE,COLISÃO LATERAL,1,1,0,0,0,0,0,0,0,1,0,Esquina,Bom,Sem defeito,,Seca,Perfeito estado,Não existe,R-6a,,Dupla,Não existe,,
2021-06-12,sábado ,09:37:00,SEM VÍTIMA,NOVA DESCOBERTA,RUA,RUA JOSE REBOUCAS,,,PROX. AO TERMINAL DO BREJO // BIFURCAÇÃO COM A RUA NICOLINO MIRANDA,NOVA DESCOBERTA,,SUBURBIO,COLISÃO FRONTAL,0,2,0,0,0,0,0,0,0,0,0,Longo da via,Bom,Não existe,Não existente,Seca,Perfeito estado,Não existe,Não hA placas,,Dupla,Não existe,,
2021-06-12,sábado ,10:06:00,COM VÍTIMA,CASA AMARELA,AVENIDA,AVENIDA NORTE,,,"PROX. AO SESC, SENT. CIDADE",CASA AMARELA,364,CIDADE,COLISÃO TRASEIRA,0,2,0,0,0,0,0,0,0,1,0,Cruzamento,Bom,Sem defeito,Perfeito estado,Seca,Perfeito estado,Faixa de pedestre,Outras,,Dupla,Faixa seccionada,,
2021-06-12,sábado ,10:57:00,COM VÍTIMA,AFOGADOS,RUA,RUA COSME VIANA,RUA,RUA PADRE TEOFILO TWORZ,E/F A LOJA TUPAN,AFOGADOS,,SUBURBIO,COLISÃO LATERAL,3,1,0,0,0,0,0,0,0,1,0,Cruzamento,Bom,Sem defeito,Perfeito estado,Seca,Perfeito estado,Outros,Não hA placas,,Única,Canteiro central,,
2021-06-12,sábado ,12:00:00,COM VÍTIMA,BOA VIAGEM,AVENIDA,AVENIDA BOA VIAGEM,,,PROX. AO PARK HOTEL,BOA VIAGEM,,CIDADE,COLISÃO TRASEIRA,1,1,0,0,0,0,0,0,0,1,0,Longo da via,Bom,Sem defeito,Perfeito estado,Seca,Perfeito estado,Não existe,Não hA placas,,Única,Faixa contínua,Faixa seccionada,
2021-06-12,sábado ,12:34:00,COM VÍTIMA,ARRUDA,AVENIDA,AVENIDA BEBERIBE,,,AO LADO DO ARMAZÉM CORAL,ARRUDA,,SUBURBIO,COLISÃO LATERAL,1,0,0,0,0,0,0,0,0,1,0,Cruzamento,Bom,Não existe,Incompleta,Seca,Perfeito estado,Não existe,Não hA placas,,Dupla,,,
2021-06-12,sábado ,12:41:00,SEM VÍTIMA,IMBIRIBEIRA,RUA,RUA CAFESOPOLIS,,,POR TRAS DO FORUN PEQUENAS CAUSAS,IMBIRIBEIRA,,,COLISÃO TRASEIRA,2,0,0,0,0,0,0,0,0,0,0,,,,,,,,,,,,,
2021-06-12,sábado ,13:33:00,COM VÍTIMA,TORRE,RUA,RUA REAL DA TORRE,,,SOBRE A PONTE DA TORRE,TORRE,,,COLISÃO LATERAL,1,1,0,0,0,0,0,0,0,1,0,Longo da via,Bom,Não existe,Não existente,Seca,Perfeito estado,Não existe,Outras,,Única,Faixa seccionada,,
2021-06-12,sábado ,13:54:00,SEM VÍTIMA,CIDADE UNIVERSITARIA,RUA,RUA GENERAL POLIDORO,,,PRÓX À REEF ACADEMIA,CIDADE UNIVERSITARIA,,,COLISÃO LATERAL,1,1,0,0,0,0,0,0,0,0,0,,,,,,,,,,,,,
2021-06-12,sábado ,14:33:00,SEM VÍTIMA,COHAB,RUA,RUA DR BENIGNO JORDAO DE VASCONCELOS,,,AO LADO CANAL/ESCOLA LAGOA ENCANTADA,COHAB,,,COLISÃO LATERAL,0,2,0,0,0,0,0,0,0,0,0,,,,,,,,,,,,,
2021-06-12,sábado ,21:00:40,COM VÍTIMA,BARRO,AVENIDA,AVENIDA DR JOSE RUFINO,,,E/F AO CONVENTO DO BARRO,BARRO,,SUBURBIO,COLISÃO FRONTAL,1,1,0,0,0,0,0,0,0,1,0,Longo da via,Bom,Não existe,Perfeito estado,Seca,Perfeito estado,Não existe,R-6a,60 km/h,Dupla,Faixa contínua,,
2021-06-12,sábado ,21:10:40,COM VÍTIMA,AFOGADOS,RUA,RUA DA PAZ,,,EM FRENTE A POLICLINICA AGAMENON MAGALHAES,AFOGADOS,,SUBURBIO,COLISÃO COM CICLISTA,1,0,0,1,0,0,0,0,0,1,0,Longo da via,Bom,Não existe,Perfeito estado,Seca,Perfeito estado,Não existe,Outras,,Única,Faixa seccionada,,
2021-06-13,domingo ,06:15:00,COM VÍTIMA,BRASILIA TEIMOSA,RUA,RUA COMENDADOR MORAES,,,AO LADO DO JC PM,BRASÍLIA TEIMOSA,,SUBURBIO,QUEDA,0,0,1,0,0,0,0,0,0,2,0,Longo da via,Bom,Não existe,Perfeito estado,Seca,Perfeito estado,Não existe,Outras,,Única,Faixa seccionada,,
2021-06-13,domingo ,10:18:00,COM VÍTIMA,IPSEP,RUA,RUA JEAN EMILE FAVRE,RUA,RUA BLUMENAU,,IPSEP,101,SUBURBIO,COLISÃO LATERAL,1,1,0,0,0,0,0,0,0,1,0,Cruzamento,Bom,Sem defeito,Perfeito estado,Seca,Perfeito estado,Faixa de pedestre,R-6a,,Dupla,Faixa contínua,,
2021-06-13,domingo ,19:11:00,COM VÍTIMA,BONGI,EST,EST DO BONGI,,,PROX A DELEGACIA DA POLICIA CIVIL,BONGI,,CIDADE,COLISÃO COM CICLISTA,0,1,0,1,0,0,0,0,0,1,0,Longo da via,Bom,Não existe,Perfeito estado,Seca,Perfeito estado,,Não hA placas,30 km/h,Dupla,Faixa contínua,,
2021-06-13,domingo ,20:20:00,COM VÍTIMA,CAMPO GRANDE,AVENIDA,AVENIDA GOVERNADOR AGAMENON MAGALHAES,,,PROX AO POSTO DISLUB,CAMPO GRANDE,,OLINDA,COLISÃO LATERAL,1,1,0,0,0,0,0,0,0,1,0,,,,,,,,,,,,,
2021-06-13,domingo ,21:25:40,COM VÍTIMA,BONGI,RUA,RUA PADRE TEOFILO TWORZ,RUA,RUA CARLOS GOMES,NO CRUZAMNETO MESMO,BONGI,,SUBURBIO,COLISÃO FRONTAL,1,1,0,0,0,0,0,0,0,1,0,Cruzamento,Bom,Não existe,Perfeito estado,Seca,Perfeito estado,Não existe,"Placas ""Pare""",,Única,Faixa seccionada,,
2021-06-14,segunda-feira ,07:01:00,COM VÍTIMA,BAIRRO DO RECIFE,AVENIDA,AVENIDA MILITAR,,,EM FRENTE O POSTO BR E PROX. DA PREFEITURA,BAIRRO DO RECIFE,,,COLISÃO LATERAL,0,1,0,0,0,1,0,0,0,1,0,,,,,,,,,,,,,
2021-06-14,segunda-feira ,11:52:00,SEM VÍTIMA,TEJIPIO,AVENIDA,AVENIDA PADRE IBIAPINA,,,AO LADO DO POSTE Nº B 088968,TEJIPIÓ,,SUBURBIO,COLISÃO TRASEIRA,2,0,0,0,0,0,0,0,0,0,0,Longo da via,Bom,Não existe,Não existente,Seca,Perfeito estado,Não existe,Não hA placas,60 km/h,Dupla,Não existe,,
2021-06-14,segunda-feira ,11:55:00,COM VÍTIMA,BEBERIBE,AVENIDA,AVENIDA BEBERIBE,RUA,RUA DALVA DE OLIVEIRA,,BEBERIBE,575,,COLISÃO LATERAL,1,1,0,0,0,0,0,0,0,1,0,Cruzamento,Chuvoso,Sem defeito,Perfeito estado,Molhada,Perfeito estado,Faixa de pedestre,Outras,60 km/h,Dupla,Faixa contínua,,
2021-06-14,segunda-feira ,14:22:00,COM VÍTIMA,DERBY,PRC,PRC DO DERBY,,,EM FRENTE AO LABORATÓRIO MARCELO MAGALHÃES,DERBY,,CIDADE,ATROPELAMENTO DE PESSOA,1,0,0,0,1,0,0,0,0,1,0,Longo da via,Bom,Não existe,Perfeito estado,Seca,Perfeito estado,Não existe,Outras,,Única,Faixa seccionada,,
2021-06-14,segunda-feira ,17:04:00,COM VÍTIMA,CASA AMARELA,RUA,RUA DES MOTTA JUNIOR,,,E/F A ESCOLA ESTADUAL CARLOS DE LIMA CAVALCANTI,CASA AMARELA,,,COLISÃO LATERAL,1,1,0,0,0,0,0,0,0,1,0,,,,,,,,,,,,,
2021-06-14,segunda-feira ,19:36:00,COM VÍTIMA,MADALENA,RUA,RUA JOSE OSORIO,,,PRÓX A AUTO NORDESTE E MULTI MARCAS,MADALENA,,CIDADE,COLISÃO FRONTAL,1,1,0,0,0,0,0,0,0,1,0,Longo da via,Chuvoso,Não existe,Perfeito estado,Molhada,Perfeito estado,Não existe,Não hA placas,,Dupla,Faixa contínua,,
2021-06-14,segunda-feira ,20:33:40,COM VÍTIMA,BOA VISTA,AVENIDA,AVENIDA CONDE DA BOA VISTA,,,LOGO APÓS O CRUZAMENTO COM A RUA GERVASIO PIRES,BOA VISTA,,SUBURBIO,COLISÃO FRONTAL,0,1,0,0,0,0,0,0,0,1,0,Longo da via,Chuvoso,Não existe,Perfeito estado,Molhada,Perfeito estado,Não existe,Outras,,Única,Faixa seccionada,,
2021-06-15,terça-feira ,11:05:00,COM VÍTIMA,BEBERIBE,AVENIDA,AVENIDA BEBERIBE,RUA,RUA ZEFERINO AGRA,AO LADO OFICINA SAO MARCOS,BEBERIBE,,CIDADE,COLISÃO FRONTAL,1,1,0,0,0,0,0,0,0,1,0,Longo da via,Bom,Não existe,Perfeito estado,Seca,Perfeito estado,Faixa de pedestre,Não hA placas,60 km/h,Dupla,Faixa contínua,,
2021-06-15,terça-feira ,11:07:00,COM VÍTIMA,CAMPO GRANDE,AVENIDA,AVENIDA PROFESSOR JOSE DOS ANJOS,,,"SENT. OLINDA, EM FRENTE AO SUPERMERCADO BOA FEIRA",CAMPO GRANDE,,,COLISÃO TRASEIRA,1,1,0,0,0,0,0,0,0,1,0,Longo da via,Bom,Não existe,Perfeito estado,Seca,Perfeito estado,Não existe,Não hA placas,,Única,Faixa seccionada,,
2021-06-15,terça-feira ,11:14:00,COM VÍTIMA,SAN MARTIN,RUA,RUA CLOTILDE DE OLIVEIRA,,,PROX. DO GERTULIO VARGAS,SAN MARTIN,,CIDADE,COLISÃO FRONTAL,1,1,0,0,0,0,0,0,0,1,0,Cruzamento,Bom,Sem defeito,Ilegível,Seca,Mal conservada,Faixa de pedestre,R-6a,,Dupla,Faixa contínua,,
2021-06-15,terça-feira ,12:17:00,COM VÍTIMA,BOA VIAGEM,RUA,RUA BALTAZAR PASSOS,RUA,RUA ALMIRANTE BATISTA LEAO,AO LADO DO COLEGIO MADRE DE DEUS  E/F AO BAR DO LUIZ,BOA VIAGEM,,,COLISÃO LATERAL,1,1,0,0,0,0,0,0,0,1,0,Cruzamento,Bom,Não existe,Incompleta,Seca,Perfeito estado,Não existe,"Placas ""Pare""",,Única,Faixa seccionada,,
2021-06-15,terça-feira ,13:36:00,COM VÍTIMA,ESPINHEIRO,RUA,RUA DA HORA,,,APÓS O BRADESCO,ESPINHEIRO,,,COLISÃO COM CICLISTA,1,0,0,1,0,0,0,0,0,1,0,Longo da via,Bom,Não existe,Perfeito estado,Seca,Perfeito estado,Outros,Não hA placas,,Única,Não existe,,
2021-06-15,terça-feira ,15:32:00,COM VÍTIMA,CASA AMARELA,AVENIDA,AVENIDA DR EURICO CHAVES,,,PRÓX À PADARIA MANDACARU,CASA AMARELA,,,COLISÃO LATERAL,2,1,0,0,0,0,0,0,0,1,0,,,,,,,,,,,,,
2021-06-15,terça-feira ,16:22:00,COM VÍTIMA,MACAXEIRA,RUA,RUA TEREZA CARNEIRO,,,PROXIMO A QUITANDA DO DINHO,MACAXEIRA,,SUBURBIO,COLISÃO LATERAL,0,1,0,0,0,0,0,1,0,2,0,Longo da via,Chuvoso,Não existe,Não existente,Molhada,Mal conservada,Não existe,Não hA placas,,Dupla,Não existe,,
2021-06-15,terça-feira ,18:28:00,SEM VÍTIMA,BEBERIBE,RUA,RUA URIEL DE HOLANDA,,,ENTRADA DE DOIS UNIDOS. APÓS A PRAÇA DA CONVENÇÃO,BEBERIBE,,,APOIO COMPESA,0,0,0,0,0,0,0,0,0,0,0,,,,,,,,,,,,,
2021-06-16,quarta-feira ,12:38:00,COM VÍTIMA,BOA VIAGEM,RUA,RUA DEZ DE JULHO,RUA,RUA CAMBOIM,AO LADO DA MAISON CHRISTAL RECEPÇÕES,BOA VIAGEM,,CIDADE,COLISÃO LATERAL,1,1,0,0,0,0,0,0,0,1,0,Cruzamento,Bom,Não existe,Perfeito estado,Seca,Perfeito estado,Faixa de pedestre,"Placas ""Pare""",30 km/h,Única,Faixa contínua,Faixa seccionada,
2021-06-16,quarta-feira ,15:45:00,COM VÍTIMA,ENCRUZILHADA,RUA,RUA CASTRO ALVES,,,PRÓX À CHURRASCARIA LEITÃO,ENCRUZILHADA,377,SUBURBIO,COLISÃO LATERAL,1,1,0,0,0,0,0,0,0,1,0,Longo da via,Bom,Sem defeito,Perfeito estado,Seca,Perfeito estado,Faixa de pedestre,Outras,,Única,Faixa contínua,Faixa seccionada,
2021-06-16,quarta-feira ,16:10:00,COM VÍTIMA,BEBERIBE,PRC,PRC DA CONVENCAO,,,E/F AIGREJA BATISTA  E O MAGAZINE LUIZA,BEBERIBE,,SUBURBIO,ATROPELAMENTO DE PESSOA,0,1,0,0,1,0,0,0,0,2,0,Longo da via,Bom,Sem defeito,Perfeito estado,Seca,Perfeito estado,Outros,Não hA placas,,Dupla,Faixa contínua,Faixa seccionada,
2021-06-16,quarta-feira ,17:59:00,COM VÍTIMA,AREIAS,AVENIDA,AVENIDA DR JOSE RUFINO,,,E/F AO CT DA HONDA,AREIAS,,SUBURBIO,COLISÃO FRONTAL,0,2,0,0,0,0,0,0,0,1,0,Longo da via,Bom,Não existe,Perfeito estado,Seca,Perfeito estado,Não existe,Não hA placas,,Dupla,Faixa contínua,,
2021-06-17,quinta-feira ,18:38:00,SEM VÍTIMA,MADALENA,AVENIDA,AVENIDA BEIRA RIO,,,E/F AO EDF SOBRADO DO CAPIBARIBE,MADALENA,,,COLISÃO LATERAL,3,0,0,0,0,0,0,0,0,0,0,,,,,,,,,,,,,
2021-06-17,quinta-feira ,19:07:00,COM VÍTIMA,SANTO AMARO,AVENIDA,AVENIDA MARIO MELO,AVENIDA,AVENIDA CRUZ CABUGA,SEMAFORO 171 / SNT SUB-CID,SANTO AMARO,171,CIDADE,COLISÃO FRONTAL,0,1,0,0,0,1,0,0,0,1,0,Cruzamento,Bom,Sem defeito,Perfeito estado,Seca,Perfeito estado,Outros,R-4a,,Dupla,Faixa contínua,,
2021-06-17,quinta-feira ,19:24:00,COM VÍTIMA,VARZEA,RUA,RUA ENGENHEIRO VASCONCELOS BITTENCOURT,RUA,RUA ABATIA,E/F A PRC DO CAXITO,VARZEA,,SUBURBIO,ATROPELAMENTO DE PESSOA,0,1,0,0,1,0,0,0,0,1,0,Longo da via,Bom,Não existe,Não existente,Seca,Perfeito estado,Não existe,Não hA placas,30 km/h,Dupla,Não existe,,
2021-06-17,quinta-feira ,20:41:40,SEM VÍTIMA,BOA VIAGEM,RUA,RUA CORONEL ANIZIO RODRIGUES COELHO,,,E/F AO EDF CASTELO DE VAN GOGH / PRÓX A IGREJA NOSSA SENHORA DE FATIMA,BOA VIAGEM,,,ENGAVETAMENTO,3,0,0,0,0,0,0,0,0,0,0,,,,,,,,,,,,,
2021-06-17,quinta-feira ,21:00:40,COM VÍTIMA,BOA VIAGEM,RUA,RUA GENERAL SALGADO,RUA,RUA COSMORAMA,NO CRUZAMENTO MESMO,BOA VIAGEM,,SUBURBIO,COLISÃO LATERAL,1,1,0,0,0,0,0,0,0,1,0,Cruzamento,Chuvoso,Não existe,Perfeito estado,Molhada,Perfeito estado,Não existe,"Placas ""Pare""",40 km/h,Dupla,,,
2021-06-17,quinta-feira ,21:01:40,SEM VÍTIMA,ARRUDA,RUA,RUA DO MACHADO,,,PRÓX AO EMPORIO DA CERVEJA,ARRUDA,,,COLISÃO LATERAL,1,0,0,0,0,0,0,1,0,0,0,,,,,,,,,,,,,
2021-06-18,sexta-feira ,03:37:00,SEM VÍTIMA,SANTO AMARO,AVENIDA,AVENIDA GOVERNADOR AGAMENON MAGALHAES,,,"POSTO BR, SENTIDO OLINDA",SANTO AMARO,378,,CHOQUE,1,0,0,0,0,0,0,0,0,0,0,,,,,,,,,,,,,
2021-06-18,sexta-feira ,19:11:00,SEM VÍTIMA,JARDIM SAO PAULO,RUA,RUA LEANDRO BARRETO,,,E/F A PADARIA SABORES DA PRAÇA,JARDIM SÃO PAULO,,,COLISÃO TRASEIRA,2,0,0,0,0,0,0,0,0,0,0,,,,,,,,,,,,,
2021-06-19,sábado ,08:23:00,COM VÍTIMA,CORDEIRO,AVENIDA,AVENIDA CAXANGA,,,SUPERMERCADO EXTRA,CORDEIRO,,SUBURBIO,CHOQUE,0,1,0,0,0,0,0,0,0,1,0,Longo da via,Chuvoso,Não existe,Perfeito estado,Molhada,Perfeito estado,Não existe,Não hA placas,,Dupla,Canteiro central,,
2021-06-19,sábado ,08:50:00,COM VÍTIMA,MADALENA,RUA,RUA JOSE OSORIO,,,EM FRENTE A LOJA SEU CARANGO,MADALENA,,,COLISÃO TRASEIRA,1,1,0,0,0,0,0,0,0,1,0,,,,,,,,,,,,,
2021-06-19,sábado ,13:17:00,COM VÍTIMA,CAMPO GRANDE,AVENIDA,AVENIDA CORREIA DE BRITO,,,EM FRENTE A CONSTRUTORA PLINIO CAVALCANTI,CAMPO GRANDE,,SUBURBIO,COLISÃO FRONTAL,1,1,0,0,0,0,0,0,0,1,0,Longo da via,Bom,Não existe,Não existente,Seca,Perfeito estado,Não existe,Não hA placas,,Dupla,Não existe,,
2021-06-19,sábado ,16:33:00,SEM VÍTIMA,IPSEP,AVENIDA,AVENIDA RECIFE,,,LADO OPOSTO AO POSTO DE COMBUSTIVEIS FEDERAL,IPSEP,,SUBURBIO,CAPOTAMENTO,1,0,0,0,0,0,0,0,0,0,0,Longo da via,Chuvoso,Não existe,Perfeito estado,Molhada,Perfeito estado,Não existe,Não hA placas,,Dupla,Faixa contínua,Faixa seccionada,Canteiro central
2021-06-19,sábado ,17:09:00,COM VÍTIMA,SAO JOSE,RUA,RUA IMPERIAL,RUA,RUA BOM SUCESSO,APOS O COLEGIO JOAQUIM NABUCO  VT  01  ESTA NO LOCAL AGUARDANDO A VT 22,SÃO JOSÉ,,AFOGADOS,COLISÃO LATERAL,1,1,0,0,0,0,0,0,0,1,0,Cruzamento,Chuvoso,Não existe,Incompleta,Molhada,Perfeito estado,Não existe,Outras,40 km/h,Única,Não existe,,
2021-06-19,sábado ,17:49:00,SEM VÍTIMA,BAIRRO DO RECIFE,AVENIDA,AVENIDA RIO BRANCO,,,APOS A POLICIA FEDERAL,BAIRRO DO RECIFE,19,,,1,0,0,0,0,0,0,1,0,0,0,Longo da via,Bom,Sem defeito,Perfeito estado,Molhada,Perfeito estado,Faixa de pedestre,R-6c,,Dupla,Faixa contínua,Faixa seccionada,
2021-06-19,sábado ,21:06:40,SEM VÍTIMA,IPUTINGA,EST,EST DO BARBALHO,,,EM FRENTE A GRANJA DE BIRA,IPUTINGA,,,COLISÃO LATERAL,4,0,0,0,0,0,0,0,0,0,0,,,,,,,,,,,,,
2021-06-19,sábado ,22:49:40,COM VÍTIMA,BOA VIAGEM,RUA,RUA HENRIQUE CAPITULINO,AVENIDA,AVENIDA CONSELHEIRO AGUIAR,COM A  AV  CONS AGUIAR,BOA VIAGEM,143,CIDADE,COLISÃO FRONTAL,1,1,0,0,0,0,0,0,0,1,0,Cruzamento,Chuvoso,Sem defeito,Perfeito estado,Molhada,Perfeito estado,Faixa de pedestre,Outras,,Única,Faixa seccionada,,
2021-06-21,segunda-feira ,07:11:00,COM VÍTIMA,IPUTINGA,RUA,RUA BARAO DE ITAPISSUMA,,,PROX AO POSTO DE GASOLINA ECOPOSTO /  ESQ COM A IGREJA PRIMEIRA BATISTA DA IPUTINGA,IPUTINGA,,,COLISÃO TRASEIRA,1,1,0,0,0,0,0,0,0,1,0,,,,,,,,,,,,,