data,dia_semana,hora,natureza,bairro,logradouro_endereco,endereco,logradouro_detalhe_endereco,detalhe_endereco_acidente,complemento,bairro_cruzamento,num_semaforo,sentido_via,tipo,auto,moto,ciclom,ciclista,pedestre,onibus,caminhao,viatura,outros,vitimas,vitimasfatais,acidente_verificado,tempo_clima,situacao_semaforo,sinalizacao,condicao_via,conservacao_via,ponto_controle,situacao_placa,velocidade_max_via,mao_direcao,divisao_via1,divisao_via2,divisao_via3
2021-06-21,segunda-feira ,12:39:00,SEM VÍTIMA,ENCRUZILHADA,RUA,RUA DONA ELVIRA,RUA,RUA FREDERICO,PROX A CONFRARIA DO MAR,ENCRUZILHADA,,,COLISÃO LATERAL,2,0,0,0,0,0,0,0,0,0,0,,,,,,,,,,,,,
2021-06-21,segunda-feira ,12:44:00,COM VÍTIMA,PORTO DA MADEIRA,AVENIDA,AVENIDA BEBERIBE,,,POSTO SINIVI,PORTO DA MADEIRA,,CIDADE,ATROPELAMENTO DE PESSOA,0,1,0,0,1,0,0,0,0,1,0,Longo da via,Bom,Não existe,Perfeito estado,Seca,Mal conservada,Não existe,Não hA placas,,Dupla,Faixa contínua,,
2021-06-21,segunda-feira ,13:23:00,COM VÍTIMA,CASA AMARELA,AVENIDA,AVENIDA NORTE,,,EM FRENTE À PRAÇA DO TRABALHO,CASA AMARELA,676,SUBURBIO,COLISÃO LATERAL,0,1,0,0,0,2,0,0,0,2,0,Longo da via,Bom,Sem defeito,Perfeito estado,Seca,Perfeito estado,Faixa de pedestre,Não hA placas,60 km/h,Dupla,Canteiro central,,
2021-06-21,segunda-feira ,14:08:00,SEM VÍTIMA,SANTO AMARO,AVENIDA,AVENIDA DR JAYME DA FONTE,,,E/F AO CAMPO DO ONZE,SANTO AMARO,,,COLISÃO TRASEIRA,2,0,0,0,0,0,0,0,0,0,0,,,,,,,,,,,,,
2021-06-21,segunda-feira ,20:46:40,SEM VÍTIMA,GRACAS,AVENIDA,AVENIDA CONS ROSA E SILVA,RUA,RUA AMELIA,CRUZAMENTO,GRAÇAS,46,,COLISÃO LATERAL,1,0,1,0,0,0,0,0,0,0,0,,,,,,,,,,,,,
2021-06-21,segunda-feira ,22:20:40,COM VÍTIMA,CASA FORTE,AVENIDA,AVENIDA DEZESSETE DE AGOSTO,RUA,RUA PIAUI,PRÓX AO MUSEU DO HOMEM DO NORDESTE / SEMAFORO 251,CASA FORTE,,,COLISÃO LATERAL,1,1,0,0,0,0,0,0,0,1,0,,,,,,,,,,,,,
2021-06-22,terça-feira ,07:32:00,COM VÍTIMA,SANTO AMARO,RUA,RUA PEDRO AFONSO,RUA,RUA TREZE DE MAIO,SER EDUCACIONAL E SESC/ IML,SANTO AMARO,427,CIDADE,COLISÃO TRANSVERSAL,1,1,0,0,0,0,0,0,0,1,0,,,,,,,,,,,,,
2021-06-22,terça-feira ,08:30:00,COM VÍTIMA,APIPUCOS,RUA,RUA DE APIPUCOS,,,EDIF. ARQUIPELAGO DOS AÇORES.,APIPUCOS,,CIDADE,QUEDA,0,1,0,0,0,0,0,0,0,2,0,,,,,,,,,,,,,
2021-06-22,terça-feira ,08:32:00,COM VÍTIMA,AGUA FRIA,AVENIDA,AVENIDA BEBERIBE,RUA,RUA PROFESSOR OTAVIO DE FREITAS,,AGUA FRIA,,SUBURBIO,COLISÃO LATERAL,0,1,0,0,0,1,0,0,0,1,0,Longo da via,Bom,Não existe,,Seca,,Outros,Outras,,Dupla,Faixa contínua,,
2021-06-22,terça-feira ,09:48:00,COM VÍTIMA,BOA VIAGEM,RUA,RUA VISCONDE DE JEQUITINHONHA,,,LADO OPOSTO À ACADEMIA SELF IT,BOA VIAGEM,433,SUBURBIO,COLISÃO TRASEIRA,3,1,0,0,0,0,0,0,0,1,0,,,,,,,,,,,,,
2021-06-22,terça-feira ,11:42:00,COM VÍTIMA,IPUTINGA,AVENIDA,AVENIDA CAXANGA,,,AO LADO DA AUTO ESC. ESTRELA,IPUTINGA,,,COLISÃO TRANSVERSAL,1,1,0,0,0,0,0,0,0,1,0,,,,,,,,,,,,,
2021-06-22,terça-feira ,15:53:00,COM VÍTIMA,IMBIRIBEIRA,RUA,RUA ITAJAI,RUA,RUA IRAPUA,PADARIA PORTO DELICATESSEN,IMBIRIBEIRA,,,COLISÃO LATERAL,4,0,0,0,0,0,0,0,0,1,0,,,,,,,,,,,,,
2021-06-22,terça-feira ,18:44:00,COM VÍTIMA,CASA AMARELA,AVENIDA,AVENIDA DR EURICO CHAVES,,,E/F A ACADEMIA ACTION FITNESS,CASA AMARELA,,,COLISÃO LATERAL,0,0,0,0,0,0,0,0,0,1,0,,,,,,,,,,,,,
2021-06-23,quarta-feira ,00:12:00,COM VÍTIMA,PINA,AVENIDA,AVENIDA CONSELHEIRO AGUIAR,,,EM FRENTE À BARBEARIA TRÓIS,PINA,,CIDADE,COLISÃO TRASEIRA,1,1,0,0,0,0,0,0,0,1,0,,,,,,,,,,,,,
2021-06-23,quarta-feira ,07:24:00,COM VÍTIMA,BOA VIAGEM,RUA,RUA BRUNO VELOSO,AVENIDA,AVENIDA BOA VIAGEM,EM FRENTE AO ED LITORANIOS,BOA VIAGEM,120,CIDADE,COLISÃO TRASEIRA,1,1,0,0,0,0,0,0,0,1,0,,,,,,,,,,,,,
2021-06-23,quarta-feira ,08:01:00,COM VÍTIMA,GRACAS,AVENIDA,AVENIDA GOVERNADOR AGAMENON MAGALHAES,RUA,RUA DR BANDEIRA FILHO,CLUBE PORTUGUÊS,GRAÇAS,173,,COLISÃO TRASEIRA,0,2,0,0,0,0,0,0,0,1,0,Longo da via,Bom,Sem defeito,Perfeito estado,Seca,Perfeito estado,Faixa de pedestre,Não hA placas,60 km/h,Única,Faixa contínua,,
2021-06-23,quarta-feira ,11:54:00,COM VÍTIMA,TEJIPIO,RUA,RUA APRIGIO GUIMARAES,,,PROX. AO HOSP. OTAVIO DE FREITAS,TEJIPIÓ,,SUBURBIO,COLISÃO TRASEIRA,1,1,0,0,0,0,0,0,0,1,0,,,,,,,,,,,,,
2021-06-23,quarta-feira ,18:59:00,SEM VÍTIMA,MADALENA,AVENIDA,AVENIDA VISCONDE DE ALBUQUERQUE,RUA,RUA GALVAO RAPOSO,SEMAFORO 576  / E/F AO EDF VILLA BARILOCHE / PRÓX AO POSTO IPIRANGA,MADALENA,576,,COLISÃO LATERAL,2,0,0,0,0,0,0,0,0,0,0,,,,,,,,,,,,,
2021-06-23,quarta-feira ,23:19:40,SEM VÍTIMA,IMBIRIBEIRA,AVENIDA,AVENIDA MARECHAL MASCARENHAS DE MORAES,,,E/F A FACULDADE PERNAMBUCANA,IMBIRIBEIRA,,,COLISÃO TRASEIRA,2,0,0,0,0,0,0,0,0,0,0,,,,,,,,,,,,,
2021-06-24,quinta-feira ,02:22:00,SEM VÍTIMA,IMBIRIBEIRA,AVENIDA,AVENIDA MARECHAL MASCARENHAS DE MORAES,,,,IMBIRIBEIRA,631,,COLISÃO TRANSVERSAL,2,0,0,0,0,0,0,0,0,0,0,,,,,,,,,,,,,
2021-06-24,quinta-feira ,07:25:00,COM VÍTIMA,ESPINHEIRO,RUA,RUA QUARENTA E OITO,RUA,RUA DA HORA,NA ESQUINA DO LABORATÓRIO CERPE,ESPINHEIRO,21,CIDADE,COLISÃO FRONTAL,1,0,1,0,0,0,0,0,0,1,0,,,,,,,,,,,,,
2021-06-24,quinta-feira ,12:01:00,SEM VÍTIMA,IPSEP,RUA,RUA JEAN EMILE FAVRE,RUA,RUA POTENGI,FARMACIA DIARIAMENTE,IPSEP,564,CIDADE,COLISÃO TRANSVERSAL,2,0,0,0,0,0,0,0,0,0,0,,,,,,,,,,,,,
2021-06-24,quinta-feira ,22:31:40,SEM VÍTIMA,CORDEIRO,AVENIDA,AVENIDA GENERAL SAN MARTIN,,,E/F AO HOSPITAL GETULIO VARGAS E POSTO SANTA TEREZINHA,CORDEIRO,,,CHOQUE,1,0,0,0,0,0,0,0,0,0,0,,,,,,,,,,,,,
2021-06-25,sexta-feira ,07:03:00,COM VÍTIMA,TAMARINEIRA,AVENIDA,AVENIDA NORTE,,,EM FRENTE A FABRICA DE BOLO,TAMARINEIRA,,,COLISÃO FRONTAL,0,2,0,0,0,0,0,0,0,1,0,,,,,,,,,,,,,
2021-06-25,sexta-feira ,07:58:00,COM VÍTIMA,BOA VISTA,AVENIDA,AVENIDA GOVERNADOR AGAMENON MAGALHAES,,,"EM FRENTE AO CIRCULO MILITAR, SENT. OLINDA",BOA VISTA,,,COLISÃO LATERAL,1,1,0,0,0,0,0,0,0,1,0,,,,,,,,,,,,,
2021-06-25,sexta-feira ,14:46:00,COM VÍTIMA,TAMARINEIRA,RUA,RUA CONEGO BARATA,,,PROXIMO A PADARIA MANA/ SENTIDO AGUA FRIA,TAMARINEIRA,,,COLISÃO LATERAL,1,1,0,0,0,0,0,0,0,1,0,,,,,,,,,,,,,
2021-06-25,sexta-feira ,15:14:00,COM VÍTIMA,ROSARINHO,AVENIDA,AVENIDA NORTE,,,E/F A PADARIA DO ROSARINHO S/T CID,ROSARINHO,,CIDADE,COLISÃO LATERAL,2,1,0,0,0,0,0,0,0,1,0,,,,,,,,,,,,,
2021-06-25,sexta-feira ,18:20:00,SEM VÍTIMA,BAIRRO DO RECIFE,PTE,PTE 12 DE SETEMBRO,,,PONTE 12 DE SETEMBRO / EM FRENTE AO SEMAFORO DE Nº473,BAIRRO DO RECIFE,473,SUBURBIO,COLISÃO COM CICLISTA,1,0,0,1,0,0,0,0,0,0,0,,,,,,,,,,,,,
2021-06-25,sexta-feira ,18:37:00,COM VÍTIMA,VARZEA,AVENIDA,AVENIDA AFONSO OLINDENSE,,,E/F AO RESIDENCIAL ELIS REGINA,VARZEA,,,COLISÃO TRASEIRA,1,1,0,0,0,0,0,0,0,1,0,,,,,,,,,,,,,
2021-06-25,sexta-feira ,20:50:40,COM VÍTIMA,DOIS UNIDOS,SUB,SUB DA MEDALHA MILAGROSA,,,PRÓX AO CAMPO DO CAFÉ,DOIS UNIDOS,,,COLISÃO FRONTAL,1,1,0,0,0,0,0,0,0,1,0,,,,,,,,,,,,,
2021-06-26,sábado ,00:34:00,COM VÍTIMA,IMBIRIBEIRA,AVENIDA,AVENIDA MARECHAL MASCARENHAS DE MORAES,TRV,TRV JUSTICA E PAZ,APÓS A FERREIRA COSTA - E/F AO BANCO ITAÚ - SENTIDO AFOGADOS,IMBIRIBEIRA,225,CID,CHOQUE,1,1,0,0,0,0,0,0,0,2,0,,,,,,,,,,,,,
2021-06-26,sábado ,00:42:00,COM VÍTIMA,BOA VIAGEM,RUA,RUA DEZ DE JULHO,RUA,RUA CAMBOIM,CRUZAMENTO C/A RUA CAMBOIM - APÓS A ESTAÇÃO DO METRÔ,BOA VIAGEM,,,COLISÃO LATERAL,1,1,0,0,0,0,0,0,0,1,0,,,,,,,,,,,,,
2021-06-26,sábado ,06:07:00,COM VÍTIMA,AFOGADOS,AVENIDA,AVENIDA SUL,,,APÓS A POLICLINICA DE AFOGADOS,AFOGADOS,,CIDADE,COLISÃO TRANSVERSAL,1,1,0,0,0,0,0,0,0,2,0,,,,,,,,,,,,,
2021-06-26,sábado ,06:29:00,COM VÍTIMA,IPSEP,RUA,RUA JEAN EMILE FAVRE,RUA,RUA POTENGY,PROX. A FEIJOADA DO VAVA,IPSEP,564,,COLISÃO FRONTAL,1,1,0,0,0,0,0,0,0,1,0,,,,,,,,,,,,,
2021-06-27,domingo ,11:05:00,SEM VÍTIMA,CAXANGA,AVENIDA,AVENIDA CAXANGA,,,"INTEGRAÇÃO DA CAXANGA, PROX. A UPA",CAXANGA,,,CHOQUE,0,0,0,0,0,0,0,1,0,0,0,,,,,,,,,,,,,
2021-06-27,domingo ,16:50:00,COM VÍTIMA,IBURA,AVENIDA,AVENIDA DOIS RIOS,,,EM FRENTE A IGREJA EL SHADDAI E AO PET SHOP CÃOBELELEIRO,IBURA,,,COLISÃO FRONTAL,1,1,0,0,0,0,0,0,0,1,0,,,,,,,,,,,,,
2021-06-27,domingo ,18:50:00,COM VÍTIMA,IPSEP,RUA,RUA JEAN EMILE FAVRE,,,E/F A PADARIA PAO NORTE,IPSEP,,,COLISÃO FRONTAL,1,0,0,0,0,0,0,0,0,2,0,,,,,,,,,,,,,
2021-06-28,segunda-feira ,08:45:00,COM VÍTIMA,VARZEA,RUA,RUA SOLDADO MARIO KOSEL FILHO,RUA,RUA INALDO BARTOLOMEU DE CARVALHO,PROX. A IGREJA ASSEMBLEIA DE DEUS,VARZEA,,,ATROPELAMENTO DE PESSOA,0,0,0,0,1,0,1,0,0,1,0,,,,,,,,,,,,,
2021-06-28,segunda-feira ,11:36:00,COM VÍTIMA,PINA,AVENIDA,AVENIDA BOA VIAGEM,,,E/F AO POSTO PETROBRAS BR,PINA,104,CIDADE,COLISÃO LATERAL,1,1,0,0,0,0,0,0,0,1,0,,,,,,,,,,,,,
2021-06-28,segunda-feira ,12:53:00,COM VÍTIMA,ESTANCIA,AVENIDA,AVENIDA RECIFE,,,ANTIGA CIROL ROYAL / SENTIDO CEASA,ESTÂNCIA,,SUBURBIO,COLISÃO LATERAL,0,1,0,0,0,0,1,0,0,1,0,,,,,,,,,,,,,
2021-06-28,segunda-feira ,13:48:00,COM VÍTIMA,CASA FORTE,AVENIDA,AVENIDA DEZESSETE DE AGOSTO,,,EM  FRENTE À FARMACIA PAGUE MENOS,CASA FORTE,614,CIDADE,COLISÃO LATERAL,2,1,0,0,0,0,0,0,0,1,0,,,,,,,,,,,,,
2021-06-28,segunda-feira ,14:56:00,SEM VÍTIMA,TORRE,RUA,RUA MARQUES DE MARICA,RUA,RUA SOUZA BANDEIRA,ESQUINA DO EDIFICIO VIVENDA DOS GIRASSOIS 236,TORRE,317,CIDADE,COLISÃO TRASEIRA,2,0,0,0,0,0,0,0,0,0,0,,,,,,,,,,,,,
2021-06-29,terça-feira ,10:30:00,SEM VÍTIMA,APIPUCOS,RUA,RUA DOIS IRMAOS,AVENIDA,AVENIDA DA RECUPERACAO,,APIPUCOS,416,,COLISÃO LATERAL,0,2,0,0,0,0,0,0,0,0,0,,,,,,,,,,,,,
2021-06-29,terça-feira ,10:39:00,COM VÍTIMA,BOA VIAGEM,AVENIDA,AVENIDA ENGENHEIRO DOMINGOS FERREIRA,,,EM FRENTE A FARMACIA INDEPENDENTE,BOA VIAGEM,,,COLISÃO TRASEIRA,1,1,0,0,0,0,0,0,0,1,0,,,,,,,,,,,,,
2021-06-29,terça-feira ,11:05:00,SEM VÍTIMA,CORDEIRO,AVENIDA,AVENIDA PROFESSOR ESTEVAO FRANCISCO DA COSTA,RUA,RUA ODETE MONTEIRO,MARTELINHO DE OURO PREMIUM E O POSTO PETROCAL,CORDEIRO,,,COLISÃO FRONTAL,1,0,0,0,0,0,0,1,0,0,0,,,,,,,,,,,,,
2021-06-29,terça-feira ,11:31:00,SEM VÍTIMA,CORDEIRO,RUA,RUA MARIA QUITERIA,,,E/F AO EDF. RIO JARI,CORDEIRO,,,COLISÃO LATERAL,1,0,0,0,0,0,0,1,0,0,0,,,,,,,,,,,,,
2021-06-29,terça-feira ,11:39:00,VÍTIMA FATAL,SANTO AMARO,AVENIDA,AVENIDA NORTE,RUA,RUA TREZE DE MAIO,ESQUINA COM A RUA TREZE DE MAIO,SANTO AMARO,,CIDADE,ATROPELAMENTO DE PESSOA,1,0,0,0,1,0,0,0,0,1,1,,,,,,,,,,,,,
2021-06-29,terça-feira ,11:55:00,COM VÍTIMA,AGUA FRIA,AVENIDA,AVENIDA BEBERIBE,,,E/F AO SUPERMERCADO SOBERANO,AGUA FRIA,,,COLISÃO LATERAL,1,1,0,0,0,0,0,0,0,1,0,,,,,,,,,,,,,
2021-06-29,terça-feira ,13:21:00,COM VÍTIMA,IMBIRIBEIRA,AVENIDA,AVENIDA MARECHAL MASCARENHAS DE MORAES,,,EM FRENTE AO GERALDÃO/ SENTIDO CIDADE,IMBIRIBEIRA,,,COLISÃO TRASEIRA,1,1,0,0,0,0,0,0,0,1,0,,,,,,,,,,,,,
2021-06-29,terça-feira ,17:07:00,SEM VÍTIMA,MACAXEIRA,AVENIDA,AVENIDA NORTE,,,PROX  A ESCOLA  DO ESTADUAL MARILIA AMALIA,MACAXEIRA,,,COLISÃO LATERAL,0,1,0,0,0,0,0,1,0,0,0,,,,,,,,,,,,,
2021-06-29,terça-feira ,20:59:40,COM VÍTIMA,CAMPO GRANDE,RUA,RUA ODORICO MENDES,,,AO LADO DA CENTRAL DE FLAGRANTES,CAMPO GRANDE,,,ATROPELAMENTO DE PESSOA,0,1,0,0,1,0,0,0,0,1,0,,,,,,,,,,,,,
2021-06-29,terça-feira ,22:20:40,SEM VÍTIMA,CAMPO GRANDE,RUA,RUA ODORICO MENDES,,,AO LADO DA CENTRAL DE FLAGRANTES,CAMPO GRANDE,,,COLISÃO TRASEIRA,3,0,0,0,0,0,0,0,0,0,0,,,,,,,,,,,,,
2021-06-30,quarta-feira ,09:24:00,COM VÍTIMA,TORROES,RUA,RUA DR MIGUEL VIEIRA FERREIRA,,,EM FRENTE AO BETO BEBIDAS,TORRÕES,,,ATROPELAMENTO DE PESSOA,1,0,0,0,1,0,0,0,0,1,0,,,,,,,,,,,,,
2021-06-30,quarta-feira ,10:19:00,COM VÍTIMA,SANCHO,AVENIDA,AVENIDA LIBERDADE,,,100 METROS ANTES DA IGREJA ASSEMBLEIA DE DEUS,SANCHO,,,COLISÃO LATERAL,1,1,0,0,0,0,0,0,0,1,0,,,,,,,,,,,,,
2021-06-30,quarta-feira ,11:40:00,COM VÍTIMA,AFOGADOS,RUA,RUA DA PAZ,,,E/F A FIGUEIRAS CALÇADOS,AFOGADOS,,,ATROPELAMENTO DE PESSOA,1,0,0,0,1,0,0,0,0,1,0,,,,,,,,,,,,,
2021-06-30,quarta-feira ,13:44:00,COM VÍTIMA,CASA FORTE,AVENIDA,AVENIDA DEZESSETE DE AGOSTO,,,EM FRENTE AO CENTRO MÉDICO SEN. JOSÉ ERMÍRIO DE MORAES,CASA FORTE,,,COLISÃO TRASEIRA,1,1,0,0,0,0,0,0,0,1,0,,,,,,,,,,,,,
2021-06-30,quarta-feira ,14:34:00,COM VÍTIMA,CASA AMARELA,AVENIDA,AVENIDA NORTE,,,,CASA AMARELA,,,COLISÃO TRANSVERSAL,0,2,0,0,0,0,0,0,0,1,0,,,,,,,,,,,,,
2021-06-30,quarta-feira ,16:40:00,COM VÍTIMA,SAO JOSE,AVENIDA,AVENIDA SUL,,,EM FRENTE A POLICLINICA DE AFOGADOS,SÃO JOSÉ,,,QUEDA,0,0,0,0,0,0,0,0,0,1,0,,,,,,,,,,,,,
2021-06-30,quarta-feira ,16:54:00,COM VÍTIMA,ROSARINHO,AVENIDA,AVENIDA NORTE,,,EM FRENTE A PRAÇA DO ROSARINHO,ROSARINHO,,,COLISÃO LATERAL,1,1,0,0,0,0,0,0,0,1,0,,,,,,,,,,,,,
2021-06-30,quarta-feira ,19:09:00,COM VÍTIMA,AREIAS,AVENIDA,AVENIDA DR JOSE RUFINO,,,PROX A HONDA,AREIAS,,,COLISÃO FRONTAL,1,1,0,0,0,0,0,0,0,1,0,,,,,,,,,,,,,
2021-06-30,quarta-feira ,20:02:00,COM VÍTIMA,JARDIM SAO PAULO,RUA,RUA LEANDRO BARRETO,,,E/F AO SUPER MERCADO COMPRA MAIS,JARDIM SÃO PAULO,,,COLISÃO FRONTAL,1,1,0,0,0,0,0,0,0,1,0,,,,,,,,,,,,,
2021-07-01,quinta-feira ,07:58:00,COM VÍTIMA,SANTO AMARO,RUA,RUA IMPERADOR PEDRO SEGUNDO,RUA,RUA PRIMEIRO DE MARCO,EM FRENTE AO BANCO ITAÚ,SANTO AMARO,18,,COLISÃO TRANSVERSAL,1,1,0,0,0,0,0,0,0,1,0,Cruzamento,Chuvoso,Sem defeito,Perfeito estado,Molhada,Perfeito estado,Faixa de pedestre,Outras,40 km/h,Única,Faixa seccionada,,
2021-07-01,quinta-feira ,13:56:00,COM VÍTIMA,ESPINHEIRO,RUA,RUA AFONSO BATISTA,RUA,RUA GOMES PACHECO,PRÓX AO CHINA BAR,ESPINHEIRO,,SUBURBIO,COLISÃO LATERAL,1,1,0,0,0,0,0,0,0,1,0,Esquina,Bom,Não existe,Perfeito estado,Seca,Perfeito estado,Outros,"Placas ""Pare""",,Dupla,Não existe,,
2021-07-01,quinta-feira ,14:46:00,VÍTIMA FATAL,BOA VIAGEM,AVENIDA,AVENIDA BOA VIAGEM,,,PRÓXIMO AO HOSPITAL DE AERONALTICA,BOA VIAGEM,,CIDADE,QUEDA,1,1,0,0,0,0,0,0,0,1,1,Longo da via,Bom,Não existe,Perfeito estado,Seca,Perfeito estado,Não existe,Não hA placas,,Única,Faixa seccionada,,
2021-07-01,quinta-feira ,18:15:00,COM VÍTIMA,BOA VISTA,RUA,RUA DO RIACHUELO,,,,BOA VISTA,,CIDADE,COLISÃO FRONTAL,2,0,1,0,0,0,0,0,0,2,0,Longo da via,Bom,Não existe,Perfeito estado,Seca,Perfeito estado,Não existe,R-6a,,Única,Faixa contínua,,
2021-07-01,quinta-feira ,22:42:40,COM VÍTIMA,SANTO AMARO,RUA,RUA FREI CASSIMIRO,RUA,RUA FRANCISCO JACINTO,E/F A DELEGACIA,SANTO AMARO,,SUBURBIO,COLISÃO LATERAL,1,1,0,0,0,0,0,0,0,1,0,Cruzamento,Chuvoso,Não existe,Incompleta,Molhada,Mal iluminada,Não existe,Não hA placas,,Dupla,Canteiro central,,
2021-07-02,sexta-feira ,07:54:00,COM VÍTIMA,CORDEIRO,EST,EST DO FORTE DO ARRAIAL N. DO B. JESUS,RUA,RUA AUREO XAVIER,E/F AO RESTAURANTE O PESCADOR,CORDEIRO,,,COLISÃO LATERAL,1,1,0,0,0,0,0,0,0,1,0,Longo da via,Bom,Não existe,Perfeito estado,Seca,Perfeito estado,,Outras,,Dupla,Faixa contínua,,
2021-07-02,sexta-feira ,09:31:00,SEM VÍTIMA,CASA FORTE,AVENIDA,AVENIDA DEZESSETE DE AGOSTO,RUA,RUA JORGE DE ALBUQUERQUE,,CASA FORTE,251,SUBURBIO,,2,0,0,0,0,0,0,0,0,0,0,Cruzamento,Bom,Sem defeito,Perfeito estado,Seca,Perfeito estado,Faixa de pedestre,Outras,,Dupla,Faixa contínua,,
2021-07-02,sexta-feira ,09:50:00,COM VÍTIMA,BOA VIAGEM,RUA,RUA SA E SOUZA,RUA,RUA DR LUIZ INACIO PESSOA DE MELO,PROX. AO RM EXPRESS,BOA VIAGEM,,SUBURBIO,COLISÃO LATERAL,1,1,0,0,0,0,0,0,0,1,0,Cruzamento,Bom,Não existe,Perfeito estado,Seca,Perfeito estado,Não existe,R-6a,,Dupla,Não existe,,
2021-07-02,sexta-feira ,11:16:00,COM VÍTIMA,ALTO JOSE BONIFACIO,RUA,RUA CORREGO DO EUCLIDES,,,PROX. A UPA E O TERMINAL DE ONIBUS DO COR. DO EUCLIDES,ALTO JOSÉ BONIFACIO,,CIDADE,COLISÃO COM CICLISTA,1,1,0,0,0,0,0,0,0,1,0,Longo da via,Bom,Não existe,Não existente,Seca,Mal conservada,Não existe,Não hA placas,,Dupla,Não existe,,
2021-07-02,sexta-feira ,11:48:00,COM VÍTIMA,IPSEP,AVENIDA,AVENIDA RECIFE,,,EM FRENTE A PIZZARIA ATLANTICO,IPSEP,,SUBURBIO,COLISÃO LATERAL,1,1,0,0,0,0,0,0,0,1,0,Longo da via,Bom,Não existe,Perfeito estado,Seca,Perfeito estado,Não existe,Não hA placas,,Dupla,Canteiro central,,
2021-07-02,sexta-feira ,15:09:00,COM VÍTIMA,CAXANGA,AVENIDA,AVENIDA JOAQUIM RIBEIRO,RUA,RUA RIBEIRO PESSOA,EM FRENTE UPA /SENTIDO DOIS IRMÃO,CAXANGA,281,SUBURBIO,COLISÃO TRANSVERSAL,0,1,0,0,0,0,0,0,0,1,0,Cruzamento,Bom,Sem defeito,Perfeito estado,Seca,Perfeito estado,Agente,,60 km/h,Única,Canteiro central,,
2021-07-02,sexta-feira ,15:45:00,COM VÍTIMA,CORDEIRO,AVENIDA,AVENIDA CAXANGA,,,LADO OPOSTO AO ARMAZEM HELENA/ SENTIDO CIDADE,CORDEIRO,,CIDADE,ATROPELAMENTO DE PESSOA,2,0,0,0,1,0,0,0,0,1,0,Longo da via,Bom,Não existe,Perfeito estado,Seca,Perfeito estado,Faixa de retenção,"Placas ""Pare""",,Única,Não existe,,
2021-07-02,sexta-feira ,17:09:00,COM VÍTIMA,CAMPO GRANDE,EST,EST DE BELEM,,,EM FRENTE AO SUPERMERCADO STTYLLO,CAMPO GRANDE,,,COLISÃO LATERAL,1,1,0,0,0,0,0,0,0,1,0,,,,,,,,,,,,,
2021-07-02,sexta-feira ,18:41:00,COM VÍTIMA,IBURA,AVENIDA,AVENIDA DOIS RIOS,,,E/F AUPAE,IBURA,,,COLISÃO LATERAL,1,1,0,0,0,0,0,0,0,1,0,Longo da via,Chuvoso,Não existe,Ilegível,Molhada,Mal conservada,Não existe,Outras,,Dupla,,,
2021-07-02,sexta-feira ,20:54:40,COM VÍTIMA,IBURA,AVENIDA,AVENIDA DOIS RIOS,,,EM FRENTE A IGREJA UNIVERSAL,IBURA,,CIDADE,COLISÃO FRONTAL,0,1,0,0,0,0,0,0,0,1,0,Longo da via,Chuvoso,Não existe,Perfeito estado,Molhada,Perfeito estado,Não existe,Não hA placas,,Dupla,Faixa contínua,,
2021-07-02,sexta-feira ,21:27:40,SEM VÍTIMA,IMBIRIBEIRA,AVENIDA,AVENIDA MARECHAL MASCARENHAS DE MORAES,,,SOB O VIADUTO PRESIDENTE TANCREDO NEVES,IMBIRIBEIRA,,CIDADE,COLISÃO TRASEIRA,2,2,0,0,0,0,1,1,0,0,0,Longo da via,Chuvoso,Não existe,Perfeito estado,Molhada,Perfeito estado,Agente,Não hA placas,,Dupla,Faixa seccionada,Canteiro central,
2021-07-02,sexta-feira ,22:33:40,COM VÍTIMA,IMBIRIBEIRA,VIADUTO,VIADUTO TANCREDO NEVES,,,NO INÍCIO DO VIADUTO SENTIDO BOA VIAGEM.,IMBIRIBEIRA,,CIDADE,QUEDA,0,0,0,1,0,0,0,0,0,1,0,Viaduto,Chuvoso,Não existe,Perfeito estado,Molhada,Perfeito estado,,Não hA placas,,Única,Canteiro central,,
2021-07-03,sábado ,08:20:00,COM VÍTIMA,IPUTINGA,AVENIDA,AVENIDA CAXANGA,AVENIDA,AVENIDA CAXANGA,PRÓXIMO AO BIG BOM PREÇO,IPUTINGA,533,SUBURBIO,COLISÃO LATERAL,1,0,0,0,0,0,0,0,0,1,0,Longo da via,Chuvoso,Sem defeito,Perfeito estado,Molhada,Perfeito estado,Faixa de pedestre,Não hA placas,,Única,Faixa seccionada,,
2021-07-03,sábado ,08:46:00,COM VÍTIMA,ROSARINHO,AVENIDA,AVENIDA NORTE,AVENIDA,AVENIDA SANTOS DUMONT,,ROSARINHO,81,CIDADE,COLISÃO LATERAL,1,2,0,0,0,0,0,0,0,1,0,Longo da via,Chuvoso,Com defeito,Perfeito estado,Molhada,Perfeito estado,Faixa de pedestre,R-6a,,Dupla,Faixa contínua,,
2021-07-03,sábado ,09:26:00,COM VÍTIMA,BOA VIAGEM,AVENIDA,AVENIDA BOA VIAGEM,,,EM FRENTE DO PORTO CANOA,BOA VIAGEM,,CIDADE,COLISÃO TRASEIRA,1,1,0,0,0,0,0,0,0,2,0,Longo da via,Chuvoso,Sem defeito,Perfeito estado,Molhada,Perfeito estado,Não existe,Outras,,Única,Faixa seccionada,,
2021-07-03,sábado ,12:54:00,SEM VÍTIMA,IMBIRIBEIRA,AVENIDA,AVENIDA MARECHAL MASCARENHAS DE MORAES,,,E/F LASER ELETRO S/T AFOGADOS,IMBIRIBEIRA,,,COLISÃO FRONTAL,1,1,0,0,0,0,0,0,0,0,0,,,,,,,,,,,,,
2021-07-03,sábado ,15:01:00,SEM VÍTIMA,AREIAS,AVENIDA,AVENIDA DR JOSE RUFINO,,,E/F AO COLEGIO INCENTIVO,AREIAS,,CIDADE,COLISÃO TRASEIRA,2,0,0,0,0,0,0,0,0,0,0,Longo da via,Chuvoso,Não existe,,Molhada,Perfeito estado,Não existe,Não hA placas,,Dupla,Faixa contínua,,
2021-07-03,sábado ,15:12:00,COM VÍTIMA,CABANGA,VIADUTO,VIADUTO PAPA JOAO PAULO II,,,EM CIMA DO VIADUTO/ SENTIDO DERBY,CABANGA,,CIDADE,COLISÃO COM CICLISTA,0,1,0,1,0,0,0,0,0,2,0,Viaduto,Bom,Não existe,Perfeito estado,Seca,Perfeito estado,Não existe,Não hA placas,,Dupla,Canteiro central,,
2021-07-04,domingo ,10:38:00,COM VÍTIMA,PARNAMIRIM,AVENIDA,AVENIDA FLOR DE SANTANA,RUA,RUA DO MARQUES,PROX. EDF. TORONTO,PARNAMIRIM,,,COLISÃO LATERAL,1,1,0,0,0,0,0,0,0,1,0,Cruzamento,Bom,Não existe,Incompleta,Seca,Mal conservada,Faixa de pedestre,"Placas ""Pare""",30 km/h,Dupla,Não existe,,