data,dia_semana,hora,natureza,bairro,logradouro_endereco,endereco,logradouro_detalhe_endereco,detalhe_endereco_acidente,complemento,bairro_cruzamento,num_semaforo,sentido_via,tipo,auto,moto,ciclom,ciclista,pedestre,onibus,caminhao,viatura,outros,vitimas,vitimasfatais,acidente_verificado,tempo_clima,situacao_semaforo,sinalizacao,condicao_via,conservacao_via,ponto_controle,situacao_placa,velocidade_max_via,mao_direcao,divisao_via1,divisao_via2,divisao_via3
2021-07-04,domingo ,16:12:00,COM VÍTIMA,ESPINHEIRO,RUA,RUA QUARENTA E OITO,RUA,RUA CONS PORTELA,FARMACIA PAGUE MENOS,ESPINHEIRO,11,CIDADE,COLISÃO LATERAL,1,1,0,0,0,0,0,0,0,2,0,Cruzamento,Bom,Sem defeito,Perfeito estado,Seca,Perfeito estado,Faixa de pedestre,R-6a,,Única,Faixa contínua,,
2021-07-04,domingo ,20:58:00,SEM VÍTIMA,DOIS IRMAOS,RUA,RUA MANUEL DE MEDEIROS,,,E/F A FACULDADE RURAL,DOIS IRMÃOS,0,,QUEDA,0,1,0,0,0,0,0,0,0,0,0,,,,,,,,,,,,,
2021-07-04,domingo ,22:39:40,COM VÍTIMA,GRACAS,AVENIDA,AVENIDA CONS ROSA E SILVA,RUA,RUA BRUNO MAIA,ESQUINA COM HOSPITAL DOS SERVIDORES[,GRAÇAS,,SUBURBIO,COLISÃO TRASEIRA,1,1,0,0,0,0,0,0,0,1,0,Longo da via,Bom,Não existe,Perfeito estado,Seca,Perfeito estado,,Outras,,Única,Faixa seccionada,,
2021-07-05,segunda-feira ,06:56:00,COM VÍTIMA,IBURA,AVENIDA,AVENIDA DOM HELDER CAMARA,,,E/F ARMAZÉM FAMA,IBURA,,CIDADE,QUEDA,0,1,0,0,0,0,0,0,0,1,0,Longo da via,Bom,Não existe,Perfeito estado,Seca,Perfeito estado,Não existe,Não hA placas,,Dupla,Canteiro central,,
2021-07-05,segunda-feira ,07:11:00,COM VÍTIMA,PINA,AVENIDA,AVENIDA CONSELHEIRO AGUIAR,RUA,RUA PEREIRA DA COSTA,LUCK VIAGENS,PINA,140,CIDADE,QUEDA,0,1,0,0,0,0,0,0,0,1,0,Longo da via,Bom,Sem defeito,Perfeito estado,Seca,Perfeito estado,Faixa de pedestre,Outras,,Única,Faixa contínua,Faixa seccionada,
2021-07-05,segunda-feira ,08:17:00,COM VÍTIMA,SAN MARTIN,AVENIDA,AVENIDA CONSUL VILARES FRAGOSO,RUA,RUA COMENDADOR FRANCO FERREIRA,AO LADO DA CAVALARIA,SAN MARTIN,,SUBURBIO,COLISÃO TRANSVERSAL,1,1,0,0,0,0,0,0,0,1,0,Cruzamento,Bom,Não existe,Incompleta,Seca,Perfeito estado,Não existe,R-6a,,Dupla,Faixa contínua,,
2021-07-05,segunda-feira ,09:32:00,COM VÍTIMA,ESPINHEIRO,AVENIDA,AVENIDA GOVERNADOR AGAMENON MAGALHAES,RUA,RUA BUENOS AYRES,M FRENTE AO EDF ANTONIO DE ALBUQUERQUE GALVAO,ESPINHEIRO,78,SUBURBIO,COLISÃO TRASEIRA,2,0,0,0,0,0,0,0,0,1,0,Longo da via,Bom,Sem defeito,Perfeito estado,Seca,Perfeito estado,Faixa de pedestre,,60 km/h,Dupla,Faixa contínua,,
2021-07-05,segunda-feira ,10:03:00,COM VÍTIMA,CASA AMARELA,AVENIDA,AVENIDA NORTE,AVENIDA,AVENIDA PROFESSOR JOSE DOS ANJOS,EM FRENTE AO SESC,CASA AMARELA,364,SUBURBIO,COLISÃO TRASEIRA,1,1,0,0,0,0,0,0,0,1,0,Cruzamento,Bom,Sem defeito,Perfeito estado,Seca,Perfeito estado,,Outras,,Dupla,Não existe,,
2021-07-05,segunda-feira ,11:14:00,SEM VÍTIMA,DERBY,AVENIDA,AVENIDA GOVERNADOR AGAMENON MAGALHAES,,,,DERBY,417,BOA VIAGEM,COLISÃO LATERAL,1,1,0,0,0,0,0,0,0,0,0,Longo da via,Bom,Sem defeito,Perfeito estado,Seca,Perfeito estado,Faixa de pedestre,Outras,60 km/h,Dupla,Canteiro central,,
2021-07-05,segunda-feira ,14:49:00,COM VÍTIMA,MACAXEIRA,AVENIDA,AVENIDA DA RECUPERACAO,,,PRÓX AO T.I. MACAXEIRA,MACAXEIRA,,SUBURBIO,COLISÃO FRONTAL,0,2,0,0,0,0,0,0,0,2,0,Longo da via,Bom,Não existe,Perfeito estado,Seca,Perfeito estado,Não existe,Não hA placas,,Dupla,Faixa seccionada,,
2021-07-05,segunda-feira ,16:22:00,COM VÍTIMA,MONTEIRO,AVENIDA,AVENIDA DR EURICO CHAVES,,,E/F AO BAR PARADA OBRIGATORIA,MONTEIRO,,CIDADE,COLISÃO TRASEIRA,0,2,0,0,0,0,0,0,0,1,0,Longo da via,Bom,Não existe,Perfeito estado,Seca,Perfeito estado,Não existe,,30 km/h,Dupla,Faixa seccionada,,
2021-07-05,segunda-feira ,22:03:40,COM VÍTIMA,CASA AMARELA,AVENIDA,AVENIDA NORTE,,,NA SUBIDA DO VASCO / E/F AO POSTO BR,CASA AMARELA,66,CIDADE,ATROPELAMENTO DE PESSOA,0,1,0,0,1,0,0,0,0,2,0,Longo da via,Chuvoso,Sem defeito,Perfeito estado,Molhada,Perfeito estado,Faixa de pedestre,Outras,60 km/h,Dupla,Faixa seccionada,,
2021-07-06,terça-feira ,12:26:00,COM VÍTIMA,SAO JOSE,VIADUTO,VIADUTO CAPITAO TEMUDO,,,EM CIMA DO VIADUTO/ SENTIDO CIDADE,SÃO JOSÉ,,CIDADE,COLISÃO TRASEIRA,1,1,0,0,0,0,0,0,0,1,0,Viaduto,Bom,Não existe,Perfeito estado,Seca,Perfeito estado,Outros,Não hA placas,,Dupla,Canteiro central,,
2021-07-06,terça-feira ,13:34:00,COM VÍTIMA,SAO JOSE,AVENIDA,AVENIDA ENGENHEIRO JOSE ESTELITA,,,EM FRENTE AO EDF. MIRANTE DO CAIS,SÃO JOSÉ,,CIDADE,COLISÃO TRASEIRA,1,1,0,0,0,0,0,0,0,1,0,Longo da via,Bom,Não existe,Incompleta,Seca,Perfeito estado,Não existe,Não hA placas,60 km/h,Única,Faixa seccionada,,
2021-07-06,terça-feira ,14:16:00,COM VÍTIMA,CASA FORTE,AVENIDA,AVENIDA DEZESSETE DE AGOSTO,,,CENTRO MÉDICO SEN. ERMÍRIO DE MORAES,CASA FORTE,251,SUBURBIO,COLISÃO TRANSVERSAL,2,0,0,0,0,0,0,0,0,1,0,Longo da via,Bom,Sem defeito,Perfeito estado,Seca,Perfeito estado,Faixa de pedestre,Outras,,Dupla,Faixa contínua,,
2021-07-06,terça-feira ,14:52:00,COM VÍTIMA,MADALENA,RUA,RUA ARLINDO GOUVEIA,RUA,RUA BENFICA,EM FRENTE AO CLUBE INTERNACIONAL,MADALENA,620,CIDADE,COLISÃO TRANSVERSAL,1,1,0,0,0,0,0,0,0,1,0,Cruzamento,Bom,Sem defeito,Perfeito estado,Seca,Perfeito estado,Faixa de pedestre,Não hA placas,,Dupla,Faixa seccionada,,
2021-07-06,terça-feira ,18:19:00,COM VÍTIMA,SANTO AMARO,RUA,RUA FREI CASSIMIRO,,,E/F A ANTIGA CTTU,SANTO AMARO,,SUBURBIO,CHOQUE,1,1,0,0,0,0,0,0,0,1,0,Longo da via,Bom,Não existe,Não existente,Seca,Perfeito estado,Não existe,Não hA placas,,Dupla,Não existe,,
2021-07-06,terça-feira ,18:24:00,COM VÍTIMA,TEJIPIO,AVENIDA,AVENIDA DR JOSE RUFINO,,,"E/F A PRAÇA DO PACHECO , SNT JABOATÃO",TEJIPIÓ,,,COLISÃO LATERAL,1,1,0,0,0,0,0,0,0,1,0,,,,,,,,,,,,,
2021-07-07,quarta-feira ,11:25:00,COM VÍTIMA,BOA VIAGEM,AVENIDA,AVENIDA ENGENHEIRO DOMINGOS FERREIRA,,,EM FRENTE À J CARLOS MÓVEIS,BOA VIAGEM,,SUBURBIO,COLISÃO LATERAL,2,0,0,0,0,0,0,0,0,1,0,Longo da via,Bom,Sem defeito,Perfeito estado,Seca,Perfeito estado,,,60 km/h,Única,Faixa seccionada,,
2021-07-07,quarta-feira ,14:18:00,SEM VÍTIMA,SANTO ANTONIO,CAIS,CAIS SANTA RITA,,,APÓS O SEMAFORO Nº 076,SANTO ANTÔNIO,,SUBURBIO,,1,0,0,0,0,0,0,0,0,0,0,Longo da via,Bom,Sem defeito,Perfeito estado,Seca,Mal conservada,Faixa de retenção,Outras,,Dupla,Canteiro central,,
2021-07-07,quarta-feira ,14:29:00,SEM VÍTIMA,PINA,RUA,RUA TOME GIBSON,AVENIDA,AVENIDA CELSO FURTADO (VIA MANGUE),,PINA,,,,1,1,0,0,0,0,0,0,0,0,0,,Bom,Não existe,Perfeito estado,Seca,Perfeito estado,Faixa de pedestre,Não hA placas,,Dupla,Faixa seccionada,,
2021-07-07,quarta-feira ,15:26:00,SEM VÍTIMA,VARZEA,AVENIDA,AVENIDA CAXANGA,RUA,RUA RODRIGUES FERREIRA,LADO OPOSTO À IGREJA ASSEMBLEIA DE DEUS,VARZEA,232,CIDADE,,0,0,0,0,0,0,1,1,0,0,0,Longo da via,Bom,Sem defeito,Perfeito estado,Seca,Perfeito estado,Faixa de pedestre,R-6a,60 km/h,Dupla,Canteiro central,,
2021-07-07,quarta-feira ,16:05:00,COM VÍTIMA,BOA VIAGEM,AVENIDA,AVENIDA BOA VIAGEM,,,E/F A PADARIA BOA VIAGEM,BOA VIAGEM,548,,COLISÃO TRASEIRA,1,1,0,0,0,0,0,0,0,1,0,Longo da via,Bom,Sem defeito,Perfeito estado,Seca,Perfeito estado,,,,Única,Faixa seccionada,,
2021-07-08,quinta-feira ,12:14:00,COM VÍTIMA,BOA VIAGEM,AVENIDA,AVENIDA CELSO FURTADO (VIA MANGUE),,,FINAL DA VIA MANGUE/ PROXIMO AO SHOPPING RECIFE/ SENTIDO AEROPORTO,BOA VIAGEM,,,COLISÃO TRASEIRA,1,1,0,0,0,0,0,0,0,1,0,,,,,,,,,,,,,
2021-07-08,quinta-feira ,16:12:00,COM VÍTIMA,SAN MARTIN,AVENIDA,AVENIDA ENGENHEIRO ABDIAS DE CARVALHO,,,SOB O SEMAFORO 422 / CTTU,SAN MARTIN,422,SUBURBIO,COLISÃO FRONTAL,0,2,0,0,0,0,0,0,0,1,0,Cruzamento,Bom,Sem defeito,Perfeito estado,Seca,Perfeito estado,Outros,Não hA placas,60 km/h,Dupla,Canteiro central,,
2021-07-08,quinta-feira ,16:47:00,COM VÍTIMA,IPSEP,AVENIDA,AVENIDA RECIFE,,,EM FRENTE A ALINHAUTO/ SENTIDO AEROPORTO,IPSEP,,,COLISÃO TRASEIRA,1,1,0,0,0,0,0,0,0,1,0,,,,,,,,,,,,,
2021-07-08,quinta-feira ,18:09:00,COM VÍTIMA,MADALENA,RUA,RUA BENFICA,,,E/F AO MUSEU DA ABOLIÇAO,MADALENA,257,SUBURBIO,ATROPELAMENTO DE PESSOA,0,0,0,0,1,1,0,0,0,1,0,Longo da via,Bom,Sem defeito,Perfeito estado,Seca,Perfeito estado,Faixa de pedestre,Outras,,Dupla,Faixa contínua,,
2021-07-08,quinta-feira ,19:14:00,COM VÍTIMA,FUNDAO,AVENIDA,AVENIDA BEBERIBE,RUA,RUA CORRENTES,PROX A PIZZARIA DO GEMEOS,FUNDÃO,,SUBURBIO,COLISÃO LATERAL,1,1,0,0,0,0,0,0,0,1,0,Cruzamento,Bom,Não existe,Não existente,Seca,Perfeito estado,Não existe,Não hA placas,60 km/h,Dupla,Faixa seccionada,,
2021-07-08,quinta-feira ,20:12:00,COM VÍTIMA,IBURA,AVENIDA,AVENIDA RIO LARGO,,,E/F AO SUPERMECADO PROABE ALIMENTOS,IBURA,512,DUPLO,COLISÃO LATERAL,1,1,0,0,0,0,0,0,0,1,0,Longo da via,Bom,Sem defeito,Perfeito estado,Seca,Perfeito estado,Faixa de pedestre,Não hA placas,,Dupla,Não existe,,
2021-07-09,sexta-feira ,07:21:00,COM VÍTIMA,IMBIRIBEIRA,AVENIDA,AVENIDA GENERAL MAC ARTHUR,RUA,RUA SARGENTO SILVINO DE MACEDO,PROX. AO POSTO DE GASOLINA BR,IMBIRIBEIRA,640,SUBURBIO,COLISÃO COM CICLISTA,1,0,0,1,0,0,0,0,0,1,0,Esquina,Bom,Sem defeito,Perfeito estado,Seca,Perfeito estado,Faixa de pedestre,R-6a,40 km/h,Única,Faixa seccionada,,
2021-07-09,sexta-feira ,11:39:00,SEM VÍTIMA,SAN MARTIN,AVENIDA,AVENIDA GENERAL SAN MARTIN,,,"PROX. AO COMPAZ, EM FRENTE OS CORREIOS",SAN MARTIN,,,COLISÃO LATERAL,2,0,0,0,0,0,0,0,0,0,0,,,,,,,,,,,,,
2021-07-09,sexta-feira ,12:09:00,COM VÍTIMA,BOA VIAGEM,AVENIDA,AVENIDA ENGENHEIRO DOMINGOS FERREIRA,RUA,RUA ARTUR MUNIZ,EM FRENTE AO EXTRA,BOA VIAGEM,380,SUBURBIO,COLISÃO LATERAL,1,1,0,0,0,0,0,0,0,1,0,Cruzamento,Bom,Sem defeito,Perfeito estado,Seca,Perfeito estado,Faixa de pedestre,R-6a,,Dupla,Canteiro central,,
2021-07-01,quinta-feira ,13:26:00,COM VÍTIMA,GRACAS,AVENIDA,AVENIDA GOVERNADOR AGAMENON MAGALHAES,,,APOS O SEMAFORO 173,GRAÇAS,173,BOA VIAGEM,QUEDA,0,1,0,0,0,0,0,0,0,1,0,Longo da via,Nublado,Sem defeito,Perfeito estado,Seca,Perfeito estado,,Não hA placas,60 km/h,Dupla,Canal,,
2021-07-09,sexta-feira ,15:58:00,COM VÍTIMA,ARRUDA,AVENIDA,AVENIDA PROFESSOR JOSE DOS ANJOS,EST,EST VELHA DE AGUA FRIA,NO SEMAFORO 306/ SENTIDO AV. NORTE,ARRUDA,306,,COLISÃO LATERAL,0,2,0,0,0,0,0,0,0,2,0,Cruzamento,Bom,Sem defeito,Perfeito estado,Seca,Perfeito estado,Faixa de pedestre,R-6a,,Dupla,Canteiro central,,
2021-07-09,sexta-feira ,16:50:00,COM VÍTIMA,MADALENA,AVENIDA,AVENIDA VISCONDE DE ALBUQUERQUE,RUA,RUA LOPES DE CARVALHO,EM FRENTE AO SERASA E A VALIDE,MADALENA,,SUBURBIO,COLISÃO LATERAL,1,1,0,0,0,0,0,0,0,1,0,Cruzamento,Bom,Não existe,,Seca,Perfeito estado,Não existe,Não hA placas,60 km/h,Única,Não existe,,
2021-07-09,sexta-feira ,21:16:40,VÍTIMA FATAL,IMBIRIBEIRA,AVENIDA,AVENIDA MARECHAL MASCARENHAS DE MORAES,,,EM FRENTE A LOCALIZA RENT A CAR,IMBIRIBEIRA,,SUBURBIO,ATROPELAMENTO DE PESSOA,0,0,0,0,1,1,0,0,0,0,1,Outros,Bom,Sem defeito,Perfeito estado,Seca,Perfeito estado,Não existe,Não hA placas,50 km/h,Dupla,Canteiro central,,
2021-07-10,sábado ,06:33:00,COM VÍTIMA,ESPINHEIRO,AVENIDA,AVENIDA GOVERNADOR AGAMENON MAGALHAES,,,E/F AO  EDF. MARIA CLARA (VIA LOCAL) // SENTIDO BOA VIAGEM,ESPINHEIRO,,,COLISÃO LATERAL,1,1,0,0,0,0,0,0,0,1,0,Longo da via,Chuvoso,Não existe,Perfeito estado,Molhada,Perfeito estado,Não existe,Outras,60 km/h,Dupla,Faixa seccionada,Canteiro central,Canal
2021-07-10,sábado ,07:56:00,COM VÍTIMA,BOA VISTA,RUA,RUA DOM BOSCO,,,EM FRENTE AO QUARTEL DA RADIO PATRULHA,BOA VISTA,,SUBURBIO,COLISÃO LATERAL,1,1,0,0,0,0,0,0,0,1,0,Longo da via,Bom,Não existe,Perfeito estado,Seca,Perfeito estado,Não existe,Não hA placas,,Única,Faixa seccionada,,
2021-07-10,sábado ,10:59:00,COM VÍTIMA,BOA VIAGEM,RUA,RUA RIBEIRO DE BRITO,,,APOS A FACULDADE UNINASASAU // SENT. AV RECIFE,BOA VIAGEM,,SUBURBIO,COLISÃO LATERAL,0,1,0,0,0,1,0,0,0,1,0,Longo da via,Bom,Não existe,Perfeito estado,Seca,Perfeito estado,Não existe,Não hA placas,,Única,Faixa seccionada,,
2021-07-10,sábado ,11:45:00,COM VÍTIMA,IPUTINGA,RUA,RUA SAO MATEUS,RUA,RUA DR VIRGINIO MARQUES,E/F AO COLÉGIO SÃO DOMINGOS,IPUTINGA,,SUL,COLISÃO LATERAL,1,1,0,0,0,0,0,0,0,1,0,Cruzamento,Bom,Não existe,Perfeito estado,Seca,Perfeito estado,Não existe,Não hA placas,40 km/h,Dupla,Não existe,,
2021-07-10,sábado ,15:12:00,COM VÍTIMA,BOA VISTA,AVENIDA,AVENIDA CONDE DA BOA VISTA,RUA,RUA GERVASIO PIRES,EM FRENTE À LOJA RENNER,BOA VISTA,24,SUBURBIO,COLISÃO COM CICLISTA,0,0,0,1,0,1,0,0,0,1,0,Longo da via,Bom,Não existe,Perfeito estado,Seca,Perfeito estado,Não existe,Não hA placas,40 km/h,Única,Faixa seccionada,,
2021-07-10,sábado ,15:45:00,COM VÍTIMA,VASCO DA GAMA,AVENIDA,AVENIDA VEREADOR OTACILIO AZEVEDO,,,NA ENTRADA DO CORREGO DO CAROA,VASCO DA GAMA,877,CIDADE,COLISÃO FRONTAL,2,0,0,0,0,0,0,0,0,2,0,Longo da via,Chuvoso,Não existe,Não existente,Molhada,Perfeito estado,Outros,Outras,,Dupla,Faixa seccionada,,
2021-07-10,sábado ,17:42:00,COM VÍTIMA,CORDEIRO,AVENIDA,AVENIDA CAXANGA,,,EM FRENTE AO CERPRO,CORDEIRO,,CIDADE,COLISÃO FRONTAL,2,0,0,0,0,0,0,0,0,1,0,Longo da via,Bom,Não existe,Perfeito estado,Seca,Perfeito estado,Não existe,Não hA placas,60 km/h,Única,Canteiro central,,
2021-07-11,domingo ,10:49:00,COM VÍTIMA,BOA VIAGEM,AVENIDA,AVENIDA BOA VIAGEM,RUA,RUA VERDES MARES,EM FRENTE 5354,BOA VIAGEM,,CIDADE,COLISÃO TRASEIRA,2,0,0,0,0,0,0,0,0,2,0,Longo da via,Bom,Não existe,Perfeito estado,Seca,Perfeito estado,Faixa de pedestre,R-6a,60 km/h,Única,Faixa seccionada,,
2021-07-11,domingo ,20:19:00,COM VÍTIMA,CASA FORTE,EST,EST DO ENCANAMENTO,,,COM A RUA MARECHAL RONDON,CASA FORTE,,CIDADE,COLISÃO COM CICLISTA,1,0,0,1,0,0,0,0,0,1,0,Cruzamento,Chuvoso,Não existe,Perfeito estado,Molhada,Perfeito estado,Não existe,Não hA placas,,Dupla,Não existe,,
2021-07-11,domingo ,20:31:40,COM VÍTIMA,ARRUDA,AVENIDA,AVENIDA BEBERIBE,,,PROX AO CANAL DA CONSTRUÇÃO  / EM FRENTE A ANTIGA EMPRESA SP,ARRUDA,,SUBURBIO,CHOQUE,0,1,0,0,0,0,0,0,0,1,0,Longo da via,Chuvoso,Não existe,Perfeito estado,Molhada,Mal conservada,,Não hA placas,40 km/h,Dupla,Faixa contínua,,
2021-07-11,domingo ,22:09:40,COM VÍTIMA,SAO JOSE,RUA,RUA DA CONCORDIA,RUA,RUA DO PEIXOTO,SEMAFORO 182 / EM FRENTE AO EDF CAMPO FRIO,SÃO JOSÉ,182,CIDADE,COLISÃO LATERAL,1,0,0,0,0,1,0,0,0,1,0,Cruzamento,Bom,Intermitente,Perfeito estado,Seca,Perfeito estado,Outros,Outras,,Única,Não existe,,
2021-07-12,segunda-feira ,06:12:00,COM VÍTIMA,CAXANGA,AVENIDA,AVENIDA CAXANGA,RUA,RUA RIBEIRO PESSOA,EM FRENTE UPA,CAXANGA,281,SUBURBIO,COLISÃO LATERAL,2,0,0,0,0,0,0,0,0,2,0,Cruzamento,Bom,Sem defeito,Perfeito estado,Molhada,Perfeito estado,Faixa de pedestre,Não hA placas,,Dupla,Faixa contínua,Faixa seccionada,
2021-07-12,segunda-feira ,07:24:00,COM VÍTIMA,CAXANGA,AVENIDA,AVENIDA CAXANGA,,,"EM FRENTE A FIAT ITALIANA, SENTIDO CAMARAGIBE",CAXANGA,,SUBURBIO,COLISÃO COM CICLISTA,1,0,0,1,0,1,0,0,0,1,0,Longo da via,Bom,Não existe,Incompleta,Molhada,Perfeito estado,Não existe,R-6a,,Dupla,Faixa contínua,Faixa seccionada,
2021-07-12,segunda-feira ,08:16:00,SEM VÍTIMA,BOA VISTA,RUA,RUA JOAO FERNANDES VIEIRA,,,EM FRENTE AO POSTE H 042956,BOA VISTA,,CIDADE,COLISÃO TRASEIRA,1,1,0,0,0,0,0,0,0,0,0,Longo da via,Bom,Não existe,Perfeito estado,Seca,Perfeito estado,Faixa de pedestre,Não hA placas,,Única,Faixa contínua,Faixa seccionada,
2021-07-12,segunda-feira ,09:12:00,COM VÍTIMA,MADALENA,RUA,RUA COMENDADOR BENTO AGUIAR,,,EM FRENTE A FARMACIA PAGUE MENOS,MADALENA,,,COLISÃO LATERAL,1,1,0,0,0,0,0,0,0,1,0,,,,,,,,,,,,,
2021-07-12,segunda-feira ,10:12:00,COM VÍTIMA,DERBY,AVENIDA,AVENIDA GOVERNADOR AGAMENON MAGALHAES,,,ATROPELAMENTO,DERBY,,SUBURBIO,ATROPELAMENTO DE PESSOA,1,0,0,0,1,0,0,0,0,1,0,Longo da via,Chuvoso,Sem defeito,Perfeito estado,Molhada,Perfeito estado,Não existe,Não hA placas,60 km/h,Única,Faixa seccionada,,
2021-07-12,segunda-feira ,10:56:00,COM VÍTIMA,ESTANCIA,AVENIDA,AVENIDA RECIFE,,,EM FRENTE AO ANTIGO MAKRO,ESTÂNCIA,621,SUBURBIO,COLISÃO TRASEIRA,1,1,0,0,0,0,0,0,0,1,0,Longo da via,Bom,Sem defeito,Perfeito estado,Seca,Perfeito estado,Faixa de pedestre,Não hA placas,60 km/h,Dupla,,,
2021-07-12,segunda-feira ,12:13:00,COM VÍTIMA,BEBERIBE,RUA,RUA DALVA DE OLIVEIRA,,,PROX A AMBEV  E/F A IGREJA BATISTA DO VALE,BEBERIBE,,SUBURBIO,COLISÃO COM CICLISTA,1,0,0,1,0,0,0,0,0,1,0,Cruzamento,Bom,Não existe,Não existente,Seca,Perfeito estado,Não existe,"Placas ""Dê a preferência""",,Dupla,Não existe,,
2021-07-12,segunda-feira ,14:00:00,SEM VÍTIMA,BOA VIAGEM,AVENIDA,AVENIDA BOA VIAGEM,,,PRÓX À PRACINHA DE BOA VIAGEM / EDIFÍCIO BAÍA DE VIGO,BOA VIAGEM,,,COLISÃO LATERAL,2,0,0,0,0,0,0,0,0,0,0,,,,,,,,,,,,,
2021-07-12,segunda-feira ,18:35:00,COM VÍTIMA,VARZEA,AVENIDA,AVENIDA AFONSO OLINDENSE,,,PROX AO COLISEU,VARZEA,,SUBURBIO,COLISÃO LATERAL,1,1,0,0,0,0,0,0,0,1,0,Longo da via,Bom,Não existe,Perfeito estado,Seca,Perfeito estado,Outros,Não hA placas,40 km/h,Dupla,Faixa contínua,,
2021-07-12,segunda-feira ,22:07:40,COM VÍTIMA,CAXANGA,AVENIDA,AVENIDA JOAQUIM RIBEIRO,,,PROX A PURE GELO,CAXANGA,,SUBURBIO,COLISÃO TRASEIRA,0,1,0,0,0,0,1,0,0,1,0,Longo da via,Bom,Não existe,Perfeito estado,Seca,Perfeito estado,Não existe,Não hA placas,,Dupla,Faixa contínua,Faixa seccionada,Canteiro central
2021-07-13,terça-feira ,07:57:00,COM VÍTIMA,TORRE,RUA,RUA MARQUES DE MARICA,RUA,RUA SOUZA BANDEIRA,EDF. VIVENDA DOS GIRASSOIS,TORRE,317,,COLISÃO LATERAL,1,1,0,0,0,0,0,0,0,1,0,Cruzamento,Bom,Sem defeito,Perfeito estado,Seca,Perfeito estado,Faixa de pedestre,R-6a,,Dupla,Faixa contínua,Faixa seccionada,
2021-07-13,terça-feira ,10:34:00,COM VÍTIMA,BOA VIAGEM,AVENIDA,AVENIDA CONSELHEIRO AGUIAR,,,EM FRENTE A PADARIA AUGUSTA,BOA VIAGEM,,CIDADE,COLISÃO TRASEIRA,1,0,0,0,0,1,0,0,0,1,0,Longo da via,Bom,Sem defeito,Perfeito estado,Seca,Perfeito estado,Outros,Não hA placas,60 km/h,Única,Faixa contínua,,
2021-07-13,terça-feira ,11:02:00,COM VÍTIMA,BOA VIAGEM,AVENIDA,AVENIDA BOA VIAGEM,,,EM FRENTE AO CASTELINHO,BOA VIAGEM,,,COLISÃO FRONTAL,1,1,0,0,0,0,0,0,0,2,0,,,,,,,,,,,,,
2021-07-13,terça-feira ,18:59:00,COM VÍTIMA,ENCRUZILHADA,RUA,RUA DR FERNANDO ALLAIN,RUA,RUA MARQUES DO PARANA,E/F AO MARTELINHO DE OURO,ENCRUZILHADA,,CIDADE,COLISÃO FRONTAL,2,0,0,0,0,0,0,0,0,1,0,Cruzamento,Bom,Não existe,Perfeito estado,Seca,Perfeito estado,Faixa de retenção,"Placas ""Pare""",,Única,,,
2021-07-13,terça-feira ,20:13:00,SEM VÍTIMA,VASCO DA GAMA,RUA,RUA ASSUNCAO,,,PROX AO TEATRO LOBATINHO,VASCO DA GAMA,,,CHOQUE,0,0,0,0,0,0,0,0,0,0,0,,,,,,,,,,,,,
2021-07-14,quarta-feira ,01:10:00,SEM VÍTIMA,ESTANCIA,AVENIDA,AVENIDA RECIFE,,,"EM FRENTE AO ATACADÃO,SENTIDO AEROPORTO",ESTÂNCIA,,,CHOQUE,0,0,0,0,0,0,0,0,0,0,0,,,,,,,,,,,,,
2021-07-14,quarta-feira ,11:40:00,COM VÍTIMA,HIPODROMO,EST,EST DE BELEM,RUA,RUA PRUDENTE DE MORAES,ESQUINA DO POSTO TOTAL,HIPÓDROMO,94,,COLISÃO FRONTAL,0,1,0,0,0,1,0,0,0,1,0,Cruzamento,Bom,Sem defeito,Perfeito estado,Seca,Perfeito estado,Faixa de pedestre,Outras,30 km/h,Dupla,Faixa contínua,,
2021-07-14,quarta-feira ,11:56:00,SEM VÍTIMA,CAMPO GRANDE,RUA,RUA NOGUEIRA LIMA,,,EM FRENTE A ESCOLA EMBAIXADOR GILBERTO AMADO,CAMPO GRANDE,,,,2,0,0,0,0,0,0,0,0,0,0,Longo da via,Bom,Não existe,Perfeito estado,Seca,Perfeito estado,Não existe,Não hA placas,,Dupla,Não existe,,
2021-07-14,quarta-feira ,15:43:00,COM VÍTIMA,TAMARINEIRA,AVENIDA,AVENIDA NORTE,,,APÓS O SESC DE CASA AMARELA,TAMARINEIRA,,CIDADE,ATROPELAMENTO DE PESSOA,0,1,0,0,1,0,0,0,0,1,0,Longo da via,Bom,Não existe,Perfeito estado,Seca,Perfeito estado,Não existe,Não hA placas,,Única,Faixa seccionada,,
2021-07-14,quarta-feira ,16:45:00,SEM VÍTIMA,CAMPO GRANDE,RUA,RUA MARQUES DE BAIPENDI,,,PROXIMO AO DEPOSITO DA COCA COLA,CAMPO GRANDE,,,COLISÃO LATERAL,3,0,0,0,0,0,0,0,0,0,0,,,,,,,,,,,,,