data,dia_semana,hora,natureza,bairro,logradouro_endereco,endereco,logradouro_detalhe_endereco,detalhe_endereco_acidente,complemento,bairro_cruzamento,num_semaforo,sentido_via,tipo,auto,moto,ciclom,ciclista,pedestre,onibus,caminhao,viatura,outros,vitimas,vitimasfatais,acidente_verificado,tempo_clima,situacao_semaforo,sinalizacao,condicao_via,conservacao_via,ponto_controle,situacao_placa,velocidade_max_via,mao_direcao,divisao_via1,divisao_via2,divisao_via3
2021-07-14,quarta-feira ,17:23:00,COM VÍTIMA,SAO JOSE,AVENIDA,AVENIDA SUL,,,NO SEMAFORO 260,SÃO JOSÉ,260,CIDADE,COLISÃO LATERAL,1,1,0,0,0,0,0,0,0,1,0,Cruzamento,Nublado,Sem defeito,Incompleta,Molhada,Perfeito estado,Faixa de pedestre,Não hA placas,,Única,Não existe,,
2021-07-14,quarta-feira ,20:12:00,COM VÍTIMA,MADALENA,AVENIDA,AVENIDA VISCONDE DE ALBUQUERQUE,,,E/F AO MADALENA CENTER,MADALENA,,CIDADE,COLISÃO TRASEIRA,3,0,0,0,0,1,0,0,0,1,0,Cruzamento,Bom,Não existe,Perfeito estado,Seca,Perfeito estado,Não existe,"Placas ""Pare""",,Única,Faixa seccionada,,
2021-07-15,quinta-feira ,08:09:00,COM VÍTIMA,DOIS IRMAOS,RUA,RUA MANUEL DE MEDEIROS,,,EM FRENTE A UNIVERSIDADE RURAL,DOIS IRMÃOS,224,,COLISÃO TRASEIRA,1,1,0,0,0,0,0,0,0,1,0,Longo da via,Bom,Sem defeito,Perfeito estado,Molhada,Mal conservada,Não existe,R-19,30 km/h,Dupla,Não existe,,
2021-07-15,quinta-feira ,10:48:00,COM VÍTIMA,BOA VIAGEM,AVENIDA,AVENIDA ENGENHEIRO DOMINGOS FERREIRA,,,TREED CENTER,BOA VIAGEM,,SUBURBIO,COLISÃO TRANSVERSAL,1,1,0,0,0,0,0,0,0,1,0,Longo da via,Bom,Não existe,Perfeito estado,Seca,Perfeito estado,Não existe,Não hA placas,60 km/h,Única,Canteiro central,,
2021-07-15,quinta-feira ,12:23:00,COM VÍTIMA,AFOGADOS,RUA,RUA NICOLAU PEREIRA,,,EM FRENTE AO ARMAZEM CORAL,AFOGADOS,242,SUBURBIO,COLISÃO TRASEIRA,1,2,0,0,0,0,0,0,0,1,0,Longo da via,Bom,Sem defeito,Perfeito estado,Seca,Perfeito estado,Não existe,,,,,,
2021-07-15,quinta-feira ,13:48:00,COM VÍTIMA,PINA,AVENIDA,AVENIDA ANTONIO DE GOES,,,EM FRENTE AO LUCILO AVILA,PINA,,,COLISÃO TRASEIRA,1,1,0,0,0,0,0,0,0,2,0,,,,,,,,,,,,,
2021-07-15,quinta-feira ,14:46:00,COM VÍTIMA,ESPINHEIRO,AVENIDA,AVENIDA GOVERNADOR AGAMENON MAGALHAES,,,EM FRENTE A MEDICAL / SENTIDO BOA VIAGEM,ESPINHEIRO,,BOA VIAGEM,COLISÃO TRASEIRA,1,1,0,0,0,0,0,0,0,1,0,Longo da via,Bom,Sem defeito,Perfeito estado,Seca,Perfeito estado,Não existe,Não hA placas,60 km/h,Dupla,Faixa seccionada,,
2021-07-15,quinta-feira ,16:34:00,COM VÍTIMA,CIDADE UNIVERSITARIA,AVENIDA,AVENIDA PROFESSOR LUIZ FREIRE,,,PRÓX AO IFPE,CIDADE UNIVERSITARIA,374,BR-101,QUEDA,0,1,0,0,0,0,0,0,0,1,0,Longo da via,Bom,Sem defeito,Incompleta,Seca,Mal conservada,,Não hA placas,30 km/h,Única,Faixa seccionada,,
2021-07-15,quinta-feira ,16:18:00,COM VÍTIMA,TORROES,AVENIDA,AVENIDA ENGENHEIRO ABDIAS DE CARVALHO,RUA,RUA QUINZE DE MARCO,NO SEMAFORO 422 PROX A CHESF  S/T BR,TORRÕES,422,SUBURBIO,COLISÃO LATERAL,1,1,0,0,0,0,0,0,0,1,0,Cruzamento,Bom,Sem defeito,Perfeito estado,Seca,,Faixa de pedestre,Não hA placas,60 km/h,Única,Canteiro central,,
2021-07-15,quinta-feira ,16:27:00,COM VÍTIMA,ENCRUZILHADA,AVENIDA,AVENIDA BEBERIBE,,,E/F AO BANCO DO BRASIL S/T  SUB,ENCRUZILHADA,,SUBURBIO,COLISÃO FRONTAL,1,1,0,0,0,0,0,0,0,1,0,Longo da via,Bom,,Perfeito estado,Seca,Perfeito estado,Não existe,R-6a,60 km/h,Dupla,Faixa contínua,,
2021-07-15,quinta-feira ,21:04:40,SEM VÍTIMA,SANTO AMARO,AVENIDA,AVENIDA GOVERNADOR AGAMENON MAGALHAES,,,AO LADO DO MINISTÉRIO PÚBLICO FEDERAL,SANTO AMARO,,CIDADE,COLISÃO TRASEIRA,1,0,0,0,0,0,0,1,0,0,0,Longo da via,Bom,Não existe,Não existente,Seca,Perfeito estado,Não existe,Não hA placas,,Dupla,,,
2021-07-16,sexta-feira ,04:18:00,SEM VÍTIMA,ARRUDA,AVENIDA,AVENIDA PROFESSOR JOSE DOS ANJOS,,,APÓS A VIA SUL,ARRUDA,,,CHOQUE,1,0,0,0,0,1,0,0,0,0,0,,,,,,,,,,,,,
2021-07-16,sexta-feira ,09:52:00,COM VÍTIMA,BOA VIAGEM,RUA,RUA ERNESTO DE PAULA SANTOS,RUA,RUA AGENOR LOPES,APOS A FARMACIA PAGUE MENOS,BOA VIAGEM,,,COLISÃO LATERAL,1,1,0,0,0,0,0,0,0,1,0,Cruzamento,Chuvoso,Não existe,Perfeito estado,Molhada,Perfeito estado,Faixa de pedestre,Não hA placas,,Única,Faixa seccionada,,
2021-07-16,sexta-feira ,11:47:00,COM VÍTIMA,SAO JOSE,AVENIDA,AVENIDA SUL,,,AO LADO DO POSTO BR. PRAÇA SÉRGIO LORETO.,SÃO JOSÉ,311,CIDADE,COLISÃO TRASEIRA,1,1,0,0,0,0,0,0,0,1,0,Longo da via,Chuvoso,Sem defeito,Perfeito estado,Molhada,Perfeito estado,Faixa de retenção,Outras,,Dupla,Canteiro central,,
2021-07-16,sexta-feira ,16:32:00,COM VÍTIMA,BOA VIAGEM,RUA,RUA ERNESTO DE PAULA SANTOS,RUA,RUA CORONEL ANIZIO RODRIGUES COELHO,PROX A PALADARIA  E DELICATESSEN,BOA VIAGEM,,CIDADE,COLISÃO LATERAL,2,0,0,0,0,0,0,0,0,1,0,Cruzamento,Bom,Não existe,Perfeito estado,Molhada,Perfeito estado,Não existe,Não hA placas,,Única,Não existe,,
2021-07-16,sexta-feira ,20:40:00,COM VÍTIMA,BOA VIAGEM,AVENIDA,AVENIDA CONSELHEIRO AGUIAR,,,E/F AO HOSPITAL VERETINARIO ARMONIA,BOA VIAGEM,,SUBURBIO,COLISÃO TRASEIRA,1,1,0,0,0,0,0,0,0,1,0,Longo da via,Bom,Não existe,Perfeito estado,Seca,Perfeito estado,Não existe,R-6a,,Única,Canteiro central,,
2021-07-17,sábado ,10:12:00,COM VÍTIMA,TORRE,RUA,RUA PADRE LANDIM,RUA,RUA CONDE DE IRAJA,APOS A PADARIA DO IRAJA,TORRE,,,COLISÃO TRANSVERSAL,1,1,0,0,0,0,0,0,0,1,0,,,,,,,,,,,,,
2021-07-17,sábado ,14:11:00,COM VÍTIMA,ROSARINHO,RUA,RUA DR JOSE MARIA,,,PROX AO TAMARIDU´S FESTAS S/T SUB,ROSARINHO,,,COLISÃO LATERAL,1,1,0,0,0,0,0,0,0,1,0,,,,,,,,,,,,,
2021-07-17,sábado ,19:31:00,COM VÍTIMA,BOA VIAGEM,AVENIDA,AVENIDA BOA VIAGEM,,,PROX AO EDFC PLAZA DEL MAR,BOA VIAGEM,117,CIDADE,ATROPELAMENTO DE PESSOA,0,1,0,0,1,0,0,0,0,1,0,Longo da via,Bom,Sem defeito,Perfeito estado,Seca,Perfeito estado,Faixa de pedestre,Não hA placas,60 km/h,Única,Faixa contínua,,
2021-07-17,sábado ,19:36:00,COM VÍTIMA,BOA VIAGEM,RUA,RUA VISCONDE DE JEQUITINHONHA,,,LADO OPOSTO A CHURRASCARIA PONTEIO,BOA VIAGEM,,SUBURBIO,ATROPELAMENTO DE PESSOA,1,0,0,0,1,0,0,0,0,1,0,Longo da via,Bom,Não existe,Não existente,Seca,Perfeito estado,Não existe,Não hA placas,,Única,Faixa seccionada,,
2021-07-17,sábado ,20:39:40,COM VÍTIMA,CORDEIRO,AVENIDA,AVENIDA GENERAL SAN MARTIN,RUA,RUA GOMES TABORDA,E/F A DROGASIL,CORDEIRO,67,SUBURBIO,COLISÃO TRANSVERSAL,1,1,0,0,0,0,0,0,0,1,0,Cruzamento,Chuvoso,Sem defeito,Não existente,Molhada,Perfeito estado,Faixa de pedestre,Outras,,Dupla,Faixa contínua,,Não existe
2021-07-17,sábado ,22:21:40,COM VÍTIMA,BOA VIAGEM,AVENIDA,AVENIDA BOA VIAGEM,,,E/F AO EDFC  CASA ALTA,BOA VIAGEM,117,,COLISÃO TRASEIRA,1,1,0,0,0,0,0,0,0,1,0,,,,,,,,,,,,,
2021-07-18,domingo ,02:18:00,SEM VÍTIMA,IMBIRIBEIRA,AVENIDA,AVENIDA MARECHAL MASCARENHAS DE MORAES,,,PROXIMO AO AO ATACADO DOS PRESENTES,IMBIRIBEIRA,,CIDADE,COLISÃO TRASEIRA,2,0,0,0,0,0,0,0,0,0,0,,,,,,,,,,,,,
2021-07-18,domingo ,07:40:00,COM VÍTIMA,SANTO AMARO,AVENIDA,AVENIDA DR JAYME DA FONTE,AVENIDA,AVENIDA CRUZ CABUGA,SEMAFORO 373,SANTO AMARO,373,SUBURBIO,COLISÃO LATERAL,2,0,0,0,0,0,0,0,0,3,0,Cruzamento,Bom,Sem defeito,Perfeito estado,Seca,Perfeito estado,Faixa de pedestre,Outras,,Dupla,Canteiro central,,
2021-07-18,domingo ,09:13:00,COM VÍTIMA,MADALENA,AVENIDA,AVENIDA ENGENHEIRO ABDIAS DE CARVALHO,,,E/F A MC DONALD'S,MADALENA,,SUBURBIO,COLISÃO TRASEIRA,1,1,0,0,0,0,0,0,0,1,0,,,,,,,,,,,,,
2021-07-19,segunda-feira ,07:36:00,COM VÍTIMA,ILHA JOANA BEZERRA,VIADUTO,VIADUTO CAPITAO TEMUDO,,,,ILHA JOANA BEZERRA,,CIDADE,QUEDA,0,1,0,0,0,0,0,0,0,1,0,Viaduto,Chuvoso,Não existe,Perfeito estado,Molhada,Perfeito estado,Agente,"Placas ""Dê a preferência""",,Dupla,Canteiro central,,
2021-07-19,segunda-feira ,08:17:00,SEM VÍTIMA,VASCO DA GAMA,RUA,RUA ALTO DO EUCALIPTO,,,,VASCO DA GAMA,,,,2,0,0,0,0,0,0,0,1,0,0,Longo da via,Chuvoso,Não existe,,Molhada,Perfeito estado,Não existe,Não hA placas,30 km/h,Dupla,Não existe,,
2021-07-19,segunda-feira ,08:35:00,COM VÍTIMA,ARRUDA,AVENIDA,AVENIDA BEBERIBE,,,ESTADIO DO SANTA CRUZ,ARRUDA,,CIDADE,COLISÃO TRASEIRA,1,1,0,0,0,0,0,0,0,1,0,Longo da via,Chuvoso,,Perfeito estado,Molhada,Perfeito estado,Faixa de pedestre,Outras,60 km/h,Dupla,Faixa contínua,,
2021-07-19,segunda-feira ,10:00:00,SEM VÍTIMA,BOA VISTA,AVENIDA,AVENIDA GOVERNADOR AGAMENON MAGALHAES,,,E/F AO COLÉGIO AMERICANO BATISTA,BOA VISTA,174,SUBURBIO,COLISÃO TRASEIRA,2,0,0,0,0,0,0,0,0,0,0,Longo da via,Chuvoso,Sem defeito,Perfeito estado,Molhada,Perfeito estado,Faixa de pedestre,Outras,60 km/h,Dupla,Canteiro central,,
2021-07-19,segunda-feira ,11:48:00,COM VÍTIMA,AFOGADOS,RUA,RUA SAO MIGUEL,RUA,RUA GENERAL CARLOS LIRA,EM FRENTE AO POSTO DE COMBUSTIVEL DISLUB,AFOGADOS,,SUBURBIO,COLISÃO LATERAL,1,1,0,0,0,0,0,0,0,1,0,Longo da via,Chuvoso,Não existe,Perfeito estado,Molhada,Perfeito estado,Faixa de pedestre,Não hA placas,60 km/h,Dupla,Faixa contínua,,
2021-07-20,terça-feira ,10:15:00,COM VÍTIMA,BOA VIAGEM,RUA,RUA SA E SOUZA,RUA,RUA BARAO DE SOUZA LEAO,E/F AO COLÉGIO SANTOS DUMONT,BOA VIAGEM,159,SUBURBIO,ATROPELAMENTO DE PESSOA,0,0,0,0,1,0,0,0,0,1,0,Cruzamento,Bom,Sem defeito,Perfeito estado,Seca,Perfeito estado,Faixa de pedestre,Outras,60 km/h,Única,Faixa contínua,,
2021-07-20,terça-feira ,15:57:00,COM VÍTIMA,CORDEIRO,RUA,RUA SOUZA BANDEIRA,AVENIDA,AVENIDA CAXANGA,LIVRARIA E PAPELARIA CAXANGA,CORDEIRO,236,,COLISÃO LATERAL,1,1,0,0,0,0,0,0,0,1,0,Longo da via,Bom,Sem defeito,Perfeito estado,Seca,Perfeito estado,Faixa de pedestre,Não hA placas,,Única,Faixa seccionada,,
2021-07-20,terça-feira ,17:04:00,COM VÍTIMA,IMBIRIBEIRA,RUA,RUA SUELI LUNA MENELAU,AVENIDA,AVENIDA MARECHAL MASCARENHAS DE MORAES,EM FRENTE A OFICINA ELICAR,IMBIRIBEIRA,,CIDADE,COLISÃO LATERAL,1,1,0,0,0,0,0,0,0,1,0,Cruzamento,Bom,Não existe,Não existente,Seca,Perfeito estado,Não existe,"Placas ""Dê a preferência""",,Única,Não existe,,
2021-07-20,terça-feira ,19:14:00,COM VÍTIMA,BOA VIAGEM,RUA,RUA CAMBOIM,,,PRÓX AO TERMINAL DE SETUBAL,BOA VIAGEM,,DUPLO,COLISÃO TRASEIRA,1,1,0,0,0,0,0,0,0,1,0,Cruzamento,Bom,Não existe,Perfeito estado,Seca,Perfeito estado,Faixa de retenção,R-6a,,Dupla,Não existe,,
2021-07-20,terça-feira ,19:30:00,COM VÍTIMA,ENCRUZILHADA,AVENIDA,AVENIDA NORTE,AVENIDA,AVENIDA JOAO DE BARROS,LADO OPOSTO AO BANCO SANTANDER,ENCRUZILHADA,,SUBURBIO,COLISÃO COM CICLISTA,1,0,0,1,0,0,0,0,0,1,0,Longo da via,Bom,Sem defeito,Perfeito estado,Seca,Mal iluminada,Faixa de pedestre,Outras,60 km/h,Dupla,,,
2021-07-20,terça-feira ,20:58:40,COM VÍTIMA,TORRE,RUA,RUA JOSE BONIFACIO,,,PRÓX AO CARLITOS BURGUER E PADARIA NOVA ARMADA,TORRE,,SUBURBIO,COLISÃO LATERAL,0,2,0,0,0,0,0,0,0,1,0,Longo da via,Bom,Não existe,Perfeito estado,Seca,Perfeito estado,Não existe,Não hA placas,60 km/h,Única,Faixa seccionada,,
2021-07-21,quarta-feira ,06:32:00,COM VÍTIMA,ENCRUZILHADA,AVENIDA,AVENIDA NORTE,,,,ENCRUZILHADA,,CIDADE,QUEDA,0,1,0,0,0,0,0,0,0,1,0,Longo da via,Chuvoso,Não existe,,Molhada,,Não existe,R-6a,,Dupla,Canteiro central,,
2021-07-21,quarta-feira ,10:04:00,COM VÍTIMA,PINA,AVENIDA,AVENIDA BOA VIAGEM,,,EM FRENTE AO CONJUNTO BELMAR,PINA,,SUBURBIO,COLISÃO LATERAL,1,1,0,0,0,0,0,0,0,1,0,Longo da via,Chuvoso,Não existe,Perfeito estado,Molhada,Perfeito estado,Não existe,Não hA placas,60 km/h,Única,Faixa seccionada,,
2021-07-21,quarta-feira ,10:15:00,COM VÍTIMA,CASA FORTE,AVENIDA,AVENIDA DEZESSETE DE AGOSTO,,,EM FRENTE AO COLEGIO MOTIVO,CASA FORTE,410,SUBURBIO,COLISÃO LATERAL,1,1,0,0,0,0,0,0,0,1,0,Longo da via,Bom,Sem defeito,Perfeito estado,Molhada,Perfeito estado,Não existe,Outras,,Dupla,Faixa contínua,,
2021-07-21,quarta-feira ,11:35:00,COM VÍTIMA,CASA FORTE,RUA,RUA LEONARDO BEZERRA CAVALCANTE,,,EM FRENTE AO BIG BOMPREÇO,CASA FORTE,,SUBURBIO,COLISÃO TRANSVERSAL,1,1,0,0,0,0,0,0,0,1,0,Longo da via,Chuvoso,Não existe,Perfeito estado,Seca,Perfeito estado,Não existe,Outras,,Única,Faixa seccionada,,
2021-07-21,quarta-feira ,15:48:00,COM VÍTIMA,IPSEP,RUA,RUA HELIO BRANDAO,RUA,RUA ADERBAL DE MELO,,IPSEP,,,COLISÃO LATERAL,0,1,0,0,0,0,1,0,0,1,0,Cruzamento,Bom,Não existe,Perfeito estado,Seca,Perfeito estado,Outros,"Placas ""Pare""",,Única,,Faixa seccionada,
2021-07-21,quarta-feira ,16:33:00,COM VÍTIMA,SAN MARTIN,RUA,RUA MINEIROLANDIA,RUA,RUA CATURITE,,SAN MARTIN,,SUBURBIO,COLISÃO LATERAL,1,0,0,0,0,0,0,1,0,1,0,Cruzamento,Bom,Não existe,Perfeito estado,Seca,Perfeito estado,Não existe,Não hA placas,40 km/h,Dupla,Não existe,,
2021-07-22,quinta-feira ,08:16:00,COM VÍTIMA,CASA FORTE,RUA,RUA DO MARQUES,AVENIDA,AVENIDA FLOR DE SANTANA,PROX. A BURGUER KING,CASA FORTE,,CIDADE,QUEDA,0,1,0,0,0,0,0,0,0,1,0,Cruzamento,Bom,Não existe,Incompleta,Seca,Mal iluminada,Não existe,"Placas ""Pare""",,Dupla,Não existe,,
2021-07-22,quinta-feira ,10:53:00,COM VÍTIMA,ESTANCIA,AVENIDA,AVENIDA ESTANCIA,RUA,RUA MORAIS E SILVA,PROX A ESTAÇAO  SANTA LUZIA,ESTÂNCIA,,,COLISÃO LATERAL,2,0,0,0,0,0,0,0,0,1,0,,,,,,,,,,,,,
2021-07-22,quinta-feira ,11:14:00,COM VÍTIMA,APIPUCOS,RUA,RUA DE APIPUCOS,,,E/F AO EDF. PAINEIRAS,APIPUCOS,,,COLISÃO FRONTAL,1,1,0,0,0,0,0,0,0,1,0,,,,,,,,,,,,,
2021-07-22,quinta-feira ,11:22:00,COM VÍTIMA,CAXANGA,AVENIDA,AVENIDA DOUTOR BELMINO CORREIA,,,"EM FRENTE A ESTAÇÃO BARREIRA, SENTIDO CAMARAGIBE",CAXANGA,,,COLISÃO TRANSVERSAL,1,1,0,0,0,0,0,0,0,1,0,,,,,,,,,,,,,
2021-07-22,quinta-feira ,14:05:00,COM VÍTIMA,CAXANGA,RUA,RUA RIBEIRO PESSOA,,,APOS A UPA DA CAXANGA SENTIDO DOIS IRMAOS,CAXANGA,,CIDADE,COLISÃO LATERAL,0,1,0,0,0,0,1,0,0,1,0,Cruzamento,Bom,Não existe,Perfeito estado,Seca,Perfeito estado,Não existe,Outras,40 km/h,Dupla,Faixa seccionada,,
2021-07-22,quinta-feira ,14:25:00,COM VÍTIMA,BOA VIAGEM,RUA,RUA SA E SOUZA,,,EDIFICIO BARRAMARES,BOA VIAGEM,,CIDADE,COLISÃO LATERAL,1,0,0,0,0,0,1,0,0,1,0,Longo da via,Bom,Não existe,Perfeito estado,Seca,Perfeito estado,Não existe,Outras,40 km/h,Dupla,Faixa seccionada,,
2021-07-22,quinta-feira ,14:31:00,COM VÍTIMA,BOA VISTA,AVENIDA,AVENIDA CRUZ CABUGA,,,EM FRENTE A SERES,BOA VISTA,,,ATROPELAMENTO DE PESSOA,0,1,0,0,1,0,0,0,0,3,0,Longo da via,Bom,Não existe,Ilegível,Seca,Perfeito estado,Não existe,R-6a,,Dupla,Blocos,,
2021-07-22,quinta-feira ,15:57:00,COM VÍTIMA,ESTANCIA,AVENIDA,AVENIDA RECIFE,,,EM FRENTE AO ATACADÃO,ESTÂNCIA,461,AEROPORTO,COLISÃO TRASEIRA,1,0,0,0,0,0,1,0,0,1,0,Longo da via,Bom,Sem defeito,Perfeito estado,Seca,Perfeito estado,Faixa de pedestre,Não hA placas,60 km/h,Dupla,Canteiro central,,
2021-07-22,quinta-feira ,17:21:00,COM VÍTIMA,CASA AMARELA,AVENIDA,AVENIDA NORTE,RUA,RUA DA HARMONIA,AO LADO DO BANCO DO BRADESCO,CASA AMARELA,312,SUBURBIO,COLISÃO FRONTAL,1,1,0,0,0,0,0,0,0,1,0,Cruzamento,Bom,Sem defeito,Não existente,Seca,Perfeito estado,Não existe,R-26,50 km/h,Única,Canteiro central,,
2021-07-22,quinta-feira ,17:42:00,SEM VÍTIMA,NOVA DESCOBERTA,RUA,RUA NOVA DESCOBERTA,,,EM FRENTE A ALB RAÇOES,NOVA DESCOBERTA,,SUBURBIO,COLISÃO TRANSVERSAL,0,0,0,0,0,1,0,1,0,0,0,Longo da via,Bom,Não existe,Perfeito estado,Seca,Perfeito estado,Outros,Outras,40 km/h,Dupla,Faixa seccionada,,
2021-07-23,sexta-feira ,00:27:00,SEM VÍTIMA,IBURA,AVENIDA,AVENIDA DOIS RIOS,,,PRÓXIMO A POLICLINICA ARNALDO MARQUES,IBURA,,,COLISÃO TRANSVERSAL,1,0,0,0,0,0,1,0,0,0,0,Cruzamento,Chuvoso,Não existe,Perfeito estado,Molhada,Perfeito estado,,Não hA placas,40 km/h,Dupla,Não existe,,
2021-07-23,sexta-feira ,11:40:00,SEM VÍTIMA,AREIAS,AVENIDA,AVENIDA RECIFE,RUA,RUA MAESTRO ALCIDES LEAO,EM FRENTE AO HOTEL ESTORIL,AREIAS,,CIDADE,COLISÃO TRASEIRA,2,0,0,0,0,0,0,0,0,0,0,Longo da via,Bom,Sem defeito,Perfeito estado,Seca,Perfeito estado,Não existe,Não hA placas,60 km/h,Dupla,Canteiro central,,
2021-07-23,sexta-feira ,16:42:00,SEM VÍTIMA,MADALENA,AVENIDA,AVENIDA VISCONDE DE ALBUQUERQUE,RUA,RUA JOSE OSORIO,AO LADO DA EXTRAFARMA,MADALENA,50,SUBURBIO,COLISÃO TRANSVERSAL,1,0,0,0,0,0,0,1,0,0,0,Cruzamento,Chuvoso,Sem defeito,Perfeito estado,Molhada,Perfeito estado,Não existe,,30 km/h,Única,Faixa seccionada,,
2021-07-23,sexta-feira ,16:53:00,COM VÍTIMA,CAMPO GRANDE,RUA,RUA MARQUES DE BAIPENDI,,,AO LADO DO MERCADINHO N.S. DA CONCEIÇÃO,CAMPO GRANDE,,,COLISÃO FRONTAL,0,1,0,0,0,1,0,0,0,1,0,Longo da via,Bom,Não existe,Não existente,Seca,Perfeito estado,Não existe,Não hA placas,,Dupla,Faixa seccionada,,
2021-07-23,sexta-feira ,17:00:00,COM VÍTIMA,CASA AMARELA,AVENIDA,AVENIDA NORTE,,,RESTAURANTE REI DA PICANHA,CASA AMARELA,,SUBURBIO,CHOQUE,0,1,0,0,0,0,0,0,0,1,0,Longo da via,Bom,Não existe,Perfeito estado,Seca,Perfeito estado,Não existe,Outras,60 km/h,Dupla,Canteiro central,,
2021-07-23,sexta-feira ,18:07:00,COM VÍTIMA,ALTO JOSE BONIFACIO,RUA,RUA ALTO JOSE BONIFACIO,,,NA SUBIDA DA LADEIRA / PRÓX  A BARBEARIA DOS REIS E PRAÇA DA BANDEIRA,ALTO JOSÉ BONIFACIO,,,COLISÃO LATERAL,2,0,0,0,0,0,0,0,0,1,0,,,,,,,,,,,,,
2021-07-23,sexta-feira ,18:17:00,COM VÍTIMA,PARNAMIRIM,AVENIDA,AVENIDA PARNAMIRIM,,,PROX AO PARNAMARIM CENTER,PARNAMIRIM,,,COLISÃO LATERAL,1,1,0,0,0,0,0,0,0,1,0,,,,,,,,,,,,,
2021-07-23,sexta-feira ,18:29:00,COM VÍTIMA,SANTO AMARO,AVENIDA,AVENIDA CRUZ CABUGA,RUA,RUA CAPITAO LIMA,PRÓX. A CTTU,SANTO AMARO,,CIDADE,COLISÃO LATERAL,1,1,0,0,0,0,0,0,0,1,0,Longo da via,Bom,Não existe,Perfeito estado,,,Não existe,"Placas ""Pare""",40 km/h,Dupla,Faixa contínua,,
2021-07-23,sexta-feira ,20:26:00,COM VÍTIMA,IPUTINGA,AVENIDA,AVENIDA CAXANGA,,,EM FRENTE A FARMACIA EXTRAFARMA,IPUTINGA,,SUBURBIO,COLISÃO LATERAL,2,0,0,0,0,0,0,0,0,1,0,Longo da via,Bom,Não existe,Perfeito estado,Seca,Perfeito estado,Não existe,R-6a,,Dupla,Canteiro central,,
2021-07-24,sábado ,05:40:00,VÍTIMA FATAL,IBURA,AVENIDA,AVENIDA DOZE DE JUNHO,,,EM FRENTE AO IMÓVEL N E 1450,IBURA,,CIDADE,CHOQUE,0,1,0,0,0,0,0,0,0,1,1,Longo da via,Bom,Não existe,Não existente,Seca,Perfeito estado,Não existe,Não hA placas,30 km/h,Dupla,Não existe,,
2021-07-24,sábado ,10:54:00,COM VÍTIMA,SAO JOSE,PRC,PRC DAS CINCO PONTAS,,,E/F AO TRE,SÃO JOSÉ,,AV SUL,COLISÃO FRONTAL,1,1,0,0,0,0,0,0,0,1,0,Cruzamento,Bom,Sem defeito,Perfeito estado,Seca,Perfeito estado,Outros,Outras,,,Faixa seccionada,Canteiro central,
2021-07-24,sábado ,11:31:00,SEM VÍTIMA,TAMARINEIRA,RUA,RUA CONEGO BARATA,,,OPOSTO A FERREIRA COSTA HOME CENTER,TAMARINEIRA,347,CIDADE,,1,0,0,0,0,0,0,1,0,0,0,Longo da via,Bom,Sem defeito,Perfeito estado,Seca,Perfeito estado,Faixa de pedestre,Outras,50 km/h,Dupla,Faixa seccionada,Canteiro central,
2021-07-24,sábado ,13:14:00,COM VÍTIMA,SANTO AMARO,AVENIDA,AVENIDA GOVERNADOR AGAMENON MAGALHAES,,,NA REITORIA DA UPE,SANTO AMARO,108,CIDADE,COLISÃO LATERAL,1,1,0,0,0,0,0,0,0,1,0,Ponte,Bom,Não existe,Perfeito estado,Seca,Perfeito estado,Não existe,Não hA placas,,Única,Canteiro central,,
2021-07-24,sábado ,21:31:40,COM VÍTIMA,TOTO,AVENIDA,AVENIDA LIBERDADE,,,E/F A CASA DO BREGA,TOTÓ,,,ATROPELAMENTO DE PESSOA,1,0,0,0,1,0,0,0,0,1,0,,,,,,,,,,,,,
2021-07-25,domingo ,06:41:00,SEM VÍTIMA,SANTO ANTONIO,AVENIDA,AVENIDA DANTAS BARRETO,RUA,RUA SIQUEIRA CAMPOS,SOB O SEMAFORO 141,SANTO ANTÔNIO,141,CIDADE,COLISÃO TRANSVERSAL,1,0,0,0,0,1,0,0,0,0,0,Cruzamento,Bom,Intermitente,Perfeito estado,Seca,Perfeito estado,Faixa de pedestre,Não hA placas,,,Canteiro central,,
2021-07-25,domingo ,08:21:00,COM VÍTIMA,DOIS UNIDOS,AVENIDA,AVENIDA HILDEBRANDO DE VASCONCELOS,,,COMPESA,DOIS UNIDOS,512,SUBURBIO,COLISÃO FRONTAL,0,2,0,0,0,0,0,0,0,2,0,Longo da via,Bom,,Perfeito estado,Molhada,Perfeito estado,Não existe,Não hA placas,40 km/h,Dupla,Faixa seccionada,,
2021-07-25,domingo ,17:58:00,COM VÍTIMA,AFOGADOS,RUA,RUA NICOLAU PEREIRA,RUA,RUA NICOLAU PEREIRA,E/F A POLICLINICA DE AFOGADOS,AFOGADOS,,,QUEDA,0,1,0,0,0,0,0,0,0,1,0,Longo da via,Chuvoso,Não existe,Perfeito estado,Molhada,Perfeito estado,Não existe,Não hA placas,40 km/h,Única,Faixa seccionada,,
2021-07-25,domingo ,19:29:00,SEM VÍTIMA,PINA,AVENIDA,AVENIDA ENGENHEIRO DOMINGOS FERREIRA,,,E/F AO MUNDO PET / PRÓX AO HOTEL IBIS,PINA,,,COLISÃO LATERAL,2,0,0,0,0,0,0,0,0,0,0,,,,,,,,,,,,,