data,dia_semana,hora,natureza,bairro,logradouro_endereco,endereco,logradouro_detalhe_endereco,detalhe_endereco_acidente,complemento,bairro_cruzamento,num_semaforo,sentido_via,tipo,auto,moto,ciclom,ciclista,pedestre,onibus,caminhao,viatura,outros,vitimas,vitimasfatais,acidente_verificado,tempo_clima,situacao_semaforo,sinalizacao,condicao_via,conservacao_via,ponto_controle,situacao_placa,velocidade_max_via,mao_direcao,divisao_via1,divisao_via2,divisao_via3
2021-07-25,domingo ,20:55:40,COM VÍTIMA,NOVA DESCOBERTA,AVENIDA,AVENIDA VEREADOR OTACILIO AZEVEDO,,,E/F AO ANTIGO CLUBE DA FAZENDA / PRÓX A UPA,NOVA DESCOBERTA,,SUBURBIO,COLISÃO TRASEIRA,0,2,0,0,0,0,0,0,0,1,0,Longo da via,Chuvoso,Não existe,Ilegível,Molhada,Perfeito estado,Não existe,Não hA placas,,Dupla,Faixa seccionada,,
2021-07-26,segunda-feira ,08:29:00,COM VÍTIMA,CORDEIRO,AVENIDA,AVENIDA PROFESSOR ESTEVAO FRANCISCO DA COSTA,,,AO LADO 412,CORDEIRO,280,,COLISÃO LATERAL,1,1,0,0,0,0,0,0,0,1,0,Cruzamento,Bom,Sem defeito,Perfeito estado,Seca,Perfeito estado,Faixa de pedestre,Não hA placas,,Dupla,Canteiro central,,
2021-07-26,segunda-feira ,10:42:00,COM VÍTIMA,ENCRUZILHADA,AVENIDA,AVENIDA BEBERIBE,,,"AO LADO DA DISNOVE, EM FRENTE AO ARMAZEM MADCUNHA",ENCRUZILHADA,,SUBURBIO,COLISÃO FRONTAL,1,2,0,0,0,0,0,0,0,1,0,Longo da via,Bom,Não existe,Perfeito estado,Seca,Perfeito estado,Não existe,Outras,,Dupla,Faixa contínua,,
2021-07-26,segunda-feira ,14:52:00,COM VÍTIMA,SANTO AMARO,AVENIDA,AVENIDA GOVERNADOR AGAMENON MAGALHAES,,,UPINHA,SANTO AMARO,,CIDADE,CHOQUE,1,0,0,0,0,0,0,0,0,3,0,Longo da via,Bom,Não existe,Perfeito estado,Seca,Perfeito estado,Outros,Outras,,Dupla,Faixa contínua,,
2021-07-26,segunda-feira ,16:22:00,SEM VÍTIMA,IMBIRIBEIRA,AVENIDA,AVENIDA MARECHAL MASCARENHAS DE MORAES,,,EM FRENTE AO POSTO PETROBRAS,IMBIRIBEIRA,,SUBURBIO,,1,0,0,0,0,0,0,1,0,0,0,Longo da via,Bom,Sem defeito,Perfeito estado,Seca,Perfeito estado,Não existe,Outras,60 km/h,Única,Faixa seccionada,,
2021-07-26,segunda-feira ,20:46:00,COM VÍTIMA,CAXANGA,AVENIDA,AVENIDA CAXANGA,RUA,RUA SAO MATEUS,SEMAFORO 229,CAXANGA,229,SUBURBIO,COLISÃO FRONTAL,1,1,0,0,0,0,0,0,0,1,0,Cruzamento,Chuvoso,Sem defeito,Perfeito estado,Molhada,Perfeito estado,Faixa de pedestre,Não hA placas,,Dupla,Faixa contínua,Canteiro central,
2021-07-26,segunda-feira ,20:53:40,COM VÍTIMA,PORTO DA MADEIRA,RUA,RUA DALVA DE OLIVEIRA,RUA,RUA NOVA ESPERANCA,RUA VILA  ESPERANÇA/ E/F A IGREJA BATISTA DO VALE,PORTO DA MADEIRA,,SUBURBIO,COLISÃO LATERAL,1,1,0,0,0,0,0,0,0,1,0,Cruzamento,Bom,Não existe,Perfeito estado,Molhada,Perfeito estado,Faixa de pedestre,"Placas ""Pare""",,Dupla,Faixa seccionada,,
2021-07-27,terça-feira ,12:24:00,SEM VÍTIMA,SANTO AMARO,RUA,RUA DOS PALMARES,,,E/F A EMERGENCIA DO PROCAP,SANTO AMARO,,,COLISÃO LATERAL,1,0,0,0,0,0,0,1,0,0,0,,,,,,,,,,,,,
2021-07-27,terça-feira ,12:24:00,COM VÍTIMA,SANTO AMARO,AVENIDA,AVENIDA VISCONDE DE SUASSUNA,,,LADO OPOSTO A AUDIOCLÍNICA,SANTO AMARO,,SUBURBIO,COLISÃO LATERAL,1,0,0,0,0,0,0,0,1,1,0,Longo da via,Bom,Não existe,Perfeito estado,Seca,Perfeito estado,Não existe,R-6a,40 km/h,Única,Faixa seccionada,,
2021-07-26,segunda-feira ,09:25:00,COM VÍTIMA,BOA VISTA,AVENIDA,AVENIDA GOVERNADOR AGAMENON MAGALHAES,,,PISTA CENTRAL EM FRENTE À FARMACIA DROGASIL,BOA VISTA,,BOA VIAGEM,COLISÃO TRASEIRA,1,2,0,0,0,0,0,0,0,2,0,Longo da via,Bom,Não existe,Perfeito estado,Seca,Perfeito estado,Outros,Outras,60 km/h,Dupla,Canteiro central,,
2021-07-27,terça-feira ,15:03:00,COM VÍTIMA,BREJO DE BEBERIBE,AVENIDA,AVENIDA VEREADOR OTACILIO AZEVEDO,RUA,RUA PINDAI,E/F AO COLEGIO ROTARY DE NOVA DESCOBERTA,BREJO DE BEBERIBE,,,COLISÃO LATERAL,1,1,0,0,0,0,0,0,0,1,0,Esquina,Bom,Não existe,Ilegível,Seca,Perfeito estado,Não existe,R-6a,,Dupla,Não existe,,
2021-07-27,terça-feira ,16:29:00,COM VÍTIMA,AFLITOS,AVENIDA,AVENIDA NORTE,RUA,RUA GUIMARAES PEIXOTO,EM FRENTE À LOJA RAINHA REVESTE,AFLITOS,96,,COLISÃO LATERAL,1,1,0,0,0,0,0,0,0,1,0,Cruzamento,Bom,Sem defeito,Perfeito estado,Seca,Perfeito estado,Agente,Outras,,Dupla,Canteiro central,,
2021-07-27,terça-feira ,16:53:00,SEM VÍTIMA,BOA VIAGEM,RUA,RUA BARAO DE SOUZA LEAO,RUA,RUA PADRE LUIZ MARQUES TEIXEIRA,,BOA VIAGEM,,,,1,0,0,0,0,0,0,1,0,0,0,Cruzamento,Bom,Não existe,Perfeito estado,Seca,Perfeito estado,Faixa de pedestre,Não hA placas,,Única,Faixa seccionada,,
2021-07-28,quarta-feira ,09:47:00,COM VÍTIMA,CASA FORTE,AVENIDA,AVENIDA DEZESSETE DE AGOSTO,,,EM FRENTE A CONFEITARIA CASA FORTE,CASA FORTE,,SUBURBIO,COLISÃO LATERAL,2,2,0,0,0,0,0,0,0,1,0,Longo da via,Bom,Sem defeito,Perfeito estado,Seca,Perfeito estado,Faixa de pedestre,R-6a,,Dupla,Faixa contínua,Faixa seccionada,
2021-07-28,quarta-feira ,10:03:00,COM VÍTIMA,CASA AMARELA,AVENIDA,AVENIDA NORTE,,,AO LADO DO CONSULTÓRIOS ODONTO- MÉDICOS COSTA SILVA,CASA AMARELA,43,CIDADE,ATROPELAMENTO DE PESSOA,0,1,0,0,1,0,0,0,0,1,0,Longo da via,Bom,Sem defeito,Perfeito estado,Seca,Perfeito estado,Faixa de pedestre,Outras,60 km/h,Dupla,Faixa seccionada,,
2021-07-28,quarta-feira ,11:26:00,COM VÍTIMA,PARNAMIRIM,AVENIDA,AVENIDA FLOR DE SANTANA,,,EM FRENTE AO EDF JOSUE PAIVA,PARNAMIRIM,,,COLISÃO TRASEIRA,1,1,0,0,0,0,0,0,0,1,0,,,,,,,,,,,,,
2021-07-28,quarta-feira ,15:36:00,COM VÍTIMA,BOA VIAGEM,RUA,RUA JOAO CARDOSO AIRES,RUA,RUA CAMBOIM,EM FRENTE AO RESTAURANTE DO BAMBAM,BOA VIAGEM,,SUBURBIO,COLISÃO FRONTAL,1,1,0,0,0,0,0,0,0,1,0,Cruzamento,Bom,Não existe,Perfeito estado,Seca,Perfeito estado,Faixa de retenção,"Placas ""Pare""",30 km/h,Dupla,Faixa contínua,,
2021-07-28,quarta-feira ,18:11:00,COM VÍTIMA,NOVA DESCOBERTA,RUA,RUA NOVA DESCOBERTA,,,EM FRENTE AO N° 211,NOVA DESCOBERTA,,SUBURBIO,ATROPELAMENTO DE PESSOA,1,0,0,0,1,0,0,0,0,1,0,Longo da via,Bom,Não existe,Incompleta,Seca,Mal iluminada,Não existe,Não hA placas,,Dupla,Faixa seccionada,,
2021-07-29,quinta-feira ,02:03:00,COM VÍTIMA,BOA VISTA,AVENIDA,AVENIDA GOVERNADOR AGAMENON MAGALHAES,RUA,RUA JOAO FERNANDES VIEIRA,AO LADO DO COLÉGIO AMERICANO BATISTA,BOA VISTA,37,SUBURBIO,CAPOTAMENTO,1,0,0,0,0,0,0,0,0,1,0,Longo da via,Bom,Sem defeito,Perfeito estado,Seca,Perfeito estado,Faixa de retenção,Não hA placas,,Dupla,Não existe,,
2021-07-29,quinta-feira ,07:47:00,COM VÍTIMA,GRACAS,RUA,RUA SIMAO MENDES,RUA,RUA DO FUTURO,AO LADO PARQUE DA JAQUEIRA,GRAÇAS,,,COLISÃO LATERAL,1,1,0,0,0,0,0,0,0,1,0,Esquina,Bom,Não existe,Incompleta,Seca,Perfeito estado,Faixa de pedestre,,40 km/h,Dupla,Faixa seccionada,,
2021-07-29,quinta-feira ,17:13:00,COM VÍTIMA,SANTO AMARO,AVENIDA,AVENIDA CRUZ CABUGA,,,AO LADO DA ESTAÇÃO BRT ARARIPINA,SANTO AMARO,,CIDADE,ATROPELAMENTO DE PESSOA,0,1,0,0,1,0,0,0,0,1,0,Longo da via,Bom,Não existe,Perfeito estado,Seca,Perfeito estado,Não existe,Não hA placas,,Dupla,Faixa contínua,,
2021-07-29,quinta-feira ,20:50:00,SEM VÍTIMA,CASA FORTE,PRC,PRC DE CASA FORTE,,,PROX A IGREJA DE CASA FORTE,CASA FORTE,,,COLISÃO LATERAL,1,1,0,0,0,0,0,0,0,0,0,,,,,,,,,,,,,
2021-07-30,sexta-feira ,07:38:00,COM VÍTIMA,CASA AMARELA,AVENIDA,AVENIDA NORTE,,,LADO OPOSTO AO ARMAZÉM CORAL,CASA AMARELA,,SUBURBIO,QUEDA,0,1,0,0,0,0,0,0,0,1,0,Longo da via,Bom,Sem defeito,Perfeito estado,Seca,Perfeito estado,Outros,Outras,,Dupla,Faixa seccionada,,
2021-07-30,sexta-feira ,10:58:00,COM VÍTIMA,DERBY,AVENIDA,AVENIDA GOVERNADOR AGAMENON MAGALHAES,,,E/F AO HOSPITAL MEMORIAL SÃO JOSÉ (SENTIDO OLINDA),DERBY,,OLINDA,COLISÃO LATERAL,1,1,0,0,0,0,0,0,0,1,0,Longo da via,Bom,Não existe,Perfeito estado,Seca,Perfeito estado,Não existe,Não hA placas,,Única,Faixa seccionada,Canteiro central,
2021-07-30,sexta-feira ,11:19:00,SEM VÍTIMA,IMBIRIBEIRA,AVENIDA,AVENIDA GENERAL MAC ARTHUR,,,APÓS O RESTAURANTE BAIÃO DE DOIS,IMBIRIBEIRA,673,SUBURBIO,CHOQUE,1,0,0,0,0,0,0,0,0,0,0,Longo da via,Bom,Sem defeito,Perfeito estado,Seca,Perfeito estado,Faixa de pedestre,Outras,,Única,Faixa seccionada,,
2021-07-30,sexta-feira ,11:34:00,COM VÍTIMA,ARRUDA,RUA,RUA SAO BENTO,,,EM FRENTE A JF RAÇÕES,ARRUDA,,,COLISÃO TRASEIRA,1,1,0,0,0,0,0,0,0,1,0,,,,,,,,,,,,,
2021-07-30,sexta-feira ,12:41:00,COM VÍTIMA,TEJIPIO,AVENIDA,AVENIDA LIBERDADE,,,E/F AO CONDOMINIO VILA JARDIM,TEJIPIÓ,,CIDADE,COLISÃO LATERAL,1,1,0,0,0,0,0,0,0,1,0,Longo da via,Bom,Não existe,Incompleta,Seca,Mal conservada,Não existe,Não hA placas,,Dupla,Não existe,,
2021-07-30,sexta-feira ,16:52:00,COM VÍTIMA,SANTO AMARO,AVENIDA,AVENIDA CRUZ CABUGA,,,EM FRENTE AO HOSPITAL DO CANCER/ SENTIDO OLINDA,SANTO AMARO,202,SUBURBIO,ATROPELAMENTO DE PESSOA,0,1,0,0,1,0,0,0,0,1,0,Longo da via,Bom,Sem defeito,Perfeito estado,Seca,Perfeito estado,Faixa de pedestre,Não hA placas,60 km/h,Dupla,Canteiro central,,
2021-07-30,sexta-feira ,18:22:00,SEM VÍTIMA,BOA VIAGEM,AVENIDA,AVENIDA CONSELHEIRO AGUIAR,,,E/ F AO SO CALDINHO,BOA VIAGEM,,,COLISÃO LATERAL,1,0,0,0,0,1,0,0,0,0,0,,,,,,,,,,,,,
2021-07-30,sexta-feira ,18:53:00,SEM VÍTIMA,COHAB,RUA,RUA VALE DO CARIRI,,,EM FRENTE AO Nº 10,,,SUBURBIO,COLISÃO TRASEIRA,1,0,0,0,0,0,0,1,0,0,0,Longo da via,Bom,Não existe,Não existente,Seca,Perfeito estado,Não existe,,,Dupla,Não existe,,
2021-07-30,sexta-feira ,19:27:00,SEM VÍTIMA,BOA VISTA,RUA,RUA DO RIACHUELO,,,E/F AO EDFC EBANO,BOA VISTA,,,COLISÃO LATERAL,1,0,0,0,0,0,0,0,0,0,0,,,,,,,,,,,,,
2021-07-30,sexta-feira ,21:07:40,SEM VÍTIMA,ARRUDA,AVENIDA,AVENIDA PROFESSOR JOSE DOS ANJOS,,,AO LADO DO ESTADIO DO ARRUDA SEMAFORO 131,ARRUDA,131,SUBURBIO,COLISÃO TRASEIRA,1,0,0,0,0,0,0,1,0,0,0,Longo da via,Chuvoso,Sem defeito,Perfeito estado,Molhada,Perfeito estado,Faixa de pedestre,Outras,,Única,Faixa contínua,,
2021-07-31,sábado ,03:48:00,COM VÍTIMA,IMBIRIBEIRA,AVENIDA,AVENIDA MARECHAL MASCARENHAS DE MORAES,AVENIDA,AVENIDA GENERAL MAC ARTHUR,,IMBIRIBEIRA,225,CIDADE,COLISÃO TRANSVERSAL,0,1,0,0,0,0,1,0,0,1,0,Cruzamento,Bom,Sem defeito,Perfeito estado,Molhada,Perfeito estado,Faixa de pedestre,Não hA placas,,Dupla,Faixa contínua,Canteiro central,
2021-07-31,sábado ,07:36:00,COM VÍTIMA,CASA AMARELA,AVENIDA,AVENIDA NORTE,,,EM FRENTE A UPINHA,CASA AMARELA,,CIDADE,ATROPELAMENTO DE PESSOA,0,1,0,0,1,0,0,0,0,2,0,Longo da via,Bom,Não existe,Incompleta,Seca,Perfeito estado,Não existe,,,Única,Faixa seccionada,,
2021-07-31,sábado ,09:14:00,COM VÍTIMA,CAXANGA,AVENIDA,AVENIDA CAXANGA,,,EM FRENTE AO GOLF CLUBE,CAXANGA,,CIDADE,COLISÃO FRONTAL,0,2,0,0,0,0,0,0,0,1,0,Longo da via,Chuvoso,Não existe,Perfeito estado,Molhada,Perfeito estado,,,,,,,
2021-07-31,sábado ,14:30:00,COM VÍTIMA,GRACAS,AVENIDA,AVENIDA GOVERNADOR AGAMENON MAGALHAES,RUA,RUA DR BANDEIRA FILHO,EM FRENTE AO MCDONALD'S,GRAÇAS,173,BOA VIAGEM,COLISÃO LATERAL,1,1,0,0,0,0,0,0,0,1,0,Cruzamento,Bom,Sem defeito,Perfeito estado,Seca,Perfeito estado,Faixa de pedestre,R-6a,60 km/h,Única,Faixa seccionada,,
2021-07-31,sábado ,15:39:00,COM VÍTIMA,IMBIRIBEIRA,AVENIDA,AVENIDA MARECHAL MASCARENHAS DE MORAES,,,EM FRENTE A FERREIRA COSTA,IMBIRIBEIRA,386,CIDADE,COLISÃO LATERAL,1,1,0,0,0,0,0,0,0,1,0,Longo da via,Bom,Sem defeito,Perfeito estado,Seca,Perfeito estado,Faixa de pedestre,R-6a,,Dupla,Canteiro central,,
2021-07-31,sábado ,16:24:00,COM VÍTIMA,CAMPO GRANDE,RUA,RUA PROFESSOR FRANCISCO DA TRINDADE,,,RUA RESIDENCIAL SEM ESTABELECIMENTOS PARA REFERENCIAS,CAMPO GRANDE,,CIDADE,COLISÃO TRASEIRA,2,0,0,0,0,0,0,0,0,1,0,Longo da via,Bom,,Perfeito estado,Seca,Perfeito estado,,,,,,,
2021-07-31,sábado ,20:19:00,COM VÍTIMA,ALTO JOSE BONIFACIO,RUA,RUA ALTO JOSE BONIFACIO,,,PROX A IGREJA BATISTA DA FILADELFIA,ALTO JOSÉ BONIFACIO,,SUBURBIO,COLISÃO FRONTAL,1,2,0,0,0,0,0,0,0,3,0,Longo da via,Bom,Não existe,Não existente,Seca,Perfeito estado,Não existe,Não hA placas,,Dupla,Faixa seccionada,,
2021-07-31,sábado ,20:41:00,SEM VÍTIMA,AGUA FRIA,RUA,RUA LADEIRA DE PEDRA,,,PROX AO CLUBE SETE DE SETEMBRO,AGUA FRIA,,,COLISÃO TRASEIRA,1,1,0,0,0,0,0,0,0,0,0,,,,,,,,,,,,,
2021-08-01,domingo ,05:43:00,SEM VÍTIMA,PINA,AVENIDA,AVENIDA CELSO FURTADO (VIA MANGUE),,,"PRÓXIMO AO EXTRA, SENTIDO PIEDADE",PINA,,,CHOQUE,1,0,0,0,0,0,0,0,0,0,0,,,,,,,,,,,,,
2021-08-01,domingo ,15:11:00,COM VÍTIMA,MADALENA,AVENIDA,AVENIDA CAXANGA,,,EM FRENTE À DROGASIL,MADALENA,236,CIDADE,COLISÃO LATERAL,0,2,0,0,0,0,0,0,0,2,0,Cruzamento,Bom,Sem defeito,Perfeito estado,Seca,Perfeito estado,Faixa de pedestre,,,Dupla,Faixa seccionada,Canteiro central,
2021-08-01,domingo ,18:00:00,COM VÍTIMA,VARZEA,AVENIDA,AVENIDA BARAO DE BONITO,RUA,RUA ENGENHEIRO VASCONCELOS BITTENCOURT,E/F A PANIFICADORA SEMPRE VIVA,VARZEA,,SUBURBIO,COLISÃO LATERAL,1,1,0,0,0,0,0,0,0,1,0,Cruzamento,Chuvoso,Não existe,Ilegível,Molhada,Mal conservada,Faixa de retenção,"Placas ""Pare""",,Dupla,Não existe,,
2021-08-01,domingo ,18:18:00,COM VÍTIMA,ILHA DO RETIRO,AVENIDA,AVENIDA ENGENHEIRO ABDIAS DE CARVALHO,,,AO LADO DO CAMPO DO SPORT,ILHA DO RETIRO,,,COLISÃO LATERAL,1,1,0,0,0,0,0,0,0,1,0,,,,,,,,,,,,,
2021-08-02,segunda-feira ,09:48:00,COM VÍTIMA,CASA FORTE,AVENIDA,AVENIDA DEZESSETE DE AGOSTO,,,EM FRENTE AO COLÉGIO MOTIVO,CASA FORTE,,CIDADE,COLISÃO LATERAL,1,1,0,0,0,0,0,0,0,1,0,Longo da via,Chuvoso,Sem defeito,Perfeito estado,Molhada,Perfeito estado,Faixa de pedestre,R-6a,,Dupla,Faixa contínua,,
2021-08-02,segunda-feira ,10:52:00,SEM VÍTIMA,ENCRUZILHADA,RUA,RUA PROFESSOR JERONIMO GUEIROS,RUA,RUA DONA ELVIRA,,ENCRUZILHADA,,SUBURBIO,,2,0,0,0,0,0,0,0,0,0,0,Cruzamento,Chuvoso,Não existe,Não existente,Molhada,Perfeito estado,Não existe,Não hA placas,,Dupla,Não existe,,
2021-08-02,segunda-feira ,10:52:00,COM VÍTIMA,CAMPO GRANDE,RUA,RUA SAO CAETANO,RUA,RUA PROFESSOR FRANCISCO DA TRINDADE,CRUZAMENTO DOS VIAS,CAMPO GRANDE,,SUBURBIO,COLISÃO LATERAL,0,1,0,0,0,0,1,0,0,1,0,Cruzamento,Chuvoso,Não existe,Incompleta,Molhada,Perfeito estado,Não existe,Não hA placas,,Dupla,Não existe,,
2021-08-02,segunda-feira ,13:22:00,SEM VÍTIMA,ILHA DO RETIRO,RUA,RUA SPORT CLUBE DO RECIFE,,,LADO OPOSTO A LOJA OFICIAL DO SPORT CLUB DO RECIFE,ILHA DO RETIRO,367,SUBURBIO,COLISÃO TRASEIRA,1,0,0,0,0,0,1,0,0,0,0,Longo da via,Bom,Sem defeito,Perfeito estado,Seca,Perfeito estado,Faixa de pedestre,Não hA placas,60 km/h,Única,Canteiro central,,
2021-08-02,segunda-feira ,17:54:00,COM VÍTIMA,PINA,PTE,PTE GOVERNADOR PAULO GUERRA,,,NO MEIO DA PONTE,PINA,,SUBURBIO,COLISÃO LATERAL,3,0,0,0,0,0,0,0,0,1,0,Longo da via,Chuvoso,Não existe,Perfeito estado,Molhada,Perfeito estado,Não existe,Não hA placas,60 km/h,Única,Faixa seccionada,,
2021-08-02,segunda-feira ,20:00:00,COM VÍTIMA,BOA VIAGEM,RUA,RUA DEZ DE JULHO,RUA,RUA CAMBOIM,,BOA VIAGEM,,SUBURBIO,COLISÃO FRONTAL,2,0,0,0,0,0,0,0,0,2,0,Cruzamento,Chuvoso,Não existe,Perfeito estado,Molhada,Perfeito estado,Faixa de pedestre,"Placas ""Pare""",,Única,Faixa seccionada,,
2021-08-02,segunda-feira ,20:53:00,SEM VÍTIMA,BOA VIAGEM,AVENIDA,AVENIDA BOA VIAGEM,,,E/F A PADARIA BOA VIAGEM,BOA VIAGEM,,,COLISÃO TRANSVERSAL,1,1,0,0,0,0,0,0,0,0,0,,,,,,,,,,,,,
2021-08-03,terça-feira ,01:15:00,COM VÍTIMA,ALTO JOSE DO PINHO,RUA,RUA VALERIANO LOBO,,,DESCIDA DO ONIBUS DO ALTO JOSÉ DO PINHO,ALTO JOSÉ DO PINHO,,,COLISÃO TRASEIRA,1,2,0,0,0,0,0,0,0,1,0,,,,,,,,,,,,,
2021-08-03,terça-feira ,07:58:00,COM VÍTIMA,SANTO AMARO,AVENIDA,AVENIDA GOVERNADOR AGAMENON MAGALHAES,,,EM FRENTE A FIORE / SENTIDO OLINDA,SANTO AMARO,465,OLINDA,COLISÃO LATERAL,1,1,0,0,0,0,0,0,0,1,0,Longo da via,Chuvoso,Sem defeito,Perfeito estado,Molhada,Perfeito estado,Faixa de pedestre,Não hA placas,60 km/h,Dupla,Canteiro central,,
2021-08-03,terça-feira ,08:53:00,SEM VÍTIMA,APIPUCOS,RUA,RUA DOIS IRMAOS,,,,APIPUCOS,,,COLISÃO LATERAL,0,0,0,0,0,0,0,0,0,0,0,,,,,,,,,,,,,
2021-08-03,terça-feira ,08:57:00,COM VÍTIMA,DOIS IRMAOS,AVENIDA,AVENIDA DEZESSETE DE AGOSTO,,,11° BATALHÃO DA PMPE,DOIS IRMÃOS,,CIDADE,QUEDA,0,1,0,0,0,0,0,0,0,1,0,Cruzamento,Chuvoso,Sem defeito,Perfeito estado,Oleosa,Perfeito estado,Não existe,Outras,,Dupla,Faixa contínua,,
2021-08-03,terça-feira ,11:33:00,SEM VÍTIMA,DOIS IRMAOS,RUA,RUA DOIS IRMAOS,,,EM FRENTE  AESCOLA DE REF.  PROF. CANDIDO DUARTE,DOIS IRMÃOS,,CIDADE,,1,0,0,0,0,0,1,0,0,0,0,Longo da via,Chuvoso,Não existe,Perfeito estado,Molhada,Perfeito estado,Não existe,Não hA placas,,Dupla,Faixa contínua,,
2021-08-03,terça-feira ,17:23:00,SEM VÍTIMA,CASA FORTE,PRC,PRC JORNALISTA FRANCISCO PESSOA DE QUEIROZ JR,,,BIG BOMPREÇO CASA FORTE,CASA FORTE,,,MONITORAMENTO,0,0,0,0,0,0,0,0,0,0,0,,,,,,,,,,,,,
2021-08-03,terça-feira ,12:43:00,SEM VÍTIMA,DOIS IRMAOS,RUA,RUA MANUEL DE MEDEIROS,,,UFRPE,DOIS IRMÃOS,,,MONITORAMENTO,0,0,0,0,0,0,0,0,0,0,0,,,,,,,,,,,,,
2021-08-03,terça-feira ,13:23:00,COM VÍTIMA,JAQUEIRA,RUA,RUA DO FUTURO,,,EM FRENTE AO VERAFRUT,JAQUEIRA,,SUBURBIO,COLISÃO LATERAL,1,1,0,0,0,0,0,0,0,1,0,Longo da via,Bom,Não existe,Perfeito estado,Seca,Perfeito estado,Não existe,Não hA placas,,Única,Faixa seccionada,,
2021-08-03,terça-feira ,16:19:00,COM VÍTIMA,ESPINHEIRO,RUA,RUA BARAO DE ITAMARACA,,,EM FRENTE AO CONSULTORIOS INTEGRADOS,ESPINHEIRO,,SUBURBIO,COLISÃO TRASEIRA,1,1,0,0,0,0,0,0,0,1,0,Longo da via,Bom,Não existe,Perfeito estado,Seca,Perfeito estado,Outros,R-6a,,Dupla,Faixa contínua,Faixa seccionada,
2021-08-03,terça-feira ,16:49:00,COM VÍTIMA,AFOGADOS,RUA,RUA COSME VIANA,RUA,RUA PADRE TEOFILO TWORZ,LADO OPOSTO A TUPAN,AFOGADOS,,SUBURBIO,COLISÃO FRONTAL,1,1,0,0,0,0,0,0,0,2,0,Cruzamento,Bom,Não existe,Não existente,Seca,Perfeito estado,Não existe,Não hA placas,,Única,Não existe,,
2021-08-03,terça-feira ,19:44:00,COM VÍTIMA,IMBIRIBEIRA,VIADUTO,VIADUTO TANCREDO NEVES,,,NA DESCIDA DO VIADUTO,IMBIRIBEIRA,,,COLISÃO LATERAL,1,1,0,0,0,0,0,0,0,1,0,,,,,,,,,,,,,
2021-08-04,quarta-feira ,10:25:00,SEM VÍTIMA,AREIAS,AVENIDA,AVENIDA RECIFE,,,EM FRENTE AO BIG BOMPREÇO,AREIAS,,SUBURBIO,,0,0,0,0,0,0,1,1,0,0,0,Longo da via,Chuvoso,Sem defeito,Perfeito estado,Molhada,Perfeito estado,Faixa de retenção,Não hA placas,,Única,Faixa seccionada,,
2021-08-04,quarta-feira ,16:57:00,COM VÍTIMA,ESPINHEIRO,RUA,RUA CONS PORTELA,AVENIDA,AVENIDA JOAO DE BARROS,PROX AO CHINA 48,ESPINHEIRO,,SUBURBIO,COLISÃO LATERAL,1,1,0,0,0,0,0,0,0,1,0,Cruzamento,Chuvoso,Não existe,Perfeito estado,Molhada,Perfeito estado,Não existe,R-6a,,Única,Faixa seccionada,,
2021-08-04,quarta-feira ,18:15:00,COM VÍTIMA,JOANA BEZERRA,RUA,RUA DOM PAULO II,,,SOBRE O VIADUTO,JOANA BEZERRA,,SUBURBIO,QUEDA,0,1,0,0,0,0,0,0,0,1,0,Viaduto,Chuvoso,Não existe,Perfeito estado,Molhada,Perfeito estado,Não existe,Não hA placas,,Única,Faixa seccionada,,
2021-08-05,quinta-feira ,00:03:00,COM VÍTIMA,DERBY,AVENIDA,AVENIDA GOVERNADOR AGAMENON MAGALHAES,,,SEMAFORO N° 75,DERBY,75,CIDADE,COLISÃO TRANSVERSAL,0,0,0,0,0,0,0,0,0,1,0,Cruzamento,Chuvoso,Sem defeito,Perfeito estado,Molhada,Perfeito estado,Faixa de pedestre,Outras,60 km/h,Dupla,Canal,,
2021-08-05,quinta-feira ,06:34:00,COM VÍTIMA,PINA,AVENIDA,AVENIDA HERCULANO BANDEIRA,RUA,RUA NOGUEIRA DE SOUZA,,PINA,657,SUBURBIO,COLISÃO TRASEIRA,1,1,0,0,0,0,0,0,0,1,0,Cruzamento,Chuvoso,Sem defeito,Perfeito estado,Molhada,Perfeito estado,Faixa de pedestre,Não hA placas,,Única,Faixa seccionada,,
2021-08-05,quinta-feira ,07:59:00,COM VÍTIMA,ZUMBI,AVENIDA,AVENIDA CAXANGA,,,E/F A ESTAÇÃO BRT ZUMBI,ZUMBI,273,CIDADE,ATROPELAMENTO DE PESSOA,0,1,0,0,1,0,0,0,0,2,0,Longo da via,Chuvoso,Sem defeito,Perfeito estado,Molhada,,Faixa de pedestre,Não hA placas,,Dupla,Canteiro central,,
2021-08-05,quinta-feira ,08:03:00,COM VÍTIMA,IBURA,AVENIDA,AVENIDA DOIS RIOS,RUA,RUA PINTOR AGENOR DE ALBUQUERQUE CESAR,,IBURA,561,SUBURBIO,COLISÃO COM CICLISTA,0,1,0,1,0,0,0,0,0,2,0,,,,,,,,,,,,,
2021-08-05,quinta-feira ,08:49:00,SEM VÍTIMA,IPSEP,RUA,RUA HELIO BRANDAO,RUA,RUA ADERBAL DE MELO,,IPSEP,,SUBURBIO,COLISÃO TRANSVERSAL,3,0,0,0,0,0,0,0,0,0,0,Cruzamento,Chuvoso,Não existe,Perfeito estado,Molhada,Perfeito estado,Não existe,"Placas ""Pare""",,Dupla,Não existe,,