data,dia_semana,hora,natureza,bairro,logradouro_endereco,endereco,logradouro_detalhe_endereco,detalhe_endereco_acidente,complemento,bairro_cruzamento,num_semaforo,sentido_via,tipo,auto,moto,ciclom,ciclista,pedestre,onibus,caminhao,viatura,outros,vitimas,vitimasfatais,acidente_verificado,tempo_clima,situacao_semaforo,sinalizacao,condicao_via,conservacao_via,ponto_controle,situacao_placa,velocidade_max_via,mao_direcao,divisao_via1,divisao_via2,divisao_via3
2021-08-05,quinta-feira ,09:35:00,COM VÍTIMA,SANTO ANTONIO,RUA,RUA IMPERADOR PEDRO SEGUNDO,,,EM FRENTE AO PREDIO DA OAB,SANTO ANTÔNIO,,CIDADE,QUEDA,0,1,0,0,0,0,0,0,0,1,0,Longo da via,Chuvoso,Não existe,Não existente,Molhada,Perfeito estado,Não existe,Não hA placas,,Única,Faixa seccionada,,
2021-08-05,quinta-feira ,09:49:00,COM VÍTIMA,VARZEA,AVENIDA,AVENIDA AFONSO OLINDENSE,,,EM FRENTE A SECRETARIA DE EDUCAÇÃO,VARZEA,,SUBURBIO,,1,1,0,0,0,0,0,0,0,1,0,Longo da via,Chuvoso,Não existe,Incompleta,Molhada,Perfeito estado,Não existe,Não hA placas,40 km/h,Dupla,Faixa seccionada,,
2021-08-05,quinta-feira ,12:22:00,COM VÍTIMA,HIPODROMO,RUA,RUA MEM DE SA,,,AO LADO DA COCA COLA,HIPÓDROMO,495,SUBURBIO,COLISÃO LATERAL,1,1,0,0,0,0,0,0,0,1,0,Cruzamento,Chuvoso,Sem defeito,Perfeito estado,Molhada,Perfeito estado,Não existe,Não hA placas,,Dupla,Faixa seccionada,,
2021-08-05,quinta-feira ,14:55:00,COM VÍTIMA,DOIS IRMAOS,RUA,RUA MANUEL DE MEDEIROS,,,POSTE BO14915,DOIS IRMÃOS,,CIDADE,COLISÃO LATERAL,1,1,0,0,0,0,0,0,0,1,0,Longo da via,Bom,Não existe,Não existente,Seca,Mal conservada,Não existe,Não hA placas,,Dupla,Não existe,,
2021-08-05,quinta-feira ,15:42:00,COM VÍTIMA,BOA VIAGEM,AVENIDA,AVENIDA ENGENHEIRO DOMINGOS FERREIRA,RUA,RUA ARISTIDES MUNIZ,DIOLDSER DEPILAÇOES A LASER,BOA VIAGEM,,SUBURBIO,COLISÃO LATERAL,2,1,0,0,0,0,0,0,0,1,0,Longo da via,Bom,Não existe,,Seca,Perfeito estado,Não existe,Não hA placas,,Única,Faixa seccionada,,
2021-08-05,quinta-feira ,20:15:00,COM VÍTIMA,CASA AMARELA,AVENIDA,AVENIDA NORTE MIGUEL ARRAES DE ALENCAR,,,EM FRENTE A ANTIGA CASA DA BIKE NORTE,CASA AMARELA,677,CIDADE,COLISÃO LATERAL,1,1,0,0,0,0,0,0,0,1,0,Longo da via,Chuvoso,Sem defeito,Perfeito estado,Molhada,Perfeito estado,Outros,Outras,,Única,Faixa seccionada,,
2021-08-05,quinta-feira ,20:33:40,VÍTIMA FATAL,VASCO DA GAMA,RUA,RUA VASCO DA GAMA,,,EM FRENTE AO N° 1134,VASCO DA GAMA,,SUBURBIO,COLISÃO COM CICLISTA,0,0,0,1,0,1,0,0,0,0,1,Longo da via,Chuvoso,Não existe,Incompleta,Molhada,Mal conservada,Não existe,Não hA placas,,Dupla,Não existe,,
2021-08-06,sexta-feira ,06:42:00,COM VÍTIMA,GRACAS,RUA,RUA BRUNO MAIA,RUA,RUA JOAO RAMOS,OPOSTO AO STUDIO PORTAL DAS GRAÇAS,GRAÇAS,,CIDADE,COLISÃO TRANSVERSAL,0,1,0,0,0,0,0,1,0,2,0,Cruzamento,Bom,Não existe,Perfeito estado,Seca,Perfeito estado,Faixa de pedestre,"Placas ""Pare""",,Única,Não existe,,
2021-08-06,sexta-feira ,06:59:00,COM VÍTIMA,IMBIRIBEIRA,AVENIDA,AVENIDA MARECHAL MASCARENHAS DE MORAES,,,EM FRENTE A IMBIRIBEIRA DISEL,IMBIRIBEIRA,,,QUEDA,0,1,0,0,0,0,0,0,0,1,0,,,,,,,,,,,,,
2021-08-06,sexta-feira ,09:21:00,COM VÍTIMA,IPSEP,AVENIDA,AVENIDA RAIMUNDO DINIZ,,,PRAÇA DA SUDENE,IPSEP,,SUBURBIO,COLISÃO LATERAL,1,0,0,0,0,1,0,0,0,1,0,Longo da via,Bom,Não existe,Perfeito estado,Seca,Perfeito estado,Não existe,Não hA placas,60 km/h,Dupla,Faixa seccionada,,
2021-08-06,sexta-feira ,18:24:00,COM VÍTIMA,AREIAS,AVENIDA,AVENIDA TAPAJOS,RUA,RUA IBIMIRIM,E/F AO HORTIFRUTI PRIMAS,AREIAS,,CIDADE,COLISÃO FRONTAL,1,1,0,0,0,0,0,0,0,1,0,Cruzamento,Bom,Não existe,Não existente,Seca,Perfeito estado,Não existe,Não hA placas,,Dupla,Não existe,,
2021-08-06,sexta-feira ,20:47:00,COM VÍTIMA,BOA VIAGEM,AVENIDA,AVENIDA ENGENHEIRO DOMINGOS FERREIRA,,,EM FRENTE CERPE,BOA VIAGEM,,SUBURBIO,COLISÃO TRASEIRA,1,1,0,0,0,0,0,0,0,1,0,Longo da via,Bom,Sem defeito,Perfeito estado,Seca,Perfeito estado,Faixa de pedestre,Outras,,Única,Canteiro central,,
2021-08-07,sábado ,01:33:00,COM VÍTIMA,AFOGADOS,EST,EST DOS REMEDIOS,RUA,RUA SAO MIGUEL,PRÓXIMO A IGREJA DO LARGO DA PAZ,AFOGADOS,,SUBURBIO,COLISÃO TRANSVERSAL,2,0,0,0,0,0,0,0,0,2,0,Cruzamento,Chuvoso,Sem defeito,Perfeito estado,Molhada,Perfeito estado,Não existe,Não hA placas,,Única,Faixa seccionada,,
2021-08-07,sábado ,05:45:00,COM VÍTIMA,MADALENA,RUA,RUA JOSE BONIFACIO,,,RESTAURANTE  JOÃO DA CARNE DO SOL,MADALENA,,SUBURBIO,CHOQUE,1,0,0,0,0,0,0,0,0,1,0,Longo da via,Bom,Não existe,Perfeito estado,Seca,Perfeito estado,Não existe,R-6a,,Única,Faixa seccionada,,
2021-08-07,sábado ,08:25:00,COM VÍTIMA,TORRE,AVENIDA,AVENIDA BEIRA RIO,RUA,RUA CONDE DE IRAJA,PROX. A PONTE DA TORRE,TORRE,630,SUBURBIO,COLISÃO FRONTAL,2,0,0,0,0,0,0,0,0,1,0,Cruzamento,Bom,Sem defeito,Perfeito estado,Seca,Perfeito estado,Outros,Outras,,Única,Faixa seccionada,,
2021-08-07,sábado ,10:17:00,COM VÍTIMA,BOA VIAGEM,AVENIDA,AVENIDA BOA VIAGEM,,,PROXIMO AO QUIOSQUE N° 08,BOA VIAGEM,,SUBURBIO,COLISÃO LATERAL,2,1,0,0,0,0,0,0,0,1,0,Longo da via,Bom,Não existe,Perfeito estado,Seca,Perfeito estado,Não existe,Outras,,Dupla,Faixa seccionada,,
2021-08-07,sábado ,14:42:00,OUTROS,SANTO AMARO,AVENIDA,AVENIDA CRUZ CABUGA,,,PROXIMO A VICE GOVERNADORIA,SANTO AMARO,,CIDADE,OUTROS,1,0,0,0,0,0,0,0,0,0,0,,,,,,,,,,,,,
2021-08-07,sábado ,15:49:00,COM VÍTIMA,MUSTARDINHA,AVENIDA,AVENIDA MANOEL GONCALVES DA LUZ,RUA,RUA TEJUCUPAPO,ENFRENTE A PRAÇA DO ABC,MUSTARDINHA,,,COLISÃO TRASEIRA,1,1,0,0,0,0,0,0,0,1,0,Longo da via,Bom,Não existe,Perfeito estado,Seca,Perfeito estado,Faixa de pedestre,Outras,,Dupla,Faixa seccionada,,
2021-08-07,sábado ,17:13:00,COM VÍTIMA,VARZEA,RUA,RUA GASTAO VIDIGAL,RUA,RUA DIAS D'AVILA,AO DO HOTEL COSTA AZUL,VARZEA,,SUBURBIO,COLISÃO LATERAL,1,1,0,0,0,0,0,0,0,1,0,Cruzamento,Chuvoso,Não existe,Incompleta,Molhada,Perfeito estado,Não existe,Não hA placas,,Dupla,Não existe,,
2021-08-07,sábado ,18:39:00,COM VÍTIMA,PARNAMIRIM,RUA,RUA JOAO TUDE DE MELO,,,E/F AO GUAIAMUM GIGANTE,PARNAMIRIM,,,COLISÃO LATERAL,1,1,0,0,0,0,0,0,0,1,0,,,,,,,,,,,,,
2021-08-08,domingo ,11:00:00,COM VÍTIMA,IMBIRIBEIRA,AVENIDA,AVENIDA MARECHAL MASCARENHAS DE MORAES,,,EM FRENTE A UNIDAS,IMBIRIBEIRA,,CIDADE,COLISÃO LATERAL,1,1,0,0,0,0,0,0,0,1,0,Longo da via,Bom,Sem defeito,Perfeito estado,Seca,Perfeito estado,,Não hA placas,,Dupla,Canteiro central,,
2021-08-08,domingo ,19:58:00,SEM VÍTIMA,JARDIM SAO PAULO,RUA,RUA NOSSA SENHORA DE FATIMA,,,,JARDIM SÃO PAULO,,SUBURBIO,,2,0,1,0,0,0,0,0,0,0,0,Longo da via,Bom,Não existe,Não existente,Seca,Perfeito estado,Não existe,Não hA placas,,Dupla,Não existe,,
2021-08-08,domingo ,20:58:40,COM VÍTIMA,BOA VIAGEM,RUA,RUA JOAO CARDOSO AIRES,RUA,RUA ALMIRANTE BATISTA LEAO,E/F AO PARQUE DA PIZZA,BOA VIAGEM,,SUBURBIO,COLISÃO TRASEIRA,1,1,0,0,0,0,0,0,0,1,0,Cruzamento,Bom,Não existe,Incompleta,Seca,Mal iluminada,Faixa de retenção,"Placas ""Pare""",30 km/h,Única,,,
2021-08-09,segunda-feira ,00:05:00,COM VÍTIMA,IPUTINGA,AVENIDA,AVENIDA CAXANGA,AVENIDA,AVENIDA LUIZ DE LACERDA,EM FRENTE A CHEVROLET,IPUTINGA,,SUBURBIO,COLISÃO LATERAL,1,1,0,0,0,0,0,0,0,1,0,Longo da via,Chuvoso,Sem defeito,Perfeito estado,Molhada,Perfeito estado,Não existe,Não hA placas,60 km/h,Única,Faixa seccionada,,
2021-08-09,segunda-feira ,01:17:00,COM VÍTIMA,MADALENA,AVENIDA,AVENIDA VISCONDE DE ALBUQUERQUE,RUA,RUA JOSE OSORIO,EM FRENTE A EXTRA FARMA,MADALENA,50,SUBURBIO,COLISÃO FRONTAL,2,0,0,0,0,0,0,0,0,1,0,Cruzamento,Chuvoso,Sem defeito,Perfeito estado,Molhada,Perfeito estado,Não existe,Não hA placas,60 km/h,Única,Faixa seccionada,,
2021-08-09,segunda-feira ,07:25:00,COM VÍTIMA,SANTO AMARO,AVENIDA,AVENIDA GOVERNADOR AGAMENON MAGALHAES,,,SOBRE VIADUTO DA INDEPENDENCIA,SANTO AMARO,,CIDADE,COLISÃO TRASEIRA,1,1,0,0,0,0,0,0,0,1,0,Viaduto,Bom,Sem defeito,Perfeito estado,Seca,Perfeito estado,Faixa de pedestre,Outras,60 km/h,Única,Faixa contínua,,
2021-08-09,segunda-feira ,08:48:00,COM VÍTIMA,CORDEIRO,RUA,RUA GOMES TABORDA,RUA,RUA FIRMINO DE BARROS,EM FRENTE A POWER CAR BATERIAS,CORDEIRO,,,COLISÃO LATERAL,1,1,0,0,0,0,0,0,0,1,0,Cruzamento,Chuvoso,Não existe,,Molhada,Perfeito estado,Não existe,Não hA placas,40 km/h,Dupla,Faixa seccionada,,
2021-08-09,segunda-feira ,09:07:00,COM VÍTIMA,IMBIRIBEIRA,AVENIDA,AVENIDA MARECHAL MASCARENHAS DE MORAES,,,E/F A RECIFE RADIADORES,IMBIRIBEIRA,,SUBURBIO,COLISÃO TRASEIRA,2,0,0,0,0,0,0,0,0,1,0,,,,,,,,,,,,,
2021-08-09,segunda-feira ,09:28:00,COM VÍTIMA,BOA VIAGEM,AVENIDA,AVENIDA CONSELHEIRO AGUIAR,RUA,RUA ATLANTICO,RESTAURANTE JOHNY GASTROBAR,BOA VIAGEM,,CIDADE,COLISÃO FRONTAL,1,1,0,0,0,0,0,0,0,1,0,Cruzamento,Chuvoso,Não existe,Perfeito estado,Molhada,Perfeito estado,Faixa de pedestre,"Placas ""Pare""",,Única,Faixa seccionada,,
2021-08-09,segunda-feira ,11:09:00,COM VÍTIMA,AREIAS,AVENIDA,AVENIDA RECIFE,,,LADO OPOSTO AO ARMAZÉM CORAL ACHAQUI M° 726,AREIAS,,,QUEDA,0,1,0,0,0,0,0,0,0,1,0,Longo da via,Chuvoso,Não existe,Perfeito estado,Molhada,Perfeito estado,Não existe,Não hA placas,,Dupla,Canteiro central,,
2021-08-09,segunda-feira ,13:05:00,COM VÍTIMA,IPUTINGA,AVENIDA,AVENIDA MAURICIO DE NASSAU,,,LA MELIO MODA FEMININA,IPUTINGA,109,CIDADE,COLISÃO COM CICLISTA,1,0,0,1,0,0,0,0,0,1,0,Longo da via,Chuvoso,Sem defeito,Perfeito estado,Molhada,Perfeito estado,Faixa de pedestre,Outras,,Dupla,Faixa contínua,Faixa seccionada,
2021-08-09,segunda-feira ,14:45:00,COM VÍTIMA,ARRUDA,AVENIDA,AVENIDA BEBERIBE,,,E/F AO LOJÃO DO PETRÓLEO,ARRUDA,,SUBURBIO,COLISÃO COM CICLISTA,0,1,0,1,0,0,0,0,0,3,0,Longo da via,Chuvoso,Sem defeito,Perfeito estado,Molhada,Perfeito estado,Não existe,Outras,,Dupla,Faixa contínua,,
2021-08-09,segunda-feira ,17:27:00,COM VÍTIMA,SANTO ANTONIO,AVENIDA,AVENIDA N S DO CARMO,,,LADO OPOSTO A CASA PIO,SANTO ANTÔNIO,,SUBURBIO,ATROPELAMENTO DE PESSOA,0,0,0,0,1,1,0,0,0,1,0,Longo da via,Chuvoso,Sem defeito,Perfeito estado,Molhada,Perfeito estado,Não existe,Outras,,Dupla,Outros,,
2021-08-10,terça-feira ,00:02:00,COM VÍTIMA,SAN MARTIN,AVENIDA,AVENIDA ENGENHEIRO ABDIAS DE CARVALHO,,,LADO OPOSTO A UPA,SAN MARTIN,,CIDADE,QUEDA,0,1,0,0,0,0,0,1,0,1,0,Longo da via,Chuvoso,Sem defeito,Incompleta,Molhada,Mal iluminada,Não existe,Não hA placas,60 km/h,Dupla,Canteiro central,,
2021-08-10,terça-feira ,06:49:00,SEM VÍTIMA,VARZEA,AVENIDA,AVENIDA CAXANGA,,,LADO OPOSTO AO TERMINAL INTEGRADO DA CAXANGA,VARZEA,262,CIDADE,COLISÃO TRASEIRA,3,0,0,0,0,0,0,0,0,0,0,Longo da via,Chuvoso,Sem defeito,Perfeito estado,Molhada,Perfeito estado,Agente,,,Única,Faixa contínua,,
2021-08-10,terça-feira ,07:17:00,COM VÍTIMA,BOA VIAGEM,RUA,RUA VISCONDE DE JEQUITINHONHA,,,EM FRENTE AO POSTO SHELL,BOA VIAGEM,,SUBURBIO,COLISÃO TRASEIRA,0,0,0,0,0,2,0,0,0,1,0,Longo da via,Chuvoso,Sem defeito,Perfeito estado,Molhada,Perfeito estado,Não existe,Não hA placas,60 km/h,Única,Faixa seccionada,,
2021-08-10,terça-feira ,11:35:00,COM VÍTIMA,SANTO AMARO,AVENIDA,AVENIDA JOAO DE BARROS,,,PRÓX AO CONSERVATÓRIO PERNAMBUCANO DE MÚSICA,SANTO AMARO,198,,COLISÃO COM CICLISTA,1,0,0,1,0,0,0,0,0,1,0,,,,,,,,,,,,,
2021-08-10,terça-feira ,12:16:00,COM VÍTIMA,BOA VISTA,RUA,RUA DO HOSPICIO,,,E/F A CAMERA DOS VEREADORES,BOA VISTA,31,CIDADE,COLISÃO LATERAL,1,1,0,0,0,0,0,0,0,1,0,Cruzamento,Chuvoso,Sem defeito,Incompleta,Molhada,Perfeito estado,Agente,Outras,,Dupla,Faixa contínua,,
2021-08-10,terça-feira ,17:02:00,COM VÍTIMA,BOA VIAGEM,RUA,RUA BALTAZAR PASSOS,RUA,RUA VISCONDE DE JEQUITINHONHA,,BOA VIAGEM,154,,COLISÃO LATERAL,1,1,0,0,0,0,0,0,0,1,0,Cruzamento,Bom,Sem defeito,Perfeito estado,Seca,Perfeito estado,Faixa de pedestre,R-25d,,Dupla,Faixa contínua,,
2021-08-10,terça-feira ,18:36:00,VÍTIMA FATAL,ENCRUZILHADA,EST,EST DE BELEM,RUA,RUA DONA JULIETA,EM FRENTE A IGREJA CATÓLICA DE BELÉM E EDF JULIO ll,ENCRUZILHADA,,CIDADE,COLISÃO TRANSVERSAL,1,1,0,0,0,0,0,0,0,0,1,Cruzamento,Bom,Não existe,Perfeito estado,Seca,Perfeito estado,Não existe,R-6a,,Dupla,Faixa contínua,Faixa seccionada,
2021-08-10,terça-feira ,19:54:00,SEM VÍTIMA,ILHA DO LEITE,RUA,RUA FRANCISCO ALVES,,,E/F AO HOSPITAL HOPE,ILHA DO LEITE,,,COLISÃO LATERAL,1,0,0,0,0,1,0,0,0,0,0,,,,,,,,,,,,,
2021-08-11,quarta-feira ,08:09:00,VÍTIMA FATAL,MADALENA,AVENIDA,AVENIDA JOSE GONCALVES DE MEDEIROS,RUA,RUA COMENDADOR BENTO AGUIAR,APOIO NO LOCAL  ACIDENTE COM VITIMA FATAL,MADALENA,353,SUBURBIO,CHOQUE,1,0,0,0,0,0,0,0,0,0,1,Longo da via,Chuvoso,,,Molhada,Perfeito estado,Não existe,R-6a,,Dupla,Faixa contínua,,
2021-08-12,quinta-feira ,07:24:00,COM VÍTIMA,AFOGADOS,RUA,RUA VINTE E UM DE ABRIL,RUA,RUA DR ALBERTO MOREIRA,EM FRENTE A FABRICA CAFE PETINHO,AFOGADOS,,SUBURBIO,COLISÃO LATERAL,1,1,0,0,0,0,0,0,0,1,0,Longo da via,Chuvoso,Não existe,Não existente,Molhada,,Não existe,Não hA placas,,Dupla,Não existe,,
2021-08-12,quinta-feira ,07:25:00,COM VÍTIMA,DERBY,AVENIDA,AVENIDA GOVERNADOR AGAMENON MAGALHAES,,,EM FRENTE AO HOSP. DA RESTAURAÇÃO,DERBY,,BOA VIAGEM,COLISÃO COM CICLISTA,0,0,0,1,0,1,0,0,0,1,0,Longo da via,Chuvoso,Sem defeito,,Molhada,Mal conservada,Faixa de pedestre,,60 km/h,Dupla,Canteiro central,,
2021-08-12,quinta-feira ,09:32:00,COM VÍTIMA,TORRE,RUA,RUA MARQUES DE MARICA,,,EM FRENTE AO CONDOMINIO ENGENHO DA TORRE,TORRE,,,COLISÃO LATERAL,1,1,0,0,0,0,0,0,0,1,0,Longo da via,Chuvoso,Não existe,Perfeito estado,Molhada,Perfeito estado,Não existe,Não hA placas,30 km/h,Dupla,Faixa seccionada,,
2021-08-12,quinta-feira ,09:36:00,COM VÍTIMA,IMBIRIBEIRA,RUA,RUA PINTOR LULA CARDOSO AYRES,RUA,RUA JOSE LINS DO REGO,"APOS O POSTO SHELL, PRIMEIRA ENTRADA NA RUA DE CARGA E DESCARGA DO AEROPORTO",IMBIRIBEIRA,,SUBURBIO,COLISÃO FRONTAL,1,1,0,0,0,0,0,0,0,1,0,Cruzamento,Bom,Não existe,Não existente,Seca,Perfeito estado,Não existe,Não hA placas,60 km/h,Dupla,,,
2021-08-12,quinta-feira ,09:38:00,COM VÍTIMA,CASA FORTE,AVENIDA,AVENIDA DEZESSETE DE AGOSTO,,,EM FRENTE AO MUSEU  HOMEM DO NORDESTE /,CASA FORTE,,CIDADE,COLISÃO TRASEIRA,1,1,0,0,0,0,1,0,0,1,0,Longo da via,Bom,Não existe,Perfeito estado,Seca,Perfeito estado,Não existe,R-6a,60 km/h,Dupla,Faixa contínua,,
2021-08-12,quinta-feira ,11:45:00,COM VÍTIMA,BOA VIAGEM,RUA,RUA RIBEIRO DE BRITO,RUA,RUA DOS NAVEGANTES,AO LADO DO EDF. HOLLIDAY,BOA VIAGEM,,,COLISÃO LATERAL,1,1,0,0,0,0,0,0,0,1,0,Cruzamento,Bom,Não existe,Perfeito estado,Seca,Perfeito estado,Faixa de retenção,Não hA placas,60 km/h,Única,Não existe,,
2021-08-12,quinta-feira ,13:21:00,COM VÍTIMA,ILHA DO RETIRO,RUA,RUA JOAO ELISIO RAMOS,RUA,RUA DR JOAO MARQUES,PRAÇA PABS BARRETO,ILHA DO RETIRO,,SUBURBIO,COLISÃO LATERAL,1,1,0,0,0,0,0,0,0,1,0,Cruzamento,Bom,Não existe,Incompleta,Seca,Perfeito estado,Não existe,R-6a,,Dupla,Faixa seccionada,,
2021-08-13,sexta-feira ,10:04:00,SEM VÍTIMA,DOIS IRMAOS,RUA,RUA DOIS IRMAOS,,,AO LADO DO MOTEL SENZALA,DOIS IRMÃOS,,,CHOQUE,1,0,0,0,0,0,0,0,0,0,0,,,,,,,,,,,,,
2021-08-13,sexta-feira ,12:43:00,COM VÍTIMA,MADALENA,RUA,RUA BENFICA,RUA,RUA JOAO IVO DA SILVA,E/F A O MUSEU DA ABOLIÇAO  PROX  AO BRADESCO PRIME,MADALENA,257,CIDADE,COLISÃO FRONTAL,2,0,0,0,0,0,0,0,0,1,0,Cruzamento,Bom,Sem defeito,Perfeito estado,Seca,Perfeito estado,Outros,Não hA placas,,Dupla,Faixa contínua,,
2021-08-13,sexta-feira ,12:51:00,SEM VÍTIMA,DERBY,AVENIDA,AVENIDA GOVERNADOR AGAMENON MAGALHAES,,,EM FRENTE A EMERGENCIA CLÍNICA DO HOSPITAL DA RESTAURAÇÃO,DERBY,,SUBURBIO,,2,0,0,0,0,0,0,0,0,0,0,Longo da via,Bom,Não existe,Perfeito estado,Seca,Perfeito estado,Não existe,Não hA placas,60 km/h,Única,Faixa seccionada,,
2021-08-13,sexta-feira ,14:50:00,COM VÍTIMA,SANTO AMARO,AVENIDA,AVENIDA NORTE MIGUEL ARRAES DE ALENCAR,AVENIDA,AVENIDA CRUZ CABUGA,PROX AO CEMITERIO DOS INGLESES,SANTO AMARO,34,CIDADE,COLISÃO TRASEIRA,1,1,0,0,0,0,0,0,0,2,0,Longo da via,Bom,Sem defeito,Perfeito estado,Seca,Perfeito estado,Faixa de pedestre,Outras,,Única,Não existe,,
2021-08-13,sexta-feira ,14:59:00,SEM VÍTIMA,BOA VIAGEM,RUA,RUA ANTONIO LUMACK DO MONTE,,,FERREIRA COSTA,BOA VIAGEM,,SUBURBIO,,0,0,0,0,0,0,0,0,0,0,0,,,,,,,,,,,,,
2021-08-13,sexta-feira ,16:42:00,COM VÍTIMA,CORDEIRO,EST,EST DO FORTE DO ARRAIAL N. DO B. JESUS,RUA,RUA EURICO DE SOUZA LEAO,E/F ACADEMIA  CIA FIT,CORDEIRO,,AV CAXANGA,COLISÃO LATERAL,1,1,0,0,0,0,0,0,0,1,0,Cruzamento,Bom,Não existe,Perfeito estado,Seca,,Não existe,Não hA placas,,Dupla,Não existe,,
2021-08-13,sexta-feira ,19:07:00,COM VÍTIMA,SANTO ANTONIO,AVENIDA,AVENIDA SUL,,,E/F AO POSTO BR,SANTO ANTÔNIO,311,CIDADE,COLISÃO COM CICLISTA,0,1,0,1,0,0,0,0,0,1,0,Longo da via,Bom,Sem defeito,Perfeito estado,Seca,Perfeito estado,Não existe,Não hA placas,,Dupla,Não existe,,
2021-08-13,sexta-feira ,20:21:00,SEM VÍTIMA,IPSEP,RUA,RUA ITAJAI,RUA,RUA JAMAICA,,IPSEP,,SUBURBIO,COLISÃO TRANSVERSAL,2,0,0,0,0,0,0,0,0,0,0,Cruzamento,Bom,Não existe,Perfeito estado,Seca,Perfeito estado,Faixa de pedestre,Outras,40 km/h,Única,Faixa contínua,,
2021-08-13,sexta-feira ,22:36:40,SEM VÍTIMA,SANTO AMARO,AVENIDA,AVENIDA CRUZ CABUGA,,,EM FRENTE AO SHOPPING TACARUNA,SANTO AMARO,,SUBURBIO,COLISÃO LATERAL,0,1,0,0,0,0,1,0,0,0,0,,,,,,,,,,,,,
2021-08-14,sábado ,09:18:00,COM VÍTIMA,SANTO ANTONIO,AVENIDA,AVENIDA MARTINS DE BARROS,,,EM FRENTE AO BANCO SANTANDER,SANTO ANTÔNIO,,SUBURBIO,COLISÃO TRANSVERSAL,1,1,0,0,0,0,0,0,0,1,0,Longo da via,Bom,Não existe,Perfeito estado,Seca,Perfeito estado,,,,,,,
2021-08-14,sábado ,15:57:00,COM VÍTIMA,IPUTINGA,RUA,RUA SAO MATEUS,,,EM FRENTE A CENTRAL DE DISTRIBUIÇÃO DOS CORREIOS,IPUTINGA,,CIDADE,COLISÃO LATERAL,1,1,0,0,0,0,0,0,0,1,0,Longo da via,Bom,Não existe,Perfeito estado,Seca,Perfeito estado,Não existe,Não hA placas,,Dupla,Não existe,,
2021-08-14,sábado ,22:29:40,SEM VÍTIMA,ESPINHEIRO,AVENIDA,AVENIDA JOAO DE BARROS,,,POSTO BR E LOMBADA ELETRÔNICA,ESPINHEIRO,,SUBURBIO,CHOQUE,2,0,0,0,0,0,0,0,0,0,0,Longo da via,Chuvoso,Não existe,Perfeito estado,Molhada,Perfeito estado,Não existe,Outras,,Única,Faixa seccionada,,
2021-08-15,domingo ,15:45:00,COM VÍTIMA,IPUTINGA,AVENIDA,AVENIDA MAURICIO DE NASSAU,,,DEPOIS DO GOE,IPUTINGA,,SUBURBIO,CHOQUE,0,1,0,0,0,0,0,0,0,1,0,Longo da via,Bom,Não existe,Perfeito estado,Seca,Perfeito estado,Não existe,Outras,,Dupla,Faixa contínua,,
2021-08-15,domingo ,17:06:00,COM VÍTIMA,PRADO,AVENIDA,AVENIDA ENGENHEIRO ABDIAS DE CARVALHO,,,PROX. AO CORREIOS,PRADO,,,COLISÃO FRONTAL,3,0,0,0,0,0,0,0,0,2,0,,,,,,,,,,,,,
2021-08-15,domingo ,18:15:00,COM VÍTIMA,CASA AMARELA,AVENIDA,AVENIDA NORTE MIGUEL ARRAES DE ALENCAR,,,EM FRENTE A PASSARELA,CASA AMARELA,,,COLISÃO LATERAL,1,1,0,0,0,0,0,0,0,1,0,Longo da via,Bom,Não existe,Perfeito estado,Seca,Perfeito estado,Não existe,Não hA placas,60 km/h,Dupla,,,
2021-08-16,segunda-feira ,00:33:00,SEM VÍTIMA,ESPINHEIRO,RUA,RUA CONS PORTELA,,,,ESPINHEIRO,,,CHOQUE,2,0,0,0,0,0,0,0,0,0,0,,,,,,,,,,,,,
2021-08-16,segunda-feira ,09:00:00,VÍTIMA FATAL,MADALENA,AVENIDA,AVENIDA CAXANGA,RUA,RUA FREI TEOFILO DE VIRGOLETTA,E/F A SEMINOVOS LOCALIZA,MADALENA,,CIDADE,ATROPELAMENTO DE PESSOA,0,0,0,0,1,1,0,0,0,0,1,Longo da via,Bom,Não existe,Perfeito estado,Seca,Perfeito estado,Não existe,Não hA placas,60 km/h,Dupla,Canteiro central,,
2021-08-16,segunda-feira ,12:23:00,COM VÍTIMA,BONGI,EST,EST DO BONGI,,,PRÓXIMO A LANCHONETE BOKA LOKA,BONGI,,CIDADE,COLISÃO FRONTAL,1,1,0,0,0,0,0,0,0,1,0,Longo da via,Bom,Sem defeito,Perfeito estado,Seca,Perfeito estado,Não existe,Não hA placas,30 km/h,Dupla,Faixa seccionada,,
2021-08-16,segunda-feira ,12:29:00,COM VÍTIMA,SANTO AMARO,RUA,RUA TREZE DE MAIO,,,EM FRENTE DA PRAÇA DO CAMPO SANTO,SANTO AMARO,,SUBURBIO,COLISÃO LATERAL,1,1,0,0,0,0,0,0,0,1,0,Longo da via,Bom,Não existe,Perfeito estado,Seca,Perfeito estado,Não existe,Outras,,Dupla,Faixa contínua,,