data,dia_semana,hora,natureza,bairro,logradouro_endereco,endereco,logradouro_detalhe_endereco,detalhe_endereco_acidente,complemento,bairro_cruzamento,num_semaforo,sentido_via,tipo,auto,moto,ciclom,ciclista,pedestre,onibus,caminhao,viatura,outros,vitimas,vitimasfatais,acidente_verificado,tempo_clima,situacao_semaforo,sinalizacao,condicao_via,conservacao_via,ponto_controle,situacao_placa,velocidade_max_via,mao_direcao,divisao_via1,divisao_via2,divisao_via3
2021-08-16,segunda-feira ,13:51:00,COM VÍTIMA,AFOGADOS,RUA,RUA MOTOCOLOMBO,,,AO LADO DA IGREJA PRESBITERIANA DO LARGO DA PAZ,AFOGADOS,,SUBURBIO,COLISÃO FRONTAL,1,1,0,0,0,0,0,0,0,1,0,Longo da via,Bom,Não existe,Não existente,Seca,Perfeito estado,Não existe,Não hA placas,,Única,Faixa seccionada,,
2021-08-16,segunda-feira ,15:13:00,COM VÍTIMA,DERBY,AVENIDA,AVENIDA GOVERNADOR AGAMENON MAGALHAES,,,SOB O SEMAFORO N° 75,DERBY,75,SUBURBIO,COLISÃO TRASEIRA,1,1,0,0,0,0,0,0,0,1,0,Cruzamento,Bom,Sem defeito,Perfeito estado,Seca,Perfeito estado,Faixa de pedestre,Outras,60 km/h,Dupla,Canal,,
2021-08-16,segunda-feira ,17:30:00,VÍTIMA FATAL,SANTO AMARO,AVENIDA,AVENIDA GOVERNADOR AGAMENON MAGALHAES,,,SOB O VIADUTO DA AVENIDA NORTE,SANTO AMARO,,SUBURBIO,ATROPELAMENTO DE PESSOA,0,0,0,0,1,1,0,0,0,1,1,Longo da via,Bom,,Perfeito estado,Seca,,,,,,,,
2021-08-16,segunda-feira ,18:04:00,COM VÍTIMA,BOA VIAGEM,RUA,RUA BALTAZAR PASSOS,RUA,RUA JOSE HIPOLITO CARDOSO,E/F AO CAFE SAO BRAZ,BOA VIAGEM,,,COLISÃO FRONTAL,1,2,0,0,0,0,0,0,0,1,0,Cruzamento,Bom,Não existe,Perfeito estado,Seca,Perfeito estado,Faixa de pedestre,"Placas ""Pare""",,Única,Não existe,,
2021-08-16,segunda-feira ,19:43:00,COM VÍTIMA,BOA VIAGEM,AVENIDA,AVENIDA BOA VIAGEM,,,E/F AO EDF MAR DEL PLATA E ORLA,BOA VIAGEM,,CIDADE,ATROPELAMENTO DE PESSOA,0,1,0,0,1,0,0,0,0,1,0,Longo da via,Bom,Sem defeito,Perfeito estado,Seca,Perfeito estado,,Outras,50 km/h,Única,,,
2021-08-16,segunda-feira ,19:53:00,COM VÍTIMA,CABANGA,AVENIDA,AVENIDA ENGENHEIRO JOSE ESTELITA,,,EM FRENTE AO GABANGA IATE  CLUBE,CABANGA,,,COLISÃO LATERAL,0,0,0,0,0,0,0,0,0,1,0,,,,,,,,,,,,,
2021-08-16,segunda-feira ,20:13:00,COM VÍTIMA,CAJUEIRO,AVENIDA,AVENIDA SEBASTIAO SALAZAR,,,PRÓX AO BAR DA FAVA E POSTO BRAZ CAJUEIRO,CAJUEIRO,,,COLISÃO LATERAL,1,1,0,0,0,0,0,0,0,1,0,Longo da via,Bom,Não existe,Perfeito estado,Seca,Perfeito estado,Não existe,Outras,,Dupla,Faixa contínua,,
2021-08-16,segunda-feira ,22:38:40,COM VÍTIMA,BAIRRO DO RECIFE,AVENIDA,AVENIDA MARQUES DE OLINDA,RUA,RUA MADRE DEUS,E/F AOS CORREIOS,BAIRRO DO RECIFE,20,SUBURBIO,COLISÃO LATERAL,1,0,0,0,0,1,0,0,0,1,0,Cruzamento,Chuvoso,Intermitente,Perfeito estado,Molhada,Perfeito estado,Faixa de pedestre,Outras,,Única,Faixa seccionada,,
2021-08-17,terça-feira ,00:12:00,COM VÍTIMA,DERBY,AVENIDA,AVENIDA GOVERNADOR AGAMENON MAGALHAES,RUA,RUA JOAQUIM NABUCO,EM FRENTE AO HOSPITAL DA RESTAURAÇÃO,DERBY,174,SUBURBIO,COLISÃO TRANSVERSAL,0,0,0,0,0,0,0,0,0,1,0,Cruzamento,Bom,Sem defeito,Perfeito estado,Seca,Perfeito estado,Faixa de pedestre,R-6a,50 km/h,Dupla,Canal,,
2021-08-17,terça-feira ,07:48:00,SEM VÍTIMA,ARRUDA,AVENIDA,AVENIDA BEBERIBE,,,"REGIONAL NORTE, APOIO A EMLURB,GEOP, GCUTI",ARRUDA,,SUBURBIO,,0,0,0,0,0,0,0,0,0,0,0,,,,,,,,,,,,,
2021-08-17,terça-feira ,10:28:00,SEM VÍTIMA,JOANA BEZERRA,AVENIDA,AVENIDA BEIRA RIO,VIADUTO,VIADUTO CAPITAO TEMUDO,AO LADO DO FORUM DES RODOLFO AURELIANO,JOANA BEZERRA,38,CIDADE,COLISÃO TRASEIRA,1,0,0,0,0,0,0,1,0,0,0,Longo da via,Bom,Sem defeito,Incompleta,Seca,Perfeito estado,,R-6a,,Dupla,Faixa contínua,,
2021-08-17,terça-feira ,10:24:00,COM VÍTIMA,BOA VIAGEM,AVENIDA,AVENIDA ENGENHEIRO DOMINGOS FERREIRA,RUA,RUA FELIX DE BRITO E MELO,PROX. A PAPIC PAPELARIA,BOA VIAGEM,545,CIDADE,COLISÃO LATERAL,1,1,0,0,0,0,0,0,0,1,0,Cruzamento,Bom,Sem defeito,Perfeito estado,Seca,Perfeito estado,Faixa de pedestre,,,Única,Canteiro central,,
2021-08-17,terça-feira ,12:15:00,COM VÍTIMA,TAMARINEIRA,AVENIDA,AVENIDA NORTE MIGUEL ARRAES DE ALENCAR,,,EM FRENTE A CANTANHEDE DIESEL,TAMARINEIRA,,SUBURBIO,ATROPELAMENTO DE PESSOA,0,1,0,0,1,0,0,0,0,1,0,Longo da via,Bom,Não existe,Perfeito estado,Seca,Perfeito estado,Não existe,R-6a,,Dupla,Faixa seccionada,Canteiro central,
2021-08-17,terça-feira ,13:21:00,COM VÍTIMA,BAIRRO DO RECIFE,CAIS,CAIS DO APOLO,,,EM FRENTE A PREFEITURA DO RECIFE,BAIRRO DO RECIFE,436,SUBURBIO,QUEDA,0,1,0,0,0,0,0,0,0,1,0,Longo da via,Chuvoso,Sem defeito,Perfeito estado,Molhada,Perfeito estado,Faixa de pedestre,Outras,,Única,Faixa seccionada,,
2021-08-17,terça-feira ,13:55:00,COM VÍTIMA,VARZEA,AVENIDA,AVENIDA AFONSO OLINDENSE,,,E/F A SECRETARIA DE EDUCAÇAO,VARZEA,,CIDADE,COLISÃO LATERAL,0,1,0,0,0,0,0,1,0,1,0,Longo da via,Chuvoso,Não existe,Perfeito estado,Molhada,Perfeito estado,Não existe,Não hA placas,,Dupla,Faixa contínua,,
2021-08-17,terça-feira ,15:16:00,COM VÍTIMA,ZUMBI,AVENIDA,AVENIDA CAXANGA,,,LADO OPOSTO AO NÚMERO 345,ZUMBI,,SUBURBIO,COLISÃO COM CICLISTA,0,0,0,1,0,1,0,0,0,1,0,Longo da via,Bom,Não existe,Perfeito estado,Seca,Perfeito estado,Não existe,Não hA placas,,Dupla,Faixa contínua,Faixa seccionada,Canteiro central
2021-08-17,terça-feira ,17:29:00,COM VÍTIMA,SANTO AMARO,AVENIDA,AVENIDA PREFEITO ARTUR LIMA CAVALCANTI,,,PRÓXIMO A PONTE DO LIMOEIRO,SANTO AMARO,,SUBURBIO,COLISÃO TRASEIRA,1,1,0,0,0,0,0,0,0,1,0,Longo da via,Bom,Não existe,Perfeito estado,Seca,Perfeito estado,Não existe,Não hA placas,40 km/h,,Faixa seccionada,,
2021-08-17,terça-feira ,17:50:00,COM VÍTIMA,CORDEIRO,RUA,RUA GOMES TABORDA,,,PROXIMO AO ATACAREJO IDEAL,CORDEIRO,,CIDADE,COLISÃO LATERAL,1,1,0,0,0,0,0,0,0,1,0,Longo da via,Bom,Não existe,Incompleta,Seca,Mal iluminada,Não existe,R-6a,,Dupla,Faixa seccionada,,
2021-08-17,terça-feira ,18:42:00,COM VÍTIMA,BARRO,AVENIDA,AVENIDA DR JOSE RUFINO,RUA,RUA PEDRO JOSE VIEIRA,E/F AO PONTO IMPERIO,BARRO,,DUPLO,COLISÃO FRONTAL,1,1,0,0,0,0,0,0,0,1,0,Cruzamento,Bom,Não existe,Perfeito estado,Seca,Perfeito estado,Não existe,,,Dupla,Não existe,,
2021-08-17,terça-feira ,19:37:00,COM VÍTIMA,BOA VIAGEM,AVENIDA,AVENIDA BOA VIAGEM,RUA,RUA FRANCA PEREIRA,PROX AO SEGUNDO JARDIN,BOA VIAGEM,3,CIDADE,COLISÃO TRANSVERSAL,1,1,0,0,0,0,0,0,0,1,0,Longo da via,Bom,Sem defeito,Perfeito estado,Seca,Perfeito estado,Faixa de pedestre,Não hA placas,,Única,Faixa contínua,,
2021-08-17,terça-feira ,22:44:40,COM VÍTIMA,BAIRRO DO RECIFE,AVENIDA,AVENIDA ALFREDO LISBOA,,,E/F AO FORTE DO BRUM,BAIRRO DO RECIFE,,SUBURBIO,COLISÃO COM CICLISTA,1,0,0,2,0,0,0,0,0,2,0,Longo da via,Bom,Sem defeito,Perfeito estado,Seca,Mal iluminada,Faixa de pedestre,Outras,60 km/h,Única,Faixa seccionada,,
2021-08-18,quarta-feira ,08:29:00,COM VÍTIMA,SANTO AMARO,AVENIDA,AVENIDA PREFEITO ARTUR LIMA CAVALCANTI,,,"POR TRAS DO PREDIO DA CONTAX, NA CURVA",SANTO AMARO,,SUBURBIO,QUEDA,0,1,0,0,0,0,0,0,0,1,0,Longo da via,Bom,Não existe,Perfeito estado,Seca,Perfeito estado,Não existe,Não hA placas,,Dupla,Canteiro central,,
2021-08-18,quarta-feira ,09:39:00,SEM VÍTIMA,ILHA DO RETIRO,EST,EST DOS REMEDIOS,,,PROX. A HYUNDAI,ILHA DO RETIRO,,,COLISÃO TRASEIRA,2,0,0,0,0,0,0,0,0,0,0,,,,,,,,,,,,,
2021-08-18,quarta-feira ,09:50:00,SEM VÍTIMA,ESPINHEIRO,AVENIDA,AVENIDA GOVERNADOR AGAMENON MAGALHAES,RUA,RUA BUENOS AYRES,LADO OPOSTO A CAIXA ECONÔMICA FEDERAL,ESPINHEIRO,78,SUBURBIO,,1,0,0,0,0,0,1,0,0,0,0,Cruzamento,Bom,Sem defeito,Perfeito estado,Seca,Perfeito estado,Faixa de pedestre,Outras,,Dupla,Canal,,
2021-08-18,quarta-feira ,09:59:00,COM VÍTIMA,MADALENA,RUA,RUA DEMOCRITO DE SOUZA FILHO,RUA,RUA PROFESSOR JOSE TORRES PIRES,EM FRENTE A BARBEARIA BELEZA CAFE E MODA,MADALENA,,SUBURBIO,COLISÃO LATERAL,1,1,0,0,0,0,0,0,0,1,0,Cruzamento,Bom,Não existe,Perfeito estado,Seca,Perfeito estado,Não existe,R-3,,Única,Não existe,,
2021-08-18,quarta-feira ,11:29:00,COM VÍTIMA,PAISSANDU,AVENIDA,AVENIDA GOVERNADOR AGAMENON MAGALHAES,,,PROXIMO AO BRADESCO PRIME,PAISSANDU,,BOA VIAGEM,COLISÃO TRASEIRA,1,1,0,0,0,0,0,0,0,1,0,Longo da via,Bom,Não existe,Não existente,Seca,Perfeito estado,Não existe,Não hA placas,60 km/h,Única,Faixa seccionada,,
2021-08-18,quarta-feira ,12:11:00,COM VÍTIMA,BOA VIAGEM,AVENIDA,AVENIDA ENGENHEIRO DOMINGOS FERREIRA,,,EM FRENTE AO EMPRESARIAL SAN MARINO,BOA VIAGEM,,SUBURBIO,COLISÃO LATERAL,1,1,0,0,0,0,0,0,0,1,0,Longo da via,Bom,Não existe,Perfeito estado,Seca,Perfeito estado,Não existe,Não hA placas,,Dupla,Canteiro central,,
2021-08-18,quarta-feira ,11:55:00,COM VÍTIMA,CASA AMARELA,RUA,RUA PADRE LEMOS,,,AO LADO DA ASSEMBLEIA DE DEUS,CASA AMARELA,369,SUBURBIO,COLISÃO LATERAL,1,1,0,0,0,0,0,0,0,1,0,Longo da via,Bom,Sem defeito,Incompleta,Seca,Mal conservada,Faixa de pedestre,Outras,30 km/h,Dupla,Não existe,,
2021-08-19,quinta-feira ,06:31:00,COM VÍTIMA,BOA VISTA,RUA,RUA JOSE DE ALENCAR,RUA,RUA BARAO DE SAO BORJA,HOTEL BOA VISTA,BOA VISTA,,CIDADE,COLISÃO FRONTAL,1,0,0,0,0,0,0,0,1,1,0,Cruzamento,Chuvoso,Não existe,Perfeito estado,Molhada,Perfeito estado,Faixa de pedestre,Outras,,Única,Outros,,
2021-08-19,quinta-feira ,07:48:00,COM VÍTIMA,BEBERIBE,AVENIDA,AVENIDA BEBERIBE,,,LOJA KI BIKE,BEBERIBE,,SUBURBIO,COLISÃO COM CICLISTA,0,0,0,1,0,0,0,0,0,1,0,Longo da via,Nublado,Não existe,Perfeito estado,Molhada,Perfeito estado,Não existe,R-6a,,Dupla,Faixa seccionada,,
2021-08-19,quinta-feira ,12:59:00,COM VÍTIMA,MADALENA,RUA,RUA DEMOCRITO DE SOUZA FILHO,RUA,RUA PROFESSOR JOSE TORRES PIRES,PRÓX À ASSOCIAÇÃO NOSSA SENHORA DO PERPÉTUO SOCORRO,MADALENA,,CIDADE,COLISÃO FRONTAL,1,0,0,0,0,0,0,0,0,1,0,Cruzamento,Chuvoso,Não existe,Incompleta,Molhada,Perfeito estado,Não existe,Não hA placas,,Única,Não existe,,
2021-08-19,quinta-feira ,15:28:00,SEM VÍTIMA,TORROES,AVENIDA,AVENIDA ENGENHEIRO ABDIAS DE CARVALHO,EST,EST DO FORTE DO ARRAIAL N. DO B. JESUS,KI XOI GALETOS,TORRÕES,375,SUBURBIO,COLISÃO TRASEIRA,1,0,0,0,0,0,2,0,0,0,0,Longo da via,Chuvoso,Sem defeito,Perfeito estado,Molhada,Perfeito estado,Faixa de pedestre,,60 km/h,Dupla,Faixa seccionada,Canteiro central,
2021-08-19,quinta-feira ,17:54:00,COM VÍTIMA,SAN MARTIN,AVENIDA,AVENIDA GENERAL SAN MARTIN,,,PTOXIMO A ESCOLA ADVENTISTA DE SAN MARTIN,SAN MARTIN,,NORTE / SUL,COLISÃO FRONTAL,0,2,0,0,0,0,0,0,0,1,0,Longo da via,Bom,Não existe,Perfeito estado,Seca,Perfeito estado,Não existe,Não hA placas,40 km/h,Dupla,Faixa contínua,,
2021-08-19,quinta-feira ,18:55:00,COM VÍTIMA,CASA AMARELA,EST,EST DO ENCANAMENTO,RUA,RUA DA HARMONIA,NO CRUZAMENTO,CASA AMARELA,435,,ATROPELAMENTO DE PESSOA,0,1,0,0,1,0,0,0,0,1,0,,,,,,,,,,,,,
2021-08-19,quinta-feira ,19:48:00,COM VÍTIMA,SANTO AMARO,RUA,RUA AURORA,,,PRÓX A TV GLOBO,SANTO AMARO,,SUBURBIO,ATROPELAMENTO DE ANIMAL,1,0,0,0,0,0,0,0,0,1,0,Longo da via,Bom,Não existe,Perfeito estado,Seca,Perfeito estado,Não existe,Não hA placas,,Dupla,Faixa contínua,Canteiro central,
2021-08-20,sexta-feira ,00:49:00,COM VÍTIMA,GRACAS,RUA,RUA ALBERTO PAIVA,RUA,RUA ANTONIO NOVAIS,APÓS A PIZZARIA HUT,GRAÇAS,,DUPLO,COLISÃO LATERAL,2,0,0,0,0,0,0,0,0,2,0,Cruzamento,Chuvoso,Sem defeito,Perfeito estado,Molhada,Perfeito estado,Faixa de pedestre,Não hA placas,,Dupla,Não existe,,
2021-08-20,sexta-feira ,08:18:00,COM VÍTIMA,CASA AMARELA,AVENIDA,AVENIDA NORTE MIGUEL ARRAES DE ALENCAR,,,"EM FRENTE A RETIFICA PADRÃO, SENT. CIDADE",CASA AMARELA,95,CIDADE,COLISÃO TRASEIRA,1,1,0,0,0,0,0,0,0,1,0,Longo da via,Chuvoso,Sem defeito,Perfeito estado,Molhada,Perfeito estado,Faixa de pedestre,Outras,60 km/h,Dupla,Canteiro central,,
2021-08-20,sexta-feira ,10:11:00,COM VÍTIMA,CASA AMARELA,COR,COR DO BARTOLOMEU,,,E/F CENTRO SOCIAL DOS SERVIDORES DO RECIFE,CASA AMARELA,,SUBURBIO,COLISÃO TRANSVERSAL,0,2,0,0,0,0,0,0,0,2,0,Longo da via,Chuvoso,Não existe,Perfeito estado,Molhada,Perfeito estado,Não existe,R-6a,30 km/h,Dupla,Faixa seccionada,,
2021-08-20,sexta-feira ,11:24:00,COM VÍTIMA,SANTO AMARO,AVENIDA,AVENIDA CRUZ CABUGA,RUA,RUA FREI CASSIMIRO,,SANTO AMARO,,SUBURBIO,COLISÃO TRASEIRA,0,1,0,0,0,0,1,0,0,1,0,Cruzamento,Chuvoso,Não existe,Perfeito estado,Seca,Perfeito estado,Não existe,R-6a,,Dupla,Faixa contínua,,
2021-08-20,sexta-feira ,16:31:00,COM VÍTIMA,MADALENA,RUA,RUA REAL DA TORRE,RUA,RUA DES LUIZ SALAZAR,PROX AO MERCADO DA MADALENA  VT 08 NO LOCAL,MADALENA,,SUBURBIO,COLISÃO LATERAL,2,0,0,0,0,0,0,0,0,1,0,Longo da via,Chuvoso,Não existe,Perfeito estado,Molhada,Perfeito estado,Não existe,Não hA placas,60 km/h,Única,Não existe,,
2021-08-21,sábado ,00:03:00,COM VÍTIMA,JARDIM SAO PAULO,AVENIDA,AVENIDA LIBERDADE,,,"APOS AO N° 125, SOBRE O VIADUTO",JARDIM SÃO PAULO,,CIDADE,COLISÃO FRONTAL,1,1,0,0,0,0,0,0,0,1,0,Longo da via,Bom,Não existe,,Seca,Perfeito estado,Não existe,Não hA placas,60 km/h,Dupla,Faixa contínua,,
2021-08-21,sábado ,11:19:00,COM VÍTIMA,BEBERIBE,RUA,RUA ARAO BOTLER,,,EM FRENTE A GALERIA DO TERRAÇO,BEBERIBE,,SUBURBIO,COLISÃO LATERAL,1,1,0,0,0,0,0,0,0,2,0,Longo da via,Bom,,Perfeito estado,Seca,Perfeito estado,Não existe,Não hA placas,,Única,Não existe,,
2021-08-21,sábado ,15:08:00,COM VÍTIMA,ILHA DO RETIRO,RUA,RUA SPORT CLUBE DO RECIFE,,,EM FRENTE A SEDE SPORT CLUB DO REIFE,ILHA DO RETIRO,367,CIDADE,COLISÃO TRASEIRA,1,1,0,0,0,0,0,0,0,1,0,Longo da via,Bom,Sem defeito,Perfeito estado,Seca,Perfeito estado,,Não hA placas,,Dupla,Faixa contínua,Canteiro central,
2021-08-21,sábado ,17:02:00,COM VÍTIMA,IMBIRIBEIRA,AVENIDA,AVENIDA MARECHAL MASCARENHAS DE MORAES,,,VIADUTO DA MASCARENHAS DE MORAES / AEROPORTO / SENTIDO RECIFE.,IMBIRIBEIRA,,,COLISÃO LATERAL,1,1,0,0,0,0,0,0,0,1,0,,,,,,,,,,,,,
2021-08-21,sábado ,17:02:00,COM VÍTIMA,BOA VIAGEM,AVENIDA,AVENIDA ENGENHEIRO DOMINGOS FERREIRA,RUA,RUA PROFESSOR JOSE BRANDAO,ENFRENTE A FARMACIA INDEPENDENTE,BOA VIAGEM,550,SUBURBIO,ENGAVETAMENTO,3,0,0,0,0,0,0,0,0,1,0,Longo da via,Bom,Sem defeito,Perfeito estado,Seca,Perfeito estado,Faixa de pedestre,Outras,,Única,Faixa contínua,,
2021-08-21,sábado ,17:10:00,COM VÍTIMA,JORDAO,AVENIDA,AVENIDA MARIA IRENE,RUA,RUA CRISTALIA,ESQUINA DO MERCADINHO EVA RAÇOES,JORDÃO,,CIDADE,COLISÃO LATERAL,1,1,0,0,0,0,0,0,0,1,0,Longo da via,Bom,Não existe,Perfeito estado,Seca,Perfeito estado,Não existe,Não hA placas,40 km/h,Dupla,,,
2021-08-21,sábado ,22:36:40,COM VÍTIMA,MACAXEIRA,RUA,RUA MARIA CANDIDA,AVENIDA,AVENIDA NORTE MIGUEL ARRAES DE ALENCAR,PARQUE IRANO DA MACAXEIRA,MACAXEIRA,,SUBURBIO,COLISÃO LATERAL,1,1,0,0,0,0,0,0,0,1,0,Cruzamento,Chuvoso,Sem defeito,Perfeito estado,Seca,Perfeito estado,Faixa de pedestre,Outras,,Dupla,Faixa seccionada,,
2021-08-22,domingo ,13:02:00,COM VÍTIMA,ILHA JOANA BEZERRA,VIADUTO,VIADUTO PAPA JOAO PAULO II,,,SOB O VIADUTO,ILHA JOANA BEZERRA,,RECIFE / OLINDA,COLISÃO LATERAL,0,2,0,0,0,0,0,0,0,1,0,Longo da via,Bom,Não existe,Perfeito estado,Seca,Perfeito estado,Outros,Outras,60 km/h,Dupla,Canteiro central,,
2021-08-22,domingo ,14:29:00,COM VÍTIMA,SANTO AMARO,AVENIDA,AVENIDA CRUZ CABUGA,,,E/F AO CISNE S/T OLINDA,SANTO AMARO,,,COLISÃO LATERAL,2,0,0,0,0,0,0,0,0,1,0,,,,,,,,,,,,,
2021-08-22,domingo ,16:52:00,COM VÍTIMA,JORDAO,AVENIDA,AVENIDA GOVERNADOR ROBERTO SILVEIRA,RUA,RUA DES EVANDRO NETTO,APOS O TERMINAL DE ONIBUS DO JORDAO BAIXO PRIMEIRA RUA,JORDÃO,,,COLISÃO LATERAL,1,0,0,0,0,0,0,0,0,1,0,Cruzamento,Chuvoso,Não existe,Perfeito estado,Seca,Perfeito estado,Faixa de pedestre,R-24a,,Única,Não existe,,
2021-08-23,segunda-feira ,09:15:00,SEM VÍTIMA,MADALENA,AVENIDA,AVENIDA JOSE GONCALVES DE MEDEIROS,RUA,RUA SENADOR FABIO DE BARROS,EM FRENTE A PORTO SEGURO,MADALENA,,SUBURBIO,COLISÃO TRANSVERSAL,1,0,0,0,0,0,0,1,0,0,0,Cruzamento,Nublado,Não existe,Perfeito estado,Seca,Perfeito estado,Não existe,R-6a,,Dupla,Faixa contínua,Faixa seccionada,
2021-08-23,segunda-feira ,10:07:00,COM VÍTIMA,CASA AMARELA,AVENIDA,AVENIDA NORTE MIGUEL ARRAES DE ALENCAR,,,AO LADO ARMAZEM CORAL ACHAQUI,CASA AMARELA,,CIDADE,COLISÃO LATERAL,0,1,0,0,0,0,1,0,0,1,0,Longo da via,Chuvoso,Não existe,Perfeito estado,Seca,Perfeito estado,Não existe,R-6a,60 km/h,Dupla,Faixa seccionada,Canteiro central,
2021-08-23,segunda-feira ,14:29:00,COM VÍTIMA,SANTO ANTONIO,AVENIDA,AVENIDA GUARARAPES,RUA,RUA DO SOL,EM FRENTE AOS CORREIOS,SANTO ANTÔNIO,14,SUBURBIO,COLISÃO LATERAL,0,2,0,0,0,0,0,0,0,1,0,Cruzamento,Bom,Sem defeito,Perfeito estado,Seca,Perfeito estado,Faixa de pedestre,Não hA placas,,Dupla,Canteiro central,,
2021-08-23,segunda-feira ,15:45:00,COM VÍTIMA,CORDEIRO,AVENIDA,AVENIDA CAXANGA,RUA,RUA N S DA SAUDE,EM FRENTE À AGROÚTIL,CORDEIRO,,SUBURBIO,COLISÃO TRASEIRA,1,1,0,0,0,0,0,0,0,1,0,Longo da via,Bom,Sem defeito,Perfeito estado,Seca,Perfeito estado,Faixa de pedestre,Não hA placas,,Dupla,Canteiro central,,
2021-08-23,segunda-feira ,16:55:00,COM VÍTIMA,CASA FORTE,AVENIDA,AVENIDA DEZESSETE DE AGOSTO,,,E/F AO PLAZA,CASA FORTE,345,SUBURBIO,COLISÃO COM CICLISTA,1,0,0,1,0,0,0,0,0,1,0,Longo da via,Bom,Sem defeito,Perfeito estado,Seca,Perfeito estado,Faixa de pedestre,R-6a,,Dupla,Faixa contínua,,
2021-08-23,segunda-feira ,19:37:00,COM VÍTIMA,IMBIRIBEIRA,AVENIDA,AVENIDA SUL,,,E/F AO TI TRANCREDO NEVES,IMBIRIBEIRA,,SUBURBIO,COLISÃO LATERAL,1,1,0,0,0,0,0,0,0,1,0,Longo da via,Bom,Não existe,Perfeito estado,Seca,Perfeito estado,Não existe,Não hA placas,,Única,Não existe,,
2021-08-24,terça-feira ,08:43:00,SEM VÍTIMA,BOA VIAGEM,AVENIDA,AVENIDA CELSO FURTADO (VIA MANGUE),,,"A 200M DO SUPERMERCADO EXTRA ( PISTA OESTE) , SENTIDO CIDADE / SUBÚRBIO",BOA VIAGEM,,SUBURBIO,CHOQUE,1,0,0,0,0,0,0,0,0,0,0,Longo da via,Bom,Não existe,Perfeito estado,Molhada,Perfeito estado,,R-19,,Dupla,Canteiro central,,
2021-08-24,terça-feira ,09:41:00,SEM VÍTIMA,BOA VIAGEM,RUA,RUA REMIGIO,,,TÚNEL FELIPE CAMARÃO ( LOCAL EXATO),BOA VIAGEM,,SUBURBIO,CHOQUE,0,0,0,0,0,0,0,1,0,0,0,Longo da via,Bom,Não existe,Incompleta,Seca,Mal conservada,Não existe,Não hA placas,,Dupla,Canteiro central,,
2021-08-24,terça-feira ,12:15:00,COM VÍTIMA,BOA VIAGEM,RUA,RUA PROFESSOR JOAO MEDEIROS,RUA,RUA BRUNO VELOSO,PROX ACADEMIA R2 S/T BEIRA MAR,BOA VIAGEM,335,CIDADE,COLISÃO LATERAL,1,1,0,0,0,0,0,0,0,1,0,Cruzamento,Bom,Sem defeito,Perfeito estado,Seca,Perfeito estado,Faixa de pedestre,Outras,,Dupla,Faixa contínua,Faixa seccionada,Canteiro central
2021-08-10,terça-feira ,18:20:00,COM VÍTIMA,DOIS UNIDOS,RUA,RUA DIVISOPOLIS,,,ESCOLA MUNICIPAL ALTO DO MARACANÃ,DOIS UNIDOS,,CIDADE,ATROPELAMENTO DE PESSOA,0,1,0,0,1,0,0,0,0,1,0,Longo da via,Bom,Não existe,Não existente,Seca,Mal iluminada,Não existe,Não hA placas,30 km/h,Dupla,Não existe,,
2021-08-24,terça-feira ,15:56:00,COM VÍTIMA,TAMARINEIRA,EST,EST VELHA DE AGUA FRIA,AVENIDA,AVENIDA PROFESSOR JOSE DOS ANJOS,SOBE O SEMAFORO 306,TAMARINEIRA,306,SUBURBIO,QUEDA,0,1,0,0,0,0,0,0,0,1,0,Cruzamento,Bom,Sem defeito,Perfeito estado,Seca,Perfeito estado,Faixa de pedestre,,,Dupla,Canteiro central,,
2021-08-24,terça-feira ,16:00:00,COM VÍTIMA,AFOGADOS,RUA,RUA SAO MIGUEL,RUA,RUA JOVELINO SELVA,EM FRENTE AO CENTRO AUTOMOTIVO ABC,AFOGADOS,,CIDADE,COLISÃO LATERAL,2,1,0,0,0,0,0,0,0,1,0,Longo da via,Bom,Não existe,Perfeito estado,Seca,Perfeito estado,Não existe,Não hA placas,,Dupla,Faixa,,
2021-08-24,terça-feira ,18:57:00,COM VÍTIMA,IBURA,AVENIDA,AVENIDA DOIS RIOS,RUA,RUA RIO NEGRO,E/F A IGREJA  EL SHADAY,IBURA,,CIDADE,COLISÃO LATERAL,0,2,0,0,0,0,0,0,0,2,0,Cruzamento,Bom,Não existe,Perfeito estado,Seca,Perfeito estado,Não existe,Não hA placas,60 km/h,Dupla,Faixa contínua,Faixa seccionada,
2021-08-24,terça-feira ,18:57:00,SEM VÍTIMA,IBURA,AVENIDA,AVENIDA DOIS RIOS,RUA,RUA RIO BRIGIDA,EM FRENTE A FARMACIA INDEPENDENTE,IBURA,,SUBURBIO,COLISÃO TRASEIRA,1,1,0,0,0,0,0,0,0,0,0,Longo da via,Bom,Não existe,Perfeito estado,Seca,Perfeito estado,Não existe,Não hA placas,,Dupla,Faixa contínua,,