data,dia_semana,hora,natureza,bairro,logradouro_endereco,endereco,logradouro_detalhe_endereco,detalhe_endereco_acidente,complemento,bairro_cruzamento,num_semaforo,sentido_via,tipo,auto,moto,ciclom,ciclista,pedestre,onibus,caminhao,viatura,outros,vitimas,vitimasfatais,acidente_verificado,tempo_clima,situacao_semaforo,sinalizacao,condicao_via,conservacao_via,ponto_controle,situacao_placa,velocidade_max_via,mao_direcao,divisao_via1,divisao_via2,divisao_via3
2021-09-15,quarta-feira ,18:18:00,COM VÍTIMA,IMBIRIBEIRA,RUA,RUA ITAJAI,RUA,RUA PAMPULHA,CRUZAMENTO,IMBIRIBEIRA,,IPSEP,COLISÃO TRANSVERSAL,1,1,0,0,0,0,0,0,0,1,0,Cruzamento,Bom,Não existe,Perfeito estado,Seca,Mal iluminada,Não existe,"Placas ""Pare""",,Dupla,Faixa seccionada,,
2021-09-15,quarta-feira ,18:26:00,COM VÍTIMA,TORRE,RUA,RUA JOSE BONIFACIO,RUA,RUA JOSE DE HOLANDA,E/F AO MERCADO PUBLICO DA TORRE,TORRE,601,SUBURBIO,COLISÃO FRONTAL,1,1,0,0,0,0,0,0,0,1,0,Cruzamento,Bom,Sem defeito,Perfeito estado,Seca,Perfeito estado,Não existe,Não hA placas,,Única,Faixa contínua,,
2021-09-15,quarta-feira ,18:46:00,COM VÍTIMA,IMBIRIBEIRA,RUA,RUA JEAN EMILE FAVRE,RUA,RUA IZABEL DE SOUZA,PROX AO BRADESCO,IMBIRIBEIRA,,SUBURBIO,COLISÃO TRANSVERSAL,2,0,0,0,0,0,0,0,0,1,0,Cruzamento,Bom,Sem defeito,Perfeito estado,Seca,Perfeito estado,Agente,Outras,,Dupla,Faixa contínua,,
2021-09-16,quinta-feira ,07:30:00,COM VÍTIMA,CIDADE UNIVERSITARIA,RUA,RUA EMILIANO BRAGA,AVENIDA,AVENIDA PROFESSOR MORAES REGO,EM FRENTE AO TI CDU,CIDADE UNIVERSITARIA,,SUBURBIO,COLISÃO TRANSVERSAL,0,1,0,0,0,1,0,0,0,1,0,Longo da via,Bom,Não existe,Perfeito estado,Seca,Perfeito estado,Não existe,R-6a,30 km/h,Única,Faixa seccionada,,
2021-09-16,quinta-feira ,09:36:00,SEM VÍTIMA,AFOGADOS,RUA,RUA ESCRITOR ALVARO LINS,,,EM FRENTE AO CONDOMÍNIO MARIA LUIZA,AFOGADOS,,SUBURBIO,CHOQUE,0,0,0,0,0,0,1,0,0,0,0,Longo da via,Bom,Não existe,Não existente,Seca,Perfeito estado,Não existe,Não hA placas,30 km/h,Dupla,Não existe,,
2021-09-16,quinta-feira ,12:20:00,COM VÍTIMA,CORDEIRO,AVENIDA,AVENIDA MAURICIO DE NASSAU,,,AO LADO DA CRECHE LUTANDO SE CONQUISTA,CORDEIRO,,CIDADE,COLISÃO TRANSVERSAL,1,1,0,0,0,0,0,0,0,1,0,Longo da via,Bom,Não existe,Perfeito estado,Seca,Perfeito estado,Não existe,Não hA placas,,Dupla,,,
2021-09-16,quinta-feira ,12:42:00,SEM VÍTIMA,CASA FORTE,RUA,RUA LEONARDO BEZERRA CAVALCANTE,RUA,RUA IGARASSU,"COLISÃO ENTRE VEÍCULOS - ENVOLVENDO UM AGENTE DE SEGURANÇA MUNICIPAL, REF EM FRENTE AO BIG BOMPREÇO",CASA FORTE,,SUBURBIO,COLISÃO FRONTAL,0,2,0,0,0,0,0,0,0,0,0,,,,,,,,,,,,,
2021-09-16,quinta-feira ,13:50:00,SEM VÍTIMA,SANTO AMARO,AVENIDA,AVENIDA DR JAYME DA FONTE,,,LADO OPOSTO A COMPESA,SANTO AMARO,,CIDADE,COLISÃO TRASEIRA,1,1,0,0,0,0,0,0,0,0,0,Longo da via,Bom,Não existe,Perfeito estado,Seca,Perfeito estado,Não existe,Outras,,Dupla,Faixa seccionada,Canteiro central,
2021-09-16,quinta-feira ,16:55:00,COM VÍTIMA,SANTO AMARO,AVENIDA,AVENIDA CRUZ CABUGA,RUA,RUA DOIS DE JULHO,"RUA DA CONTAX APOIO A EQUIPE DE BATEDORES KELVYN  / DIEGO CARVALHO - SITUAÇÃO DE ACIDENTE COM VÍTIMA, NECESSARIO ADEQUA A SINALIZAÇÃO, QUESTÃO DE SEGURANÇA VIARIA",SANTO AMARO,,CIDADE,COLISÃO FRONTAL,1,1,0,0,0,0,0,0,0,1,0,Cruzamento,Bom,Não existe,Perfeito estado,Seca,Perfeito estado,Não existe,Não hA placas,,Dupla,Faixa contínua,,
2021-09-16,quinta-feira ,20:18:00,COM VÍTIMA,MACAXEIRA,RUA,RUA DOLORES SALGADO,,,PROX AO PARQUE DA MACAXEIRA,MACAXEIRA,,SUBURBIO,COLISÃO FRONTAL,1,1,0,0,0,0,0,0,0,1,0,Outros,Bom,Não existe,Não existente,Seca,Mal iluminada,Não existe,Outras,,Dupla,,,
2021-09-16,quinta-feira ,20:51:40,COM VÍTIMA,CAMPINA DO BARRETO,AVENIDA,AVENIDA POETA VINICIUS DE MORAIS,RUA,RUA CAMPO REDONDO,PROX A PADARIA CORAÇAO DE MAE,CAMPINA DO BARRETO,,SUBURBIO,COLISÃO TRANSVERSAL,1,1,0,0,0,0,0,0,0,1,0,Esquina,Bom,Não existe,Perfeito estado,Seca,Perfeito estado,Não existe,Não hA placas,40 km/h,Dupla,Faixa seccionada,,
2021-09-16,quinta-feira ,23:10:40,COM VÍTIMA,SANTO ANTONIO,PTE,PTE PRINCESA IZABEL,,,EM FRENTE AO TEATRO SANTA ISABEL,SANTO ANTÔNIO,,CIDADE,CHOQUE,0,0,0,0,0,0,0,1,0,1,0,Longo da via,Bom,Não existe,Perfeito estado,Seca,Perfeito estado,Não existe,Não hA placas,,Única,Faixa seccionada,,
2021-09-17,sexta-feira ,06:49:00,COM VÍTIMA,IPUTINGA,AVENIDA,AVENIDA CAXANGA,,,EMBAIXO DO VIADUTO DA CAXANGA,IPUTINGA,,CIDADE,COLISÃO TRASEIRA,1,2,0,0,0,0,0,0,0,1,0,,,,,,,,,,,,,
2021-09-17,sexta-feira ,07:54:00,COM VÍTIMA,BOA VISTA,AVENIDA,AVENIDA GOVERNADOR AGAMENON MAGALHAES,,,E/F AO ESTACIONAMENTO SANPARK  (SENT. OLINDA) // VIA LATERAL,BOA VISTA,,OLINDA,COLISÃO FRONTAL,1,1,0,0,0,0,0,0,0,1,0,Longo da via,Bom,Não existe,Perfeito estado,Seca,Perfeito estado,Não existe,Não hA placas,60 km/h,Dupla,Canal,,
2021-09-17,sexta-feira ,08:15:00,COM VÍTIMA,IBURA,RUA,RUA EXP FRANCISCO VITORIANO,,,E/F AO MERCADINHO KI ECONOMIA,IBURA,,,COLISÃO FRONTAL,0,2,0,0,0,0,0,0,0,1,0,Longo da via,Bom,Não existe,Incompleta,Seca,Perfeito estado,Não existe,R-6a,,Dupla,Não existe,,
2021-09-17,sexta-feira ,13:58:00,COM VÍTIMA,MADALENA,RUA,RUA DR JOSE MARCELINO,RUA,RUA CARLOS ESTEVAO,RUA RESIDENCIAL,MADALENA,,SUBURBIO,COLISÃO FRONTAL,1,1,0,0,0,0,0,0,0,1,0,Longo da via,Bom,Não existe,Não existente,Seca,Perfeito estado,Não existe,Não hA placas,,,Não existe,,
2021-09-17,sexta-feira ,15:51:00,COM VÍTIMA,SANCHO,RUA,RUA APRIGIO GUIMARAES,,,LADO OPOSTO A PADARIA E SUPERMERCADO,SANCHO,,SUBURBIO,COLISÃO LATERAL,0,2,0,0,0,0,0,0,0,1,0,Longo da via,Bom,Não existe,,Seca,Perfeito estado,Não existe,Não hA placas,,Dupla,Faixa seccionada,,
2021-09-17,sexta-feira ,16:13:00,COM VÍTIMA,AFOGADOS,EST,EST DOS REMEDIOS,,,DENTRO DO TERMINAL DE AFOGADOS,AFOGADOS,,,ATROPELAMENTO DE PESSOA,0,0,0,0,1,1,0,0,0,1,0,Outros,Bom,Não existe,Perfeito estado,Seca,Perfeito estado,Não existe,Não hA placas,,,Não existe,,
2021-09-17,sexta-feira ,18:23:00,SEM VÍTIMA,BAIRRO DO RECIFE,RUA,RUA DO BRUM,,,SINDICATO DOS ESTIVADORES,BAIRRO DO RECIFE,,CIDADE,CHOQUE,2,0,0,0,0,0,0,0,0,0,0,Longo da via,Bom,Não existe,Não existente,Seca,Perfeito estado,Não existe,Outras,,Única,Não existe,,
2021-09-17,sexta-feira ,20:34:40,COM VÍTIMA,TORROES,RUA,RUA DR FLAVIO FERREIRA DA SILVA MAROJO,,,EM FRENTE A DISTRIBUIDORA CASA DO GRANITO,TORRÕES,,CIDADE,ATROPELAMENTO DE PESSOA,0,1,0,0,1,0,0,0,0,1,0,Longo da via,Bom,Não existe,Ilegível,Seca,Mal iluminada,Não existe,Não hA placas,,Única,Não existe,,
2021-09-17,sexta-feira ,21:58:40,COM VÍTIMA,CAMPO GRANDE,RUA,RUA JERONIMO VILELA,EST,EST DE BELEM,EM FRENTE A DROGASIL,CAMPO GRANDE,26,,COLISÃO FRONTAL,1,1,0,0,0,0,0,0,0,1,0,Longo da via,Bom,Sem defeito,Perfeito estado,Seca,Perfeito estado,,,,,,,
2021-09-17,sexta-feira ,23:16:40,SEM VÍTIMA,CAMPO GRANDE,RUA,RUA PRUDENTE DE MORAES,,,PROX AO DEPOSITO DA BRASIL GAS,CAMPO GRANDE,,,CHOQUE,1,0,0,0,0,0,0,0,0,0,0,,,,,,,,,,,,,
2021-09-18,sábado ,07:02:00,COM VÍTIMA,MORRO DA CONCEICAO,AVENIDA,AVENIDA NORTE MIGUEL ARRAES DE ALENCAR,,,AO LADO DA UPINHA 24H,MORRO DA CONCEIÇÃO,,SUBURBIO,COLISÃO TRASEIRA,0,1,0,0,0,1,0,0,0,1,0,Longo da via,Bom,Não existe,Incompleta,Seca,Perfeito estado,Não existe,Não hA placas,,Dupla,Faixa seccionada,Canteiro central,
2021-09-18,sábado ,08:13:00,SEM VÍTIMA,VARZEA,RUA,RUA GASTAO VIDIGAL,,,PROX. A MADEIREIRA ESPERANÇA,VARZEA,,,COLISÃO LATERAL,2,0,0,0,0,0,0,0,0,0,0,,,,,,,,,,,,,
2021-09-18,sábado ,08:52:00,COM VÍTIMA,BREJO DA GUABIRABA,AVENIDA,AVENIDA VEREADOR OTACILIO AZEVEDO,,,EM FRENTE A CHACARA NORTE,BREJO DA GUABIRABA,,CIDADE,COLISÃO LATERAL,1,1,0,0,0,0,0,0,0,1,0,Longo da via,Bom,Não existe,Incompleta,Seca,Perfeito estado,Não existe,R-6c,,Dupla,Não existe,,
2021-09-18,sábado ,12:27:00,COM VÍTIMA,IPSEP,RUA,RUA PAMPULHA,RUA,RUA IZABEL DE SOUZA,RUA AO LADO DA EUROVIA,IPSEP,450,BOA VIAGEM,COLISÃO TRANSVERSAL,1,2,0,0,0,0,0,0,0,2,0,Cruzamento,Bom,Sem defeito,Perfeito estado,Seca,Perfeito estado,Faixa de pedestre,,,Única,,,
2021-09-18,sábado ,14:55:00,SEM VÍTIMA,BOA VIAGEM,RUA,RUA PADRE CARAPUCEIRO,,,ESTACIONAMENTO E-2 DO SHOPPING RECIFE,BOA VIAGEM,,,COLISÃO TRASEIRA,2,0,0,0,0,0,0,0,0,0,0,,,,,,,,,,,,,
2021-09-18,sábado ,15:52:00,COM VÍTIMA,TORRE,AVENIDA,AVENIDA BEIRA RIO,,,PROX A QUADRA DA PREFEITURA,TORRE,,CIDADE,CAPOTAMENTO,3,0,0,0,0,0,0,0,0,1,0,Longo da via,Bom,Não existe,Perfeito estado,Seca,Perfeito estado,Não existe,Não hA placas,,Dupla,Faixa contínua,,
2021-09-18,sábado ,16:14:00,SEM VÍTIMA,VARZEA,RUA,RUA GENERAL POLIDORO,,,EM FRENTE AO CONDOMÍNIO RESERVA POLIDORO / UNIT ACADEMIA,VARZEA,,,COLISÃO TRASEIRA,1,1,0,0,0,0,0,0,0,0,0,,,,,,,,,,,,,
2021-09-18,sábado ,16:47:00,COM VÍTIMA,SANTO AMARO,AVENIDA,AVENIDA CRUZ CABUGA,AVENIDA,AVENIDA DR JAYME DA FONTE,"ACIDENTE  ATÍPICO, COLISÃO FRONTAL GRAVE ENVOLVENDO ÔNIBUS  / AUTOMÓVEL.  RESULTANDO NO FINAL COM CHOQUE DO ÔNIBUS COM O MURO DO HOSPITAL NAVAL, CAUSANDO GRANDE TRANSTORNO E LENTIDÃO NA VIA.",SANTO AMARO,,AMBOS,COLISÃO FRONTAL,1,0,0,0,0,1,0,0,0,11,0,Longo da via,Bom,Não existe,Perfeito estado,Seca,Perfeito estado,Não existe,Não hA placas,60 km/h,Dupla,Faixa contínua,,
2021-09-18,sábado ,18:08:00,COM VÍTIMA,IBURA,AVENIDA,AVENIDA DOIS RIOS,,,E/F A IGREJA DOS MORMONS,IBURA,,,ATROPELAMENTO DE PESSOA,0,1,0,0,1,0,0,0,0,1,0,,,,,,,,,,,,,
2021-09-18,sábado ,20:43:40,COM VÍTIMA,BOA VIAGEM,RUA,RUA ERNESTO DE PAULA SANTOS,RUA,RUA DR JOAO GUILHERME DE P SOBRINHO,E/F A UNIMED,BOA VIAGEM,,CIDADE,COLISÃO TRANSVERSAL,2,0,0,0,0,0,0,0,0,1,0,Cruzamento,Bom,Não existe,Perfeito estado,Seca,Perfeito estado,Faixa de pedestre,Não hA placas,40 km/h,Única,Faixa contínua,,
2021-09-19,domingo ,12:32:00,COM VÍTIMA,BOA VIAGEM,RUA,RUA ERNESTO DE PAULA SANTOS,RUA,RUA VISCONDE DE JEQUITINHONHA,,BOA VIAGEM,304,,COLISÃO TRANSVERSAL,1,1,0,0,0,0,0,0,0,1,0,Cruzamento,Bom,Sem defeito,Perfeito estado,Seca,Perfeito estado,Faixa de pedestre,R-6a,30 km/h,Única,Faixa contínua,Faixa seccionada,
2021-09-19,domingo ,13:56:00,COM VÍTIMA,IMBIRIBEIRA,AVENIDA,AVENIDA MARECHAL MASCARENHAS DE MORAES,RUA,RUA DR VALDIR PESSOA,EM FRENTE A ESTAÇÃO IMBIRIBEIRA/ SENTIDO CIDADE,IMBIRIBEIRA,532,CIDADE,COLISÃO LATERAL,2,1,0,0,0,0,0,0,0,1,0,Cruzamento,Bom,Sem defeito,Perfeito estado,Seca,,Faixa de pedestre,Não hA placas,60 km/h,Dupla,Canteiro central,,
2021-09-19,domingo ,18:10:00,COM VÍTIMA,BOA VIAGEM,RUA,RUA BALTAZAR PASSOS,RUA,RUA PROFESSOR LINS E SILVA,EM FRENTE AO N° 310,BOA VIAGEM,,SUBURBIO,COLISÃO FRONTAL,2,0,0,0,0,0,0,0,0,1,0,Cruzamento,Bom,Não existe,,Seca,Perfeito estado,Não existe,"Placas ""Pare""",,Única,Não existe,,
2021-09-20,segunda-feira ,08:18:00,COM VÍTIMA,CORDEIRO,AVENIDA,AVENIDA ENGENHEIRO ABDIAS DE CARVALHO,,,COMPAZ,CORDEIRO,,CIDADE,COLISÃO FRONTAL,2,1,0,0,0,0,0,0,0,2,0,Longo da via,Bom,Não existe,Perfeito estado,Seca,Perfeito estado,Não existe,R-6a,60 km/h,Única,Faixa seccionada,,
2021-09-20,segunda-feira ,10:30:00,COM VÍTIMA,AFLITOS,RUA,RUA CONS PORTELA,RUA,RUA CARNEIRO VILELA,OPOSTO AO 665,AFLITOS,,CIDADE,COLISÃO COM CICLISTA,1,0,0,1,0,0,0,0,0,1,0,Cruzamento,Bom,Não existe,Perfeito estado,Seca,Perfeito estado,Faixa de pedestre,R-6a,40 km/h,Única,Faixa seccionada,,
2021-09-20,segunda-feira ,11:40:00,COM VÍTIMA,DERBY,RUA,RUA JENER DE SOUZA,PRC,PRC DO DERBY,QUADRA DO QUARTEL DO DERBY,DERBY,40,SUBURBIO,COLISÃO TRANSVERSAL,1,1,0,0,0,0,0,0,0,1,0,Cruzamento,Bom,Sem defeito,Perfeito estado,Seca,Perfeito estado,Faixa de pedestre,,,Dupla,Canteiro central,,
2021-09-20,segunda-feira ,13:48:00,OUTROS,CORDEIRO,RUA,RUA MATHUZALEM WANDERLEY,AVENIDA,AVENIDA CAXANGA,"OFICINA  DA LOCADORA, REALIZAR MANUTENÇÃO PREVENTIVA",CORDEIRO,,SUBURBIO,OUTROS,1,0,0,0,0,0,0,0,0,0,0,,,,,,,,,,,,,
2021-09-20,segunda-feira ,14:35:00,COM VÍTIMA,PARNAMIRIM,AVENIDA,AVENIDA DEZESSETE DE AGOSTO,,,EM FRENTE AO PARQUE REGIONAL DE MANUTENÇÃO,PARNAMIRIM,,,COLISÃO TRANSVERSAL,1,1,0,0,0,0,0,0,0,2,0,Longo da via,Bom,Não existe,Perfeito estado,Seca,Perfeito estado,Não existe,R-6a,,Dupla,Faixa contínua,,
2021-09-20,segunda-feira ,18:23:00,COM VÍTIMA,PAISSANDU,RUA,RUA PAISSANDU,,,AO LADO DO BRADESCO,PAISSANDU,,CIDADE,ATROPELAMENTO DE PESSOA,1,0,0,0,1,0,0,0,0,1,0,Longo da via,Bom,Não existe,Perfeito estado,Seca,Perfeito estado,Não existe,Outras,,Dupla,Canteiro central,,
2021-09-21,terça-feira ,11:05:00,COM VÍTIMA,AREIAS,AVENIDA,AVENIDA RECIFE,,,LADO OPOSTO AO 5520- T&F DESIGN GESSO,AREIAS,,SUBURBIO,COLISÃO FRONTAL,0,0,0,0,0,0,0,0,0,1,0,Ponte,Bom,Não existe,Perfeito estado,Seca,Perfeito estado,Não existe,Não hA placas,,Dupla,Canteiro central,,
2021-09-21,terça-feira ,12:14:00,COM VÍTIMA,LINHA DO TIRO,RUA,RUA URIEL DE HOLANDA,RUA,RUA BARAO DE MURITIBA,EM FRENTE A LAVA JATO,LINHA DO TIRO,,SUBURBIO,COLISÃO FRONTAL,1,1,0,0,0,0,0,0,0,2,0,Esquina,Bom,Não existe,Perfeito estado,Seca,Perfeito estado,Não existe,Outras,,Dupla,Não existe,,
2021-09-21,terça-feira ,13:31:00,COM VÍTIMA,SANTO AMARO,AVENIDA,AVENIDA NORTE MIGUEL ARRAES DE ALENCAR,RUA,RUA TREZE DE MAIO,,SANTO AMARO,36,CIDADE,COLISÃO FRONTAL,0,0,0,0,0,0,0,0,0,1,0,Longo da via,Bom,Sem defeito,Perfeito estado,Seca,Perfeito estado,Faixa de pedestre,Não hA placas,60 km/h,Dupla,Canteiro central,,
2021-09-21,terça-feira ,14:31:00,SEM VÍTIMA,MADALENA,AVENIDA,AVENIDA JOSE GONCALVES DE MEDEIROS,,,EM FRENTE AO SUPERMERCADO EXTRA,MADALENA,,,COLISÃO TRANSVERSAL,1,0,0,0,0,1,0,0,0,0,0,Longo da via,Bom,Não existe,Perfeito estado,Seca,Perfeito estado,Não existe,Não hA placas,,Dupla,,,
2021-09-21,terça-feira ,21:43:40,COM VÍTIMA,ENCRUZILHADA,AVENIDA,AVENIDA BEBERIBE,,,SOB O SEMAFORO 186,ENCRUZILHADA,186,SUBURBIO,ATROPELAMENTO DE PESSOA,1,0,0,0,1,0,0,0,0,1,0,Longo da via,Bom,Sem defeito,Perfeito estado,Seca,Perfeito estado,Outros,R-6a,,Dupla,Faixa contínua,,
2021-09-21,terça-feira ,21:55:40,COM VÍTIMA,BOA VIAGEM,AVENIDA,AVENIDA CONSELHEIRO AGUIAR,,,EM FRENTE AO IMÓVEL 1177,BOA VIAGEM,,CIDADE,COLISÃO TRASEIRA,0,1,0,0,0,1,0,0,0,1,0,Longo da via,Bom,Não existe,Perfeito estado,Seca,Perfeito estado,Faixa de pedestre,R-6a,60 km/h,Única,,,
2021-09-22,quarta-feira ,08:46:00,COM VÍTIMA,AFOGADOS,RUA,RUA COSME VIANA,RUA,RUA PADRE TEOFILO TWORZ,E/F A TUPAN,AFOGADOS,503,SUBURBIO,COLISÃO TRANSVERSAL,1,1,0,0,0,0,0,0,0,1,0,Cruzamento,Bom,Sem defeito,Incompleta,Seca,Perfeito estado,Faixa de pedestre,Outras,,Única,Faixa contínua,Faixa seccionada,
2021-09-22,quarta-feira ,12:15:00,COM VÍTIMA,CASA AMARELA,AVENIDA,AVENIDA NORTE MIGUEL ARRAES DE ALENCAR,,,SUPERMERCADO MAIS VOCÊ,CASA AMARELA,95,CIDADE,COLISÃO TRASEIRA,2,1,0,0,0,0,0,0,0,1,0,Longo da via,Bom,Sem defeito,Perfeito estado,Seca,Perfeito estado,Faixa de pedestre,Outras,,Dupla,Faixa seccionada,,
2021-09-22,quarta-feira ,16:13:00,COM VÍTIMA,IPSEP,RUA,RUA JEAN EMILE FAVRE,,,E/F A DELEGACIA DO IPSEP,IPSEP,70,SUBURBIO,ATROPELAMENTO DE PESSOA,1,0,0,0,2,0,0,0,0,2,0,Cruzamento,Bom,Sem defeito,Perfeito estado,Seca,Perfeito estado,Faixa de pedestre,R-6a,,Dupla,Faixa contínua,,
2021-09-22,quarta-feira ,20:33:00,COM VÍTIMA,BOA VIAGEM,RUA,RUA ANTONIO FALCAO,,,E/F AO BANCO SANTANDER / E/F AO EDF LUZO,BOA VIAGEM,,ÚNICO,CHOQUE,2,0,0,0,0,0,0,0,0,1,0,Longo da via,Bom,Não existe,Perfeito estado,Seca,Perfeito estado,Não existe,Não hA placas,,Única,Faixa seccionada,,
2021-09-23,quinta-feira ,07:44:00,COM VÍTIMA,MACAXEIRA,AVENIDA,AVENIDA NORTE MIGUEL ARRAES DE ALENCAR,,,PRÓXIMO AO TI MACAXEIRA,MACAXEIRA,,SUBURBIO,COLISÃO TRANSVERSAL,1,1,0,0,0,0,0,0,0,1,0,Cruzamento,Bom,Não existe,Perfeito estado,Seca,Perfeito estado,Não existe,Não hA placas,60 km/h,,Não existe,,
2021-09-23,quinta-feira ,10:41:00,SEM VÍTIMA,BOA VISTA,AVENIDA,AVENIDA CONDE DA BOA VISTA,RUA,RUA GONCALVES MAIA,EM FRENTE AO POSTO SHELL,BOA VISTA,299,CIDADE,COLISÃO TRASEIRA,1,0,0,0,0,0,0,1,0,0,0,Longo da via,Bom,Sem defeito,Perfeito estado,Seca,Perfeito estado,Faixa de pedestre,Não hA placas,,Dupla,Canteiro central,,
2021-09-23,quinta-feira ,12:50:00,COM VÍTIMA,IPSEP,RUA,RUA IBIPITUBA,RUA,RUA FRANCISCO BARRETO,EM FRENTE AO ANTIGO 19º BATAHÃO,IPSEP,,,COLISÃO TRANSVERSAL,1,1,0,0,0,0,0,0,0,1,0,Cruzamento,Bom,Não existe,Não existente,Seca,Perfeito estado,Não existe,Não hA placas,,Dupla,Não existe,,
2021-09-23,quinta-feira ,17:23:00,COM VÍTIMA,PAISSANDU,RUA,RUA SPORT CLUBE DO RECIFE,,,LADO OPOSTO AO SPORT/ NA DESCIDA DA PONTE/ SENTIDO BR,PAISSANDU,,SUBURBIO,COLISÃO TRASEIRA,1,1,0,0,0,0,0,0,0,1,0,Longo da via,Bom,Sem defeito,Perfeito estado,Seca,Perfeito estado,Agente,R-26,,Dupla,Faixa contínua,,
2021-09-23,quinta-feira ,17:41:00,COM VÍTIMA,ARRUDA,AVENIDA,AVENIDA BEBERIBE,,,E/F AO MERCADÃO DO OLEO S/T  SUB,ARRUDA,,CIDADE,ATROPELAMENTO DE PESSOA,0,1,0,0,1,0,0,0,0,1,0,Longo da via,Bom,Não existe,Perfeito estado,Seca,Perfeito estado,Não existe,Não hA placas,,Dupla,Faixa contínua,,
2021-09-23,quinta-feira ,18:48:00,COM VÍTIMA,IMBIRIBEIRA,RUA,RUA ARQUITETO LUIZ NUNES,,,SEMAFORO 634,IMBIRIBEIRA,634,CIDADE,COLISÃO TRANSVERSAL,1,1,0,0,0,0,0,0,0,1,0,Cruzamento,Bom,Sem defeito,Perfeito estado,Seca,Perfeito estado,Faixa de pedestre,Não hA placas,40 km/h,Dupla,,,
2021-09-23,quinta-feira ,19:35:00,COM VÍTIMA,AFOGADOS,RUA,RUA SAO MIGUEL,RUA,RUA DA PAZ,LADO DA PRAÇA DA PAZ,AFOGADOS,53,SUBURBIO,CHOQUE,0,0,0,0,0,1,0,0,0,1,0,Cruzamento,Bom,Sem defeito,Perfeito estado,Seca,Perfeito estado,Faixa de pedestre,Outras,,Única,Faixa seccionada,,
2021-09-24,sexta-feira ,08:25:00,COM VÍTIMA,APIPUCOS,RUA,RUA DE APIPUCOS,RUA,RUA CORONEL JOAO BATISTA DO REGO BARROS,CENTRO MÉDICO DE SAÚDE SÃO JOÃO,APIPUCOS,540,,CHOQUE,1,0,0,0,0,0,0,0,0,1,0,Longo da via,Chuvoso,Sem defeito,Perfeito estado,Molhada,Perfeito estado,Faixa de retenção,Outras,,Dupla,Faixa contínua,,
2021-09-24,sexta-feira ,10:39:00,COM VÍTIMA,MADALENA,RUA,RUA BENFICA,,,EM FRENTE AO INTERNACIAL,MADALENA,,CIDADE,COLISÃO COM CICLISTA,1,0,0,1,0,0,0,0,0,1,0,Longo da via,Bom,Não existe,Perfeito estado,Seca,Perfeito estado,Não existe,Não hA placas,,Dupla,Outros,,
2021-09-24,sexta-feira ,16:13:00,SEM VÍTIMA,BOA VIAGEM,RUA,RUA CAPITAO ZUZINHA,RUA,RUA VISCONDE DE JEQUITINHONHA,,BOA VIAGEM,433,CIDADE,COLISÃO TRANSVERSAL,0,0,0,0,0,0,0,1,0,0,0,,,,,,,,,,,,,
2021-09-24,sexta-feira ,16:05:00,SEM VÍTIMA,BOA VIAGEM,RUA,RUA CAPITAO ZUZINHA,RUA,RUA VISCONDE DE JEQUITINHONHA,ACIDENTE ENTRE DOIS VEÍCULOS SENDO UM VEÍC OFÍCIAL EMLURB,BOA VIAGEM,420,SUBURBIO,COLISÃO TRANSVERSAL,0,0,0,0,0,0,0,0,0,0,0,,,,,,,,,,,,,
2021-09-24,sexta-feira ,18:04:00,COM VÍTIMA,AREIAS,AVENIDA,AVENIDA PRESIDENTE DUTRA,,,E/F AO SAL E BRASA,AREIAS,,AEROPORTO INTERNACIONA DO RECIFE,COLISÃO COM CICLISTA,0,1,0,1,0,0,0,0,0,1,0,Longo da via,Bom,Não existe,Perfeito estado,Seca,Perfeito estado,Não existe,Não hA placas,,Dupla,Canteiro central,,
2021-09-25,sábado ,10:25:00,COM VÍTIMA,PINA,AVENIDA,AVENIDA CELSO FURTADO (VIA MANGUE),,,PRÓXIMO AO 19° B.P.M,PINA,,CIDADE,QUEDA,0,1,0,0,0,0,0,0,0,1,0,Longo da via,Bom,Não existe,Perfeito estado,Seca,Perfeito estado,Não existe,Não hA placas,60 km/h,Dupla,Canteiro central,,
2021-09-25,sábado ,10:49:00,COM VÍTIMA,IPUTINGA,AVENIDA,AVENIDA CAXANGA,,,EM FRENTE AO 17° CARTÓRIO DE REGISTRO CIVIL DA VARZEA,IPUTINGA,229,CIDADE,COLISÃO LATERAL,0,2,0,0,0,0,0,0,0,1,0,Longo da via,Bom,Sem defeito,Incompleta,Seca,,Faixa de pedestre,Não hA placas,,Dupla,Canteiro central,,
2021-09-26,domingo ,11:44:00,COM VÍTIMA,BEBERIBE,PRC,PRC DA CONVENCAO,,,E/F A IGREJA CATOLICA DE BEBERIBE,BEBERIBE,,,QUEDA,0,1,0,0,0,0,0,0,0,1,0,,,,,,,,,,,,,
2021-09-26,domingo ,16:32:00,COM VÍTIMA,GRACAS,AVENIDA,AVENIDA RUI BARBOSA,RUA,RUA ESMERALDINO BANDEIRA,"SOB  O SEMAROFO  DE NUMERO 126  - RUA CARDEAL  ARCO VERDE ,  REF.  PIZZARIA ATLANTICO",GRAÇAS,126,CIDADE,COLISÃO COM CICLISTA,1,0,0,1,0,0,0,0,0,1,0,Cruzamento,Bom,Sem defeito,Perfeito estado,Seca,Perfeito estado,Faixa de pedestre,Não hA placas,,Única,Não existe,,