data,dia_semana,hora,natureza,bairro,logradouro_endereco,endereco,logradouro_detalhe_endereco,detalhe_endereco_acidente,complemento,bairro_cruzamento,num_semaforo,sentido_via,tipo,auto,moto,ciclom,ciclista,pedestre,onibus,caminhao,viatura,outros,vitimas,vitimasfatais,acidente_verificado,tempo_clima,situacao_semaforo,sinalizacao,condicao_via,conservacao_via,ponto_controle,situacao_placa,velocidade_max_via,mao_direcao,divisao_via1,divisao_via2,divisao_via3
2021-09-27,segunda-feira ,01:52:00,SEM VÍTIMA,ILHA JOANA BEZERRA,VIADUTO,VIADUTO CAPITAO TEMUDO,,,EM CIMA DO VIADUTO CAPITAO TEMUDO,ILHA JOANA BEZERRA,,,CHOQUE,1,0,0,0,0,0,0,0,0,0,0,,,,,,,,,,,,,
2021-09-27,segunda-feira ,06:18:00,COM VÍTIMA,PRADO,AVENIDA,AVENIDA ENGENHEIRO ABDIAS DE CARVALHO,RUA,RUA SANTA EDWIRGES,PROX A ENGENFRIO,PRADO,354,CIDADE,COLISÃO FRONTAL,1,1,0,0,0,0,0,0,0,1,0,Cruzamento,Bom,Sem defeito,Perfeito estado,Seca,Perfeito estado,Faixa de pedestre,Outras,60 km/h,Dupla,Canteiro central,,
2021-09-27,segunda-feira ,08:40:00,COM VÍTIMA,TEJIPIO,RUA,RUA APRIGIO GUIMARAES,RUA,RUA MANDUZINHO,MERCADINHO CUSTODIA,TEJIPIÓ,157,SUBURBIO,QUEDA,0,1,0,0,0,0,0,0,0,1,0,Longo da via,Bom,Sem defeito,Perfeito estado,Seca,Mal conservada,Faixa de pedestre,R-6a,,Dupla,Faixa contínua,,
2021-09-27,segunda-feira ,14:44:00,COM VÍTIMA,TORROES,RUA,RUA DR MIGUEL VIEIRA FERREIRA,RUA,RUA CLAUDIO BROTHERHOOD,UPAS LIDER VIDROS,TORRÕES,,SUBURBIO,COLISÃO TRANSVERSAL,2,0,0,0,0,0,0,0,0,1,0,Cruzamento,Bom,Não existe,Perfeito estado,Seca,Perfeito estado,Faixa de retenção,"Placas ""Pare""",,Dupla,Faixa seccionada,,
2021-09-27,segunda-feira ,15:25:00,COM VÍTIMA,SANTO AMARO,AVENIDA,AVENIDA GOVERNADOR AGAMENON MAGALHAES,,,NA SUBIDA DO VIADUTO AO LADO DO CIRCULO MILITAR S/T OLINDA,SANTO AMARO,,,ENGAVETAMENTO,3,0,0,0,0,0,0,0,0,2,0,,,,,,,,,,,,,
2021-09-27,segunda-feira ,15:37:00,COM VÍTIMA,IMBIRIBEIRA,RUA,RUA JOSE DA SILVA LUCENA,RUA,RUA SARGENTO SILVINO DE MACEDO,EM FRENTE AO NÚMERO 241,IMBIRIBEIRA,,SUBURBIO,COLISÃO FRONTAL,1,1,0,0,0,0,0,0,0,1,0,Cruzamento,Bom,Não existe,Perfeito estado,Seca,Perfeito estado,Não existe,Não hA placas,60 km/h,Dupla,Não existe,,
2021-09-27,segunda-feira ,16:14:00,SEM VÍTIMA,CAMPO GRANDE,RUA,RUA FRANCISCO BERENGUER,,,,CAMPO GRANDE,,SUBURBIO,COLISÃO TRASEIRA,2,0,0,0,0,0,0,0,0,0,0,Longo da via,Bom,Não existe,,Seca,Perfeito estado,Não existe,Não hA placas,30 km/h,Dupla,Não existe,,
2021-09-27,segunda-feira ,20:08:00,COM VÍTIMA,IBURA,AVENIDA,AVENIDA DOIS RIOS,LAD,LAD DA COHAB,AO LADO DA POLICLINA PROFESSOR ARNALDO BASTOS,IBURA,,SUBURBIO,COLISÃO FRONTAL,1,2,0,0,0,0,0,0,0,2,0,Longo da via,Bom,Não existe,Perfeito estado,Seca,Perfeito estado,Não existe,Não hA placas,,Dupla,Não existe,,
2021-09-27,segunda-feira ,21:53:40,COM VÍTIMA,CASA AMARELA,RUA,RUA DOIS DE FEVEREIRO,,,CENTRO PEDRO CARNEIRO,CASA AMARELA,,CIDADE,COLISÃO FRONTAL,1,1,0,0,0,0,0,0,0,1,0,Longo da via,Bom,Sem defeito,Ilegível,Seca,Perfeito estado,Não existe,Outras,,Dupla,Faixa contínua,,
2021-09-28,terça-feira ,01:09:00,SEM VÍTIMA,BAIRRO DO RECIFE,AVENIDA,AVENIDA MILITAR,,,E/F À UNIDADE DA GUARDA PORTUARIA - PROXIMO À FABRICA DA PILAR,BAIRRO DO RECIFE,,,CHOQUE,1,0,0,0,0,0,0,0,0,0,0,,,,,,,,,,,,,
2021-09-28,terça-feira ,11:53:00,COM VÍTIMA,SANTO AMARO,AVENIDA,AVENIDA CRUZ CABUGA,,,EM FRENTE AO N° 481,SANTO AMARO,457,CIDADE,COLISÃO TRANSVERSAL,0,0,0,0,0,2,0,0,0,2,0,Longo da via,Bom,Sem defeito,Perfeito estado,Seca,Perfeito estado,Faixa de pedestre,Outras,,Dupla,Faixa contínua,,
2021-09-28,terça-feira ,12:47:00,COM VÍTIMA,TAMARINEIRA,RUA,RUA CONEGO BARATA,AVENIDA,AVENIDA NORTE MIGUEL ARRAES DE ALENCAR,EM FRENTE À OFICINA TRI AUTOS,TAMARINEIRA,62,CIDADE,COLISÃO TRASEIRA,0,1,0,0,0,1,0,0,0,1,0,Cruzamento,Bom,Sem defeito,Perfeito estado,Seca,Perfeito estado,Faixa de pedestre,R-6a,,Dupla,Canteiro central,Faixa seccionada,
2021-09-28,terça-feira ,14:18:00,COM VÍTIMA,CASA AMARELA,RUA,RUA PADRE LEMOS,RUA,RUA DR TOME DIAS,NO CENTRO DE CASA AMARELA E/F A IGREJA UNIVERSAL,CASA AMARELA,,CIDADE,COLISÃO FRONTAL,1,1,0,0,0,0,0,0,0,1,0,Longo da via,Bom,Não existe,Perfeito estado,Seca,Perfeito estado,Faixa de pedestre,"Placas ""Pare""",,Dupla,Não existe,,
2021-09-28,terça-feira ,17:37:00,COM VÍTIMA,IMBIRIBEIRA,AVENIDA,AVENIDA MARECHAL MASCARENHAS DE MORAES,RUA,RUA JALISCO,"EM FRENTE AO GERALDÃO, VEÍCULO ATROPELOU UMA SRA. E FULGOU DO LOCAL DO FATO. PLACA E MARCA MODELO NÃO ANOTADA",IMBIRIBEIRA,290,CIDADE,ATROPELAMENTO DE PESSOA,1,0,0,0,1,0,0,0,0,1,0,Longo da via,Bom,Sem defeito,Perfeito estado,Seca,Perfeito estado,Faixa de pedestre,R-6a,,Única,Faixa contínua,,
2021-09-28,terça-feira ,19:57:00,COM VÍTIMA,PRADO,AVENIDA,AVENIDA ENGENHEIRO ABDIAS DE CARVALHO,,,APÓS A ESTACIO  / PROX A FUNASE,PRADO,,SUBURBIO,ATROPELAMENTO DE ANIMAL,0,1,0,0,0,0,0,0,0,1,0,Longo da via,Bom,Não existe,Perfeito estado,Seca,Perfeito estado,Não existe,Não hA placas,,Dupla,Faixa seccionada,,
2021-09-29,quarta-feira ,00:10:00,SEM VÍTIMA,ESPINHEIRO,RUA,RUA MARQUES DO PARANA,,,,ESPINHEIRO,,,COLISÃO FRONTAL,0,0,0,0,0,0,0,0,0,0,0,,,,,,,,,,,,,
2021-09-29,quarta-feira ,07:34:00,COM VÍTIMA,IPSEP,RUA,RUA JEAN EMILE FAVRE,RUA,RUA PAMPULHA,PROX A PRAÇA DA MAURUCEIA,IPSEP,564,SUBURBIO,COLISÃO TRANSVERSAL,1,1,0,0,0,0,0,0,0,1,0,Cruzamento,Bom,Sem defeito,Perfeito estado,Seca,Perfeito estado,Faixa de pedestre,R-26,,Dupla,Faixa contínua,,
2021-09-29,quarta-feira ,11:22:00,COM VÍTIMA,PINA,AVENIDA,AVENIDA ENGENHEIRO DOMINGOS FERREIRA,RUA,RUA PEREIRA DA COSTA,E/F AO EMPRESARIAL MARCELO DOBEUX,PINA,142,SUBURBIO,COLISÃO TRASEIRA,1,1,0,0,0,0,0,0,0,1,0,Cruzamento,Bom,Sem defeito,Perfeito estado,Seca,Perfeito estado,Faixa de pedestre,R-4b,,Dupla,Canteiro central,,
2021-09-29,quarta-feira ,12:34:00,COM VÍTIMA,BAIRRO DO RECIFE,AVENIDA,AVENIDA ALFREDO LISBOA,RUA,RUA BREJO DA MADRE DE DEUS,POSTO BR,BAIRRO DO RECIFE,477,CIDADE,COLISÃO TRASEIRA,2,1,0,0,0,0,0,0,0,1,0,Longo da via,Bom,Não existe,Perfeito estado,Seca,Perfeito estado,Não existe,R-6a,30 km/h,,Faixa seccionada,,
2021-09-29,quarta-feira ,12:52:00,SEM VÍTIMA,BOA VISTA,RUA,RUA DOM BOSCO,,,APÓS O POSTO IPIRANGA,BOA VISTA,,SUBURBIO,,1,0,0,0,0,0,0,1,0,0,0,Longo da via,Bom,Não existe,Perfeito estado,Seca,Perfeito estado,Outros,Outras,40 km/h,Única,Faixa seccionada,,
2021-09-29,quarta-feira ,22:45:40,COM VÍTIMA,MADALENA,AVENIDA,AVENIDA CAXANGA,,,"E/F AO BANCO SANTANDER, SNT SUB",MADALENA,,SUBURBIO,ATROPELAMENTO DE ANIMAL,0,1,0,0,0,0,0,0,0,1,0,Longo da via,Chuvoso,Sem defeito,Perfeito estado,Molhada,Perfeito estado,Não existe,Não hA placas,,Dupla,Canteiro central,,
2021-09-30,quinta-feira ,03:20:00,COM VÍTIMA,BOA VIAGEM,RUA,RUA BARAO DE SOUZA LEAO,RUA,RUA VISCONDE DE JEQUITINHONHA,CRUZAMENTO C/A RUA BARÃO DE SOUZA LEÃO - E/F AO HOSPITAL ALFA,BOA VIAGEM,129,CIDADE,COLISÃO TRANSVERSAL,1,1,0,0,0,0,0,0,0,1,0,Cruzamento,Chuvoso,Sem defeito,Perfeito estado,Molhada,Mal iluminada,Faixa de pedestre,R-6a,,Única,Faixa contínua,,
2021-09-30,quinta-feira ,03:47:00,SEM VÍTIMA,CASA FORTE,AVENIDA,AVENIDA DEZESSETE DE AGOSTO,,,E/F À SAIDA DO SHOPPING PLAZA,CASA FORTE,,,COLISÃO TRASEIRA,2,0,0,0,0,0,0,0,0,0,0,,,,,,,,,,,,,
2021-09-30,quinta-feira ,07:51:00,COM VÍTIMA,GRACAS,AVENIDA,AVENIDA CONS ROSA E SILVA,,,E/F AO TRE ANEXO,GRAÇAS,,CIDADE,COLISÃO FRONTAL,1,1,0,0,0,0,0,0,0,2,0,Longo da via,Bom,Não existe,Perfeito estado,Molhada,Perfeito estado,Não existe,Não hA placas,,Única,Canteiro central,,
2021-09-30,quinta-feira ,08:49:00,COM VÍTIMA,BOA VIAGEM,AVENIDA,AVENIDA CELSO FURTADO (VIA MANGUE),,,HABTACIONAL ENCANTA MOÇÃ,BOA VIAGEM,,SUBURBIO,COLISÃO TRASEIRA,1,1,0,0,0,0,0,0,0,1,0,Longo da via,Bom,Não existe,Perfeito estado,Seca,Perfeito estado,Não existe,Não hA placas,60 km/h,Única,Faixa seccionada,,
2021-09-30,quinta-feira ,15:00:00,SEM VÍTIMA,DOIS IRMAOS,EST,EST DOS PINTOS,,,EM FRENTE A QUITANDA COMPRE MAIS,DOIS IRMÃOS,,,COLISÃO LATERAL,2,0,0,0,0,0,0,0,0,0,0,,,,,,,,,,,,,
2021-09-30,quinta-feira ,17:59:00,COM VÍTIMA,DERBY,RUA,RUA JOAQUIM NABUCO,,,AO LADO DO HOSPITAL DA RESTAURAÇÃO,DERBY,,SUBURBIO,,1,1,0,0,0,0,0,0,0,1,0,Longo da via,Bom,,Perfeito estado,Seca,Perfeito estado,Não existe,R-6a,,Única,Faixa seccionada,,
2021-09-30,quinta-feira ,19:00:00,SEM VÍTIMA,GRACAS,AVENIDA,AVENIDA GOVERNADOR AGAMENON MAGALHAES,AVENIDA,AVENIDA CONS ROSA E SILVA,EM FRENTE À MC DONALDS,GRAÇAS,,,COLISÃO TRANSVERSAL,3,0,0,0,0,0,0,0,0,0,0,,,,,,,,,,,,,
2021-09-30,quinta-feira ,21:04:40,COM VÍTIMA,TAMARINEIRA,EST,EST VELHA DE AGUA FRIA,,,EM FRENTE AO N° 655,TAMARINEIRA,,CIDADE,COLISÃO TRANSVERSAL,0,0,0,0,0,0,0,0,0,1,0,Longo da via,Bom,Não existe,Perfeito estado,Seca,Perfeito estado,Não existe,Não hA placas,,Dupla,Faixa contínua,,
2021-10-01,sexta-feira ,01:57:00,COM VÍTIMA,APIPUCOS,AVENIDA,AVENIDA DEZESSETE DE AGOSTO,,,AO LADO DO MOTEL SENZALA,APIPUCOS,,CIDADE,CHOQUE,1,0,0,0,0,0,0,0,0,1,0,Longo da via,Bom,Não existe,Perfeito estado,Molhada,Perfeito estado,Não existe,Não hA placas,,Dupla,Faixa contínua,,
2021-10-01,sexta-feira ,02:55:00,SEM VÍTIMA,ESPINHEIRO,RUA,RUA DA HORA,,,RESTAURANTE SINHA JOANA,ESPINHEIRO,,,COLISÃO LATERAL,2,0,0,0,0,0,0,0,0,0,0,,,,,,,,,,,,,
2021-10-01,sexta-feira ,07:31:00,COM VÍTIMA,SAO JOSE,AVENIDA,AVENIDA ENGENHEIRO JOSE ESTELITA,,,EM BAIXO DO VIADUTO JOAO PAULO II  / SENT BOA VIAGEM,SÃO JOSÉ,,SUBURBIO,COLISÃO FRONTAL,1,1,0,0,0,0,0,0,0,1,0,Longo da via,Bom,,Ilegível,Seca,Perfeito estado,Não existe,Não hA placas,,Única,Faixa seccionada,,
2021-10-01,sexta-feira ,08:37:00,COM VÍTIMA,CORDEIRO,AVENIDA,AVENIDA CAXANGA,,,EM FRENTE A FATAL PNEUS,CORDEIRO,,CIDADE,ATROPELAMENTO DE PESSOA,1,1,0,0,1,0,0,0,0,2,0,Longo da via,Bom,Sem defeito,Perfeito estado,Seca,Perfeito estado,Não existe,Não hA placas,,Dupla,Canteiro central,Faixa seccionada,
2021-10-01,sexta-feira ,12:20:00,COM VÍTIMA,AREIAS,AVENIDA,AVENIDA TAPAJOS,,,EM FRENTE AO N° 170,AREIAS,,SUBURBIO,COLISÃO TRASEIRA,0,1,0,0,0,0,0,0,0,1,0,Longo da via,Bom,Sem defeito,Perfeito estado,Seca,Perfeito estado,,Outras,,Dupla,Faixa contínua,,
2021-10-01,sexta-feira ,12:54:00,COM VÍTIMA,SANTO AMARO,AVENIDA,AVENIDA GOVERNADOR AGAMENON MAGALHAES,,,SEMAFORO 465,SANTO AMARO,,SUBURBIO,COLISÃO FRONTAL,1,1,0,0,0,0,0,0,0,1,0,Longo da via,Bom,Sem defeito,Perfeito estado,Seca,Perfeito estado,,,,,,,
2021-10-01,sexta-feira ,15:50:00,COM VÍTIMA,SANTO AMARO,AVENIDA,AVENIDA CRUZ CABUGA,RUA,RUA DOIS DE JULHO,EM FRENTE AO ARMAZÉM CORAL,SANTO AMARO,,SUBURBIO,COLISÃO TRANSVERSAL,1,1,0,0,0,0,0,0,0,1,0,Longo da via,Bom,Não existe,Perfeito estado,Seca,Perfeito estado,Outros,Outras,60 km/h,Dupla,Faixa seccionada,,
2021-10-01,sexta-feira ,18:24:00,COM VÍTIMA,BONGI,AVENIDA,AVENIDA ENGENHEIRO ABDIAS DE CARVALHO,,,LADO OPOSTO AO POSTO BR,BONGI,,SUBURBIO,ENGAVETAMENTO,4,0,0,0,0,0,0,0,0,2,0,Longo da via,Bom,Não existe,Perfeito estado,Seca,Perfeito estado,Não existe,Não hA placas,60 km/h,Única,Faixa seccionada,,
2021-10-01,sexta-feira ,19:51:00,COM VÍTIMA,IBURA,AVENIDA,AVENIDA DOIS RIOS,,,LADEIRA DA COHAB,IBURA,,SUBURBIO,COLISÃO TRASEIRA,0,2,0,0,0,0,0,0,0,2,0,Longo da via,Bom,Não existe,Não existente,Seca,Perfeito estado,Não existe,Não hA placas,,Dupla,Faixa contínua,Canteiro central,
2021-10-02,sábado ,00:25:00,COM VÍTIMA,SAO JOSE,AVENIDA,AVENIDA SUL,,,LADO OPOSTO NÚMERO,SÃO JOSÉ,,SUBURBIO,COLISÃO FRONTAL,0,1,0,0,0,1,0,0,0,1,0,Longo da via,Chuvoso,Não existe,Perfeito estado,Molhada,Perfeito estado,Não existe,Não hA placas,,Dupla,Faixa contínua,,
2021-10-02,sábado ,02:15:00,SEM VÍTIMA,PINA,AVENIDA,AVENIDA CELSO FURTADO (VIA MANGUE),,,AO LADO DO ANTIGO AERO CLUBE,PINA,,SUBURBIO,CHOQUE,1,0,0,0,0,0,0,0,0,0,0,Longo da via,Chuvoso,Não existe,Perfeito estado,Molhada,Perfeito estado,Outros,Outras,,Dupla,Faixa contínua,,
2021-10-02,sábado ,08:02:00,SEM VÍTIMA,CORDEIRO,AVENIDA,AVENIDA CAXANGA,,,EM FRENTE A SÓ AQUI TEM AUTO PEÇA,CORDEIRO,,CIDADE,COLISÃO TRASEIRA,2,0,0,0,0,1,0,0,0,0,0,Longo da via,Bom,Não existe,Perfeito estado,Seca,Perfeito estado,Não existe,R-6a,,Dupla,Faixa seccionada,Canteiro central,
2021-10-02,sábado ,10:51:00,COM VÍTIMA,LINHA DO TIRO,RUA,RUA GUARAJA,RUA,RUA RIO CORRENTE,EM FRENTE AO N° 73,LINHA DO TIRO,,S,COLISÃO FRONTAL,1,1,0,0,0,0,0,0,0,1,0,Cruzamento,Bom,Não existe,Perfeito estado,Seca,,Faixa de pedestre,"Placas ""Pare""",20 km/h,Dupla,Não existe,,
2021-10-02,sábado ,12:33:00,COM VÍTIMA,SANTO ANTONIO,AVENIDA,AVENIDA MARTINS DE BARROS,,,ENFRENTE AO ARMAZEM DO CAMPO,SANTO ANTÔNIO,194,,ATROPELAMENTO DE PESSOA,1,0,0,0,1,0,0,0,0,1,0,Longo da via,Bom,Sem defeito,Perfeito estado,Seca,Perfeito estado,Faixa de pedestre,Outras,40 km/h,Única,Faixa seccionada,,
2021-10-02,sábado ,12:39:00,COM VÍTIMA,JORDAO,AVENIDA,AVENIDA DONA CARENTINA,,,EM FRENTE À ACADEMIA DA CIDADE DO JODÃO BAIXO,JORDÃO,,,COLISÃO LATERAL,1,1,0,0,0,0,0,0,0,1,0,,,,,,,,,,,,,
2021-10-02,sábado ,16:02:00,COM VÍTIMA,IBURA,AVENIDA,AVENIDA ENGENHO SERRA VERDE,,,TONHO FRUTAS,IBURA,,CIDADE,COLISÃO FRONTAL,1,1,0,0,0,0,0,0,0,1,0,Longo da via,Bom,Não existe,Perfeito estado,Seca,Perfeito estado,Não existe,R-6a,,Única,Não existe,,
2021-10-02,sábado ,16:46:00,COM VÍTIMA,CASA AMARELA,EST,EST DO ARRAIAL,,,EM FRENTE AO BANCO DO BRASIL,CASA AMARELA,,,ATROPELAMENTO DE PESSOA,1,0,0,0,0,0,0,0,0,1,0,,,,,,,,,,,,,
2021-10-02,sábado ,17:06:00,COM VÍTIMA,DOIS IRMAOS,RUA,RUA MANUEL DE MEDEIROS,AVENIDA,AVENIDA LUIZ ANTONIO DE ARAUJO,BORRACHARIA PNEUS E RODAS,DOIS IRMÃOS,,,COLISÃO TRASEIRA,2,0,0,0,0,0,0,0,0,1,0,Longo da via,Bom,Não existe,Não existente,Seca,Mal conservada,Não existe,Outras,,Dupla,Faixa seccionada,,
2021-10-02,sábado ,17:38:00,VÍTIMA FATAL,MADALENA,AVENIDA,AVENIDA CAXANGA,,,EM FRENTE AO CFI COLÉGIO DE FORMÇÃO INTEGRAL,MADALENA,,SUBURBIO,CHOQUE,0,0,0,0,0,0,0,0,0,2,1,Longo da via,Bom,Não existe,Incompleta,Seca,Perfeito estado,Não existe,Não hA placas,60 km/h,Dupla,Faixa contínua,Faixa seccionada,Canteiro central
2021-10-02,sábado ,20:54:40,COM VÍTIMA,COHAB,AVENIDA,AVENIDA SANTA FE,,,LADO OPOSTO A GRAFICA BARTO INFORMATICA,COHAB,,SUBURBIO,COLISÃO FRONTAL,0,2,0,0,0,0,0,0,0,2,0,Longo da via,Bom,Não existe,Perfeito estado,Seca,Perfeito estado,Não existe,Não hA placas,,Dupla,Faixa seccionada,,
2021-10-02,sábado ,21:42:40,COM VÍTIMA,CASA AMARELA,AVENIDA,AVENIDA NORTE MIGUEL ARRAES DE ALENCAR,,,POLICLINICA PROF BARROS LIMAS,CASA AMARELA,,CIDADE,COLISÃO TRASEIRA,0,0,0,0,0,0,0,0,0,1,0,Longo da via,Bom,Não existe,Perfeito estado,Seca,Perfeito estado,Não existe,Não hA placas,,Dupla,Faixa seccionada,,
2021-10-03,domingo ,08:32:00,SEM VÍTIMA,SANTO ANTONIO,PRC,PRC DA REPUBLICA,,,EM FRENTE AO FORUM DA JUSTIÇA,SANTO ANTÔNIO,,CIDADE,CHOQUE,1,0,0,0,0,0,0,0,0,0,0,Longo da via,Bom,Sem defeito,Perfeito estado,Seca,Perfeito estado,,Outras,,,Faixa contínua,Outros,
2021-10-03,domingo ,15:41:00,COM VÍTIMA,NOVA DESCOBERTA,AVENIDA,AVENIDA VEREADOR OTACILIO AZEVEDO,,,PROXIMO A SEMENTEIRA,NOVA DESCOBERTA,,SUBURBIO,ATROPELAMENTO DE PESSOA,1,0,0,0,1,0,0,0,0,1,0,Longo da via,Bom,Não existe,Não existente,Seca,Perfeito estado,Não existe,Outras,30 km/h,Dupla,Não existe,,
2021-10-03,domingo ,16:21:00,COM VÍTIMA,AGUA FRIA,AVENIDA,AVENIDA BEBERIBE,RUA,RUA DA REGENERACAO,NO SEMAFORO 187,AGUA FRIA,,,COLISÃO FRONTAL,1,1,0,0,0,0,0,0,0,1,0,,,,,,,,,,,,,
2021-10-03,domingo ,20:14:00,COM VÍTIMA,IMBIRIBEIRA,AVENIDA,AVENIDA GENERAL MAC ARTHUR,RUA,RUA JORGE DE LIMA,SEMAFORO 402 / PRÓX AO GALETO DO MATUTO,IMBIRIBEIRA,402,,COLISÃO TRASEIRA,1,1,0,0,0,0,0,0,0,2,0,Cruzamento,Bom,Sem defeito,Perfeito estado,Seca,Perfeito estado,Não existe,Outras,,Única,Faixa seccionada,,
2021-10-03,domingo ,20:35:40,COM VÍTIMA,TAMARINEIRA,AVENIDA,AVENIDA NORTE MIGUEL ARRAES DE ALENCAR,RUA,RUA CONEGO BARATA,RUA CONEGO BARATA,TAMARINEIRA,62,SUBURBIO,COLISÃO FRONTAL,2,0,0,0,0,0,0,0,0,1,0,Cruzamento,Bom,Sem defeito,Perfeito estado,Seca,Perfeito estado,Faixa de pedestre,Não hA placas,,Dupla,Faixa seccionada,Faixa seccionada,
2021-10-04,segunda-feira ,00:19:00,COM VÍTIMA,IBURA,AVENIDA,AVENIDA DOIS RIOS,RUA,RUA RIO XINGU,CRUZAMENTO C/A RUA RIO XINGU,IBURA,351,SUBURBIO,COLISÃO TRANSVERSAL,1,1,0,0,0,0,0,0,0,1,0,Longo da via,Bom,Sem defeito,Perfeito estado,Seca,Perfeito estado,Faixa de pedestre,"Placas ""Pare""",,Dupla,Faixa contínua,,
2021-10-04,segunda-feira ,08:12:00,COM VÍTIMA,VARZEA,AVENIDA,AVENIDA BARAO DE BONITO,,,EM FRENTE A MULTYLOG,VARZEA,,CIDADE,COLISÃO TRANSVERSAL,1,1,0,0,0,0,0,0,0,2,0,Longo da via,Bom,Não existe,Ilegível,Seca,Perfeito estado,Não existe,R-6a,30 km/h,Dupla,Não existe,,
2021-10-04,segunda-feira ,08:48:00,SEM VÍTIMA,SANTO AMARO,AVENIDA,AVENIDA GOVERNADOR AGAMENON MAGALHAES,,,SEMAFORO 378,SANTO AMARO,378,SUBURBIO,CHOQUE,1,0,0,0,0,0,0,0,0,0,0,Longo da via,Bom,Sem defeito,Perfeito estado,Seca,Perfeito estado,Não existe,Não hA placas,60 km/h,,Faixa contínua,,
2021-10-04,segunda-feira ,09:16:00,COM VÍTIMA,PARNAMIRIM,AVENIDA,AVENIDA FLOR DE SANTANA,,,E/F AO EMPRESARIAL FLOR DE SANTANA,PARNAMIRIM,,CIDADE,COLISÃO TRANSVERSAL,1,1,0,0,0,0,0,0,0,1,0,Longo da via,Bom,Não existe,Ilegível,Seca,Perfeito estado,Outros,R-6a,,Dupla,Não existe,,
2021-10-04,segunda-feira ,10:14:00,COM VÍTIMA,BOA VIAGEM,RUA,RUA COSMORAMA,RUA,RUA JOSE HIPOLITO CARDOSO,CLUBE SARGENTO DA AERONAUTICA,BOA VIAGEM,,SUBURBIO,COLISÃO FRONTAL,1,1,0,0,0,0,0,0,0,1,0,Longo da via,Bom,Não existe,Perfeito estado,Seca,Perfeito estado,Não existe,Não hA placas,40 km/h,Dupla,Faixa seccionada,,
2021-10-04,segunda-feira ,10:25:00,COM VÍTIMA,BOA VISTA,AVENIDA,AVENIDA CONDE DA BOA VISTA,,,PROX. A CREFISA,BOA VISTA,,CIDADE,QUEDA,0,1,0,0,0,0,0,0,0,1,0,Longo da via,Bom,Sem defeito,Perfeito estado,Seca,Perfeito estado,Faixa de pedestre,Não hA placas,,Dupla,Canteiro central,,
2021-10-04,segunda-feira ,10:48:00,COM VÍTIMA,IPUTINGA,AVENIDA,AVENIDA MAURICIO DE NASSAU,,,EM FRENTE AO ALTINO VENTURA,IPUTINGA,,SUBURBIO,COLISÃO TRANSVERSAL,1,1,0,0,0,0,0,0,0,1,0,Longo da via,Bom,Sem defeito,Perfeito estado,Seca,Perfeito estado,Não existe,R-6a,,Dupla,Faixa contínua,,
2021-10-04,segunda-feira ,12:25:00,SEM VÍTIMA,CORDEIRO,AVENIDA,AVENIDA CAXANGA,,,EM FRENTE AO SUPERMERCADO SOBERANO,CORDEIRO,,CIDADE,COLISÃO TRASEIRA,1,0,0,0,0,1,0,0,0,0,0,Longo da via,Bom,Sem defeito,Perfeito estado,Seca,Perfeito estado,Outros,Outras,,Dupla,Canteiro central,,
2021-10-04,segunda-feira ,15:26:00,COM VÍTIMA,CORDEIRO,RUA,RUA DR MIGUEL VIEIRA FERREIRA,RUA,RUA CLAUDIO BROTHERHOOD,PRÓX AO DEPÓSITO BETO BEBIDAS,CORDEIRO,,CIDADE,COLISÃO TRANSVERSAL,0,2,0,0,0,0,0,0,0,1,0,Cruzamento,Bom,Não existe,Incompleta,Seca,Perfeito estado,Não existe,,,Dupla,,,
2021-10-04,segunda-feira ,16:02:00,SEM VÍTIMA,GRACAS,AVENIDA,AVENIDA RUI BARBOSA,RUA,RUA MUNIZ TAVARES,,GRAÇAS,460,,CHOQUE,1,0,0,0,0,0,0,0,0,0,0,,,,,,,,,,,,,
2021-10-04,segunda-feira ,17:32:00,COM VÍTIMA,SANTO AMARO,AVENIDA,AVENIDA NORTE MIGUEL ARRAES DE ALENCAR,RUA,RUA DA AURORA,,SANTO AMARO,243,SUBURBIO,COLISÃO TRANSVERSAL,1,1,0,0,0,0,0,0,0,1,0,Cruzamento,Bom,Sem defeito,Perfeito estado,Seca,Perfeito estado,Faixa de pedestre,Não hA placas,,Dupla,Faixa contínua,,
2021-10-04,segunda-feira ,18:17:00,COM VÍTIMA,NOVA DESCOBERTA,RUA,RUA ALTO JARDIM PROGRESSO,,,PROX A LOTERICA,NOVA DESCOBERTA,,SUBURBIO,ATROPELAMENTO DE PESSOA,1,0,0,0,1,0,0,0,0,1,0,Longo da via,Bom,Não existe,Não existente,Seca,Perfeito estado,Não existe,Não hA placas,,Dupla,Não existe,,
2021-10-05,terça-feira ,06:35:00,COM VÍTIMA,SANTO ANTONIO,RUA,RUA DO SOL,,,EM FRENTE AO TEATRO SANTA ISABEL,SANTO ANTÔNIO,,CIDADE,QUEDA,0,1,0,0,0,0,0,0,0,1,0,Outros,Bom,Não existe,Não existente,Oleosa,Perfeito estado,Não existe,Não hA placas,30 km/h,Única,Faixa seccionada,,