data,dia_semana,hora,natureza,bairro,logradouro_endereco,endereco,logradouro_detalhe_endereco,detalhe_endereco_acidente,complemento,bairro_cruzamento,num_semaforo,sentido_via,tipo,auto,moto,ciclom,ciclista,pedestre,onibus,caminhao,viatura,outros,vitimas,vitimasfatais,acidente_verificado,tempo_clima,situacao_semaforo,sinalizacao,condicao_via,conservacao_via,ponto_controle,situacao_placa,velocidade_max_via,mao_direcao,divisao_via1,divisao_via2,divisao_via3
2021-10-05,terça-feira ,07:56:00,COM VÍTIMA,CASA AMARELA,EST,EST DO ARRAIAL,,,100 METROS APÓS A APAE,CASA AMARELA,,SUBURBIO,COLISÃO FRONTAL,1,1,0,0,0,0,0,0,0,1,0,Longo da via,Bom,Não existe,Perfeito estado,Seca,Perfeito estado,Não existe,R-4b,,Única,Faixa seccionada,,
2021-10-05,terça-feira ,09:36:00,COM VÍTIMA,GRACAS,RUA,RUA JOAQUIM NABUCO,RUA,RUA GUILHERME PINTO,EM FRENTE A VERDE FRUTE,GRAÇAS,,SUBURBIO,COLISÃO TRANSVERSAL,1,1,0,0,0,0,0,0,0,2,0,Longo da via,Bom,Não existe,Perfeito estado,Seca,Perfeito estado,Não existe,Outras,40 km/h,Única,Não existe,,
2021-10-05,terça-feira ,10:19:00,COM VÍTIMA,TAMARINEIRA,RUA,RUA CONEGO BARATA,AVENIDA,AVENIDA NORTE MIGUEL ARRAES DE ALENCAR,PROX. A FERREIRA COSTA,TAMARINEIRA,62,CIDADE,COLISÃO FRONTAL,1,1,0,0,0,0,0,0,0,1,0,Cruzamento,Bom,Sem defeito,Perfeito estado,Seca,Perfeito estado,Faixa de pedestre,R-4a,,Dupla,Faixa contínua,,
2021-10-05,terça-feira ,12:55:00,COM VÍTIMA,AREIAS,AVENIDA,AVENIDA CAPITAO GREGORIO DE CALDAS,RUA,RUA CAPITAO FELIPE FERREIRA,AO LADO DO N° 88,AREIAS,,,COLISÃO FRONTAL,1,1,0,0,0,0,0,0,0,1,0,Longo da via,Bom,Não existe,Incompleta,Seca,Perfeito estado,Não existe,Não hA placas,,Dupla,Canteiro central,,
2021-10-05,terça-feira ,17:26:00,COM VÍTIMA,CASA AMARELA,AVENIDA,AVENIDA NORTE MIGUEL ARRAES DE ALENCAR,,,EM FRENTE AO POSTO BR,CASA AMARELA,,SUBURBIO,ATROPELAMENTO DE PESSOA,0,1,0,0,1,0,0,0,0,1,0,Longo da via,Bom,Não existe,Perfeito estado,Seca,Perfeito estado,Não existe,R-6a,,Dupla,Faixa seccionada,,
2021-10-05,terça-feira ,23:15:40,COM VÍTIMA,TAMARINEIRA,RUA,RUA CONEGO BARATA,,,LADO OPOSTO FERREIRA COSTA,TAMARINEIRA,347,SUBURBIO,ATROPELAMENTO DE PESSOA,0,0,0,0,1,0,0,0,0,1,0,Longo da via,Bom,Sem defeito,Perfeito estado,Seca,Perfeito estado,Faixa de pedestre,Outras,,Dupla,Canteiro central,,
2021-10-06,quarta-feira ,05:00:00,COM VÍTIMA,DERBY,AVENIDA,AVENIDA GOVERNADOR AGAMENON MAGALHAES,RUA,RUA HENRIQUE DIAS,AMIL N° 422,DERBY,68,CIDADE,COLISÃO TRANSVERSAL,1,0,0,0,0,0,0,0,0,2,0,Cruzamento,Bom,Sem defeito,Perfeito estado,Seca,Perfeito estado,Faixa de pedestre,Outras,,Única,Faixa seccionada,,
2021-10-06,quarta-feira ,08:58:00,COM VÍTIMA,CORDEIRO,AVENIDA,AVENIDA CAXANGA,RUA,RUA SOUZA BANDEIRA,LADO OPOSTO DA DROGASIL,CORDEIRO,236,SUBURBIO,COLISÃO TRASEIRA,0,2,0,0,0,0,0,0,0,2,0,Longo da via,Bom,Sem defeito,Perfeito estado,Seca,Perfeito estado,Outros,Não hA placas,,Única,Faixa contínua,,
2021-10-06,quarta-feira ,09:38:00,COM VÍTIMA,CAMPO GRANDE,RUA,RUA PRUDENTE DE MORAES,RUA,RUA MARQUES DE ABRANTES,POSTO REVENDA ULTRA GAZ,CAMPO GRANDE,,CIDADE,COLISÃO TRANSVERSAL,1,1,0,0,0,0,0,0,0,1,0,Cruzamento,Bom,Não existe,Perfeito estado,Seca,Perfeito estado,Faixa de pedestre,"Placas ""Pare""",,Dupla,Faixa seccionada,,
2021-10-06,quarta-feira ,09:53:00,COM VÍTIMA,AREIAS,AVENIDA,AVENIDA DR JOSE RUFINO,RUA,RUA ENGENHEIRO ARNALDO LIMA,EM FRENTE O SENAI,AREIAS,508,SUBURBIO,ATROPELAMENTO DE PESSOA,1,0,0,0,1,0,0,0,0,1,0,Longo da via,Bom,Sem defeito,Perfeito estado,Seca,Perfeito estado,Faixa de pedestre,R-6a,,Dupla,Faixa contínua,,
2021-10-06,quarta-feira ,10:45:00,COM VÍTIMA,IPSEP,AVENIDA,AVENIDA RECIFE,,,ENTRADA DO IBURA,IPSEP,,,ATROPELAMENTO DE PESSOA,0,1,0,0,1,0,0,0,0,1,0,,,,,,,,,,,,,
2021-10-06,quarta-feira ,10:46:00,COM VÍTIMA,IPSEP,AVENIDA,AVENIDA RECIFE,,,LADO OPOSTO,IPSEP,,SUBURBIO,ATROPELAMENTO DE PESSOA,0,0,0,0,0,0,0,0,0,1,0,Longo da via,Bom,Não existe,Incompleta,Seca,Mal conservada,Não existe,Não hA placas,,Dupla,Canteiro central,,
2021-10-06,quarta-feira ,11:02:00,COM VÍTIMA,BOA VIAGEM,AVENIDA,AVENIDA HERCULANO BANDEIRA,,,EM FRENTE AO MARTELINHO DE OURO,BOA VIAGEM,,SUBURBIO,COLISÃO FRONTAL,1,1,0,0,0,0,0,0,0,1,0,Longo da via,Bom,Não existe,Perfeito estado,Seca,Perfeito estado,Não existe,Não hA placas,60 km/h,Única,Faixa seccionada,,
2021-10-06,quarta-feira ,12:27:00,COM VÍTIMA,ILHA DO LEITE,PTE,PTE JOSE DE BARROS LIMA,AVENIDA,AVENIDA GOVERNADOR AGAMENON MAGALHAES,ACIDENTE COM UMA VÍTIMA  ( CICLISTA ) RESULTANTE DE COLISÃO COM O ÔNIBUS BORBOREMA  Nº DE ORDEM 881.   EQUIPE CTTU APOIADA PELA EQUIPE ARGUS.  NO LOCAL.,ILHA DO LEITE,,SUBURBIO,COLISÃO COM CICLISTA,0,0,0,1,0,1,0,0,0,1,0,Viaduto,Bom,Não existe,Não existente,Seca,Perfeito estado,Não existe,Não hA placas,60 km/h,Dupla,Canteiro central,,
2021-10-06,quarta-feira ,15:17:00,COM VÍTIMA,BOA VIAGEM,AVENIDA,AVENIDA ENGENHEIRO DOMINGOS FERREIRA,,,EM FRENTE A DELEGACIA,BOA VIAGEM,,SUBURBIO,QUEDA,0,1,0,0,0,0,0,0,0,1,0,Longo da via,Bom,Não existe,Perfeito estado,Seca,Perfeito estado,Não existe,Não hA placas,60 km/h,Única,Faixa seccionada,,
2021-10-06,quarta-feira ,15:20:00,SEM VÍTIMA,CASA FORTE,AVENIDA,AVENIDA DEZESSETE DE AGOSTO,,,EM FRENTE AO Nº 1791,CASA FORTE,,CIDADE,COLISÃO TRASEIRA,1,0,0,0,0,0,0,1,0,0,0,Longo da via,Chuvoso,Não existe,Perfeito estado,Molhada,Perfeito estado,Outros,Outras,,Dupla,Faixa contínua,,
2021-10-06,quarta-feira ,16:57:00,COM VÍTIMA,BOA VIAGEM,AVENIDA,AVENIDA CONSELHEIRO AGUIAR,RUA,RUA ARTUR MUNIZ,SEMAFORO 5,BOA VIAGEM,5,CIDADE,COLISÃO FRONTAL,1,1,0,0,0,0,0,0,0,1,0,Cruzamento,Bom,Sem defeito,Perfeito estado,Seca,Perfeito estado,Faixa de pedestre,Não hA placas,,Única,Faixa seccionada,,
2021-10-06,quarta-feira ,18:00:00,COM VÍTIMA,MACAXEIRA,AVENIDA,AVENIDA NORTE MIGUEL ARRAES DE ALENCAR,,,NA ENTRADA DO TERMINAL DA MACAXEIRA,MACAXEIRA,,SUBURBIO,COLISÃO FRONTAL,0,1,0,0,0,1,0,0,0,1,0,Longo da via,Bom,Não existe,Não existente,Seca,Perfeito estado,Não existe,Não hA placas,,Única,Não existe,,
2021-10-06,quarta-feira ,18:52:00,SEM VÍTIMA,BOA VISTA,RUA,RUA DO HOSPICIO,,,TEATRO DO PARQUE,BOA VISTA,,SUBURBIO,,0,0,0,0,0,1,0,1,0,0,0,Longo da via,Bom,Não existe,Não existente,Seca,Perfeito estado,Não existe,Não hA placas,,Única,Faixa seccionada,,
2021-10-06,quarta-feira ,21:44:40,COM VÍTIMA,PINA,AVENIDA,AVENIDA ANTONIO DE GOES,,,SEMAFORO 103,PINA,103,CIDADE,COLISÃO TRANSVERSAL,1,1,0,0,0,0,0,0,0,1,0,Cruzamento,Bom,Sem defeito,Perfeito estado,Seca,Perfeito estado,Faixa de pedestre,,,Dupla,Faixa contínua,Faixa seccionada,Canteiro central
2021-10-07,quinta-feira ,07:24:00,COM VÍTIMA,CAMPO GRANDE,RUA,RUA MARQUES DE ABRANTES,RUA,RUA BARAO DE VERA CRUZ,PROX. A RESTAURANTE VENTURA,CAMPO GRANDE,,,COLISÃO LATERAL,2,0,0,0,0,0,0,0,0,1,0,Cruzamento,Bom,Não existe,Não existente,Seca,Perfeito estado,Não existe,Não hA placas,,Única,Não existe,,
2021-10-07,quinta-feira ,09:30:00,COM VÍTIMA,AGUA FRIA,RUA,RUA SAO SEBASTIAO,,,EM FRENTE A IGREJA ADVENTISTA,AGUA FRIA,,BOMBA DO HEMITERIO,COLISÃO LATERAL,2,0,0,0,0,0,0,0,0,1,0,Longo da via,Bom,Não existe,Perfeito estado,Seca,Perfeito estado,Não existe,Outras,30 km/h,Dupla,Faixa seccionada,,
2021-10-07,quinta-feira ,11:15:00,COM VÍTIMA,BOA VIAGEM,RUA,RUA SA E SOUZA,RUA,RUA BALTAZAR PASSOS,POSTO N° BOO8019,BOA VIAGEM,,CIDADE,COLISÃO FRONTAL,2,0,0,0,0,0,0,0,0,1,0,Cruzamento,Bom,Não existe,Perfeito estado,Seca,Perfeito estado,Não existe,"Placas ""Pare""",,Dupla,Faixa seccionada,,
2021-10-07,quinta-feira ,12:44:00,SEM VÍTIMA,SANTO AMARO,RUA,RUA NUMA POMPILHO,,,LADO Nº 439,SANTO AMARO,,SUBURBIO,COLISÃO TRASEIRA,0,1,0,0,0,0,0,1,0,0,0,Longo da via,Bom,Não existe,Perfeito estado,Seca,Perfeito estado,Não existe,Não hA placas,60 km/h,Única,Não existe,,
2021-10-07,quinta-feira ,13:28:00,COM VÍTIMA,SAO JOSE,VIADUTO,VIADUTO DAS CINCO PONTAS,,,SUBIDA DO VIADUTO - SENTIDO BOA VIAGEM.,SÃO JOSÉ,,,COLISÃO LATERAL,1,1,0,0,0,0,0,0,0,1,0,,,,,,,,,,,,,
2021-10-07,quinta-feira ,17:25:00,COM VÍTIMA,NOVA DESCOBERTA,RUA,RUA ALTO JARDIM PROGRESSO,,,PROXIMO A QUADRA DO ALTO JARDIM PROGRESSO,NOVA DESCOBERTA,,,COLISÃO FRONTAL,0,1,0,0,0,1,0,0,0,1,0,,,,,,,,,,,,,
2021-10-07,quinta-feira ,17:41:00,COM VÍTIMA,MADALENA,RUA,RUA DEMOCRITO DE SOUZA FILHO,RUA,RUA PROFESSOR JOSE TORRES PIRES,EM FRENTE A GARDEU,MADALENA,,,COLISÃO TRANSVERSAL,1,1,0,0,0,0,0,0,0,1,0,Cruzamento,Bom,Não existe,Perfeito estado,Seca,Perfeito estado,Não existe,,,Única,Não existe,,
2021-10-07,quinta-feira ,18:17:00,COM VÍTIMA,ENCRUZILHADA,RUA,RUA DA CORAGEM,RUA,RUA DONA JULIETA,PARALELA E ESTRADA DE BELEM,ENCRUZILHADA,,,COLISÃO TRANSVERSAL,1,1,0,0,0,0,0,0,0,1,0,Cruzamento,Bom,Não existe,Perfeito estado,Seca,Perfeito estado,Não existe,"Placas ""Pare""",30 km/h,,Faixa seccionada,,
2021-10-07,quinta-feira ,19:38:00,COM VÍTIMA,BAIRRO DO RECIFE,AVENIDA,AVENIDA ALFREDO LISBOA,,,EM FRENTE A TORRE MALAKOFF,BAIRRO DO RECIFE,,SUBURBIO,COLISÃO TRANSVERSAL,1,1,0,0,0,0,0,0,0,1,0,Longo da via,Bom,Sem defeito,Perfeito estado,Seca,,Faixa de pedestre,Outras,,Única,Faixa seccionada,,
2021-10-07,quinta-feira ,22:29:40,SEM VÍTIMA,NOVA DESCOBERTA,AVENIDA,AVENIDA NORTE MIGUEL ARRAES DE ALENCAR,,,PROXIMIDADES DO LARGO DONA REGINA / E/F A FARMACIA MANDACARU,NOVA DESCOBERTA,,,COLISÃO LATERAL,1,0,0,0,0,0,1,0,0,0,0,,,,,,,,,,,,,
2021-10-08,sexta-feira ,08:43:00,COM VÍTIMA,SANTO ANTONIO,AVENIDA,AVENIDA DANTAS BARRETO,,,,SANTO ANTÔNIO,,SUBURBIO,ATROPELAMENTO DE PESSOA,0,1,0,0,1,0,0,0,0,1,0,Longo da via,Bom,Não existe,Perfeito estado,Seca,Perfeito estado,Não existe,Não hA placas,30 km/h,Única,,,
2021-10-08,sexta-feira ,11:04:00,COM VÍTIMA,TEJIPIO,AVENIDA,AVENIDA DR JOSE RUFINO,,,FARMACIA TRABALHOR DE PERNAMBUCO,TEJIPIÓ,,SUBURBIO,ATROPELAMENTO DE PESSOA,0,1,0,0,1,0,0,0,0,1,0,Longo da via,Bom,Não existe,Incompleta,Seca,Perfeito estado,Não existe,R-6a,,Dupla,Não existe,,
2021-10-08,sexta-feira ,13:42:00,COM VÍTIMA,DOIS IRMAOS,RUA,RUA RIBEIRO PESSOA,,,AO LADO DA UNIDADE HOSPITAL UPA CAXANGA,DOIS IRMÃOS,281,CIDADE,COLISÃO TRASEIRA,1,1,0,0,0,0,0,0,0,1,0,Longo da via,Bom,Sem defeito,Perfeito estado,Seca,Perfeito estado,Agente,Outras,40 km/h,Dupla,Faixa contínua,,
2021-10-08,sexta-feira ,17:23:00,VÍTIMA FATAL,ARRUDA,AVENIDA,AVENIDA BEBERIBE,,,DISNOVE VEICULO,ARRUDA,,SUBURBIO,CHOQUE,0,0,0,0,0,1,0,0,0,0,1,Longo da via,Bom,Não existe,Perfeito estado,Seca,Perfeito estado,Não existe,Outras,,Dupla,Não existe,,
2021-10-08,sexta-feira ,17:47:00,COM VÍTIMA,SANTO AMARO,AVENIDA,AVENIDA NORTE MIGUEL ARRAES DE ALENCAR,AVENIDA,AVENIDA CRUZ CABUGA,LADO OPOSTO AO CEMITÉRIO DOS INGLESES,SANTO AMARO,34,CIDADE,COLISÃO FRONTAL,1,1,0,0,0,0,0,0,0,2,0,Cruzamento,Bom,Sem defeito,Perfeito estado,Seca,Perfeito estado,Faixa de pedestre,Não hA placas,60 km/h,Dupla,Canteiro central,,
2021-10-08,sexta-feira ,20:55:40,COM VÍTIMA,AREIAS,AVENIDA,AVENIDA DR JOSE RUFINO,,,EM FRENTE A BRINK KIDS,AREIAS,,CIDADE,COLISÃO FRONTAL,1,1,0,0,0,0,0,0,0,1,0,Longo da via,Bom,Não existe,Não existente,Seca,Perfeito estado,Não existe,Não hA placas,,Dupla,Faixa contínua,,
2021-10-08,sexta-feira ,23:13:40,SEM VÍTIMA,BOA VIAGEM,RUA,RUA ANTONIO FALCAO,,,AO BANCO SANTANDER,BOA VIAGEM,,CIDADE,COLISÃO TRASEIRA,1,0,0,0,0,0,1,0,0,0,0,Longo da via,Bom,Sem defeito,Perfeito estado,Seca,Perfeito estado,Não existe,Outras,,Única,,,
2021-10-09,sábado ,01:20:00,COM VÍTIMA,SANTO AMARO,AVENIDA,AVENIDA GOVERNADOR AGAMENON MAGALHAES,RUA,RUA ODORICO MENDES,,SANTO AMARO,49,SUBURBIO,COLISÃO COM CICLISTA,0,0,0,1,0,0,0,0,0,1,0,Cruzamento,Bom,Sem defeito,Perfeito estado,Seca,Perfeito estado,Faixa de pedestre,Outras,60 km/h,Dupla,Faixa contínua,Faixa seccionada,Canteiro central
2021-10-09,sábado ,04:18:00,SEM VÍTIMA,BOA VIAGEM,RUA,RUA ANTONIO FALCAO,,,PRÓXIMO AO BISTROL RECIFE HOTEL,BOA VIAGEM,,,CHOQUE,4,0,0,0,0,0,0,0,0,0,0,Longo da via,Bom,Não existe,Não existente,Molhada,Perfeito estado,Não existe,Não hA placas,,Única,Não existe,,
2021-10-09,sábado ,11:24:00,SEM VÍTIMA,CASA AMARELA,AVENIDA,AVENIDA NORTE MIGUEL ARRAES DE ALENCAR,,,EM FRENTE A MOTOPARTS,CASA AMARELA,79,SUBURBIO,CHOQUE,0,0,0,0,0,0,1,0,2,0,0,Longo da via,Bom,Sem defeito,Perfeito estado,Seca,Perfeito estado,Faixa de pedestre,Outras,,Dupla,Canteiro central,,
2021-10-09,sábado ,15:29:00,COM VÍTIMA,SAN MARTIN,RUA,RUA APULCRO DE ASSUNCAO,RUA,RUA EDUARDO DE ANDRADE,PROXIMO AO RESTAURANTE PASSIRA,SAN MARTIN,,SUBURBIO,COLISÃO TRANSVERSAL,1,1,0,0,0,0,0,0,0,1,0,Longo da via,Bom,Não existe,Não existente,Seca,Mal conservada,Não existe,Não hA placas,,Dupla,Não existe,,
2021-10-10,domingo ,14:47:00,SEM VÍTIMA,IMBIRIBEIRA,AVENIDA,AVENIDA GENERAL MAC ARTHUR,AVENIDA,AVENIDA MARECHAL MASCARENHAS DE MORAES,AO LADO DO POSTO IPIRANGA GAS NATURAL,IMBIRIBEIRA,225,SUBURBIO,COLISÃO TRASEIRA,2,0,0,0,0,0,0,0,0,0,0,Longo da via,Bom,Sem defeito,Perfeito estado,Seca,Perfeito estado,Faixa de retenção,Não hA placas,40 km/h,Única,Não existe,,
2021-10-10,domingo ,15:11:00,COM VÍTIMA,IPSEP,RUA,RUA JEAN EMILE FAVRE,RUA,RUA FRANCISCO BARRETO,EM FRENTE A PÃO NORTE N° 1131,IPSEP,527,CIDADE,COLISÃO TRANSVERSAL,1,1,0,0,0,0,0,0,0,1,0,Longo da via,Bom,Sem defeito,Perfeito estado,Seca,Perfeito estado,Faixa de pedestre,Outras,60 km/h,Dupla,Faixa contínua,Faixa seccionada,
2021-10-10,domingo ,22:43:40,COM VÍTIMA,DOIS UNIDOS,AVENIDA,AVENIDA CHAGAS FERREIRA,RUA,RUA LEONCIO RODRIGUES,AO LADO DO HOTEL SECULO XX,DOIS UNIDOS,,SUBURBIO,COLISÃO FRONTAL,0,2,0,0,0,0,0,0,0,2,0,Longo da via,Bom,Não existe,Incompleta,Seca,Perfeito estado,Não existe,Não hA placas,,Dupla,Não existe,,
2021-10-11,segunda-feira ,01:42:00,SEM VÍTIMA,BOA VIAGEM,AVENIDA,AVENIDA CONSELHEIRO AGUIAR,RUA,RUA PADRE BERNADINO PESSOA,,BOA VIAGEM,,,COLISÃO FRONTAL,2,0,0,0,0,0,0,0,0,0,0,,,,,,,,,,,,,
2021-10-11,segunda-feira ,09:38:00,COM VÍTIMA,BOA VISTA,RUA,RUA GERVASIO PIRES,,,,BOA VISTA,,SUBURBIO,ATROPELAMENTO DE PESSOA,0,1,0,0,1,0,0,0,0,1,0,Longo da via,Bom,,Perfeito estado,Seca,Perfeito estado,Não existe,R-6a,,Única,,,
2021-10-11,segunda-feira ,09:41:00,COM VÍTIMA,DERBY,AVENIDA,AVENIDA GOVERNADOR AGAMENON MAGALHAES,RUA,RUA HENRIQUE DIAS,SENTIDO BOA VIAGEM,DERBY,68,CIDADE,COLISÃO TRANSVERSAL,0,2,0,0,0,0,0,0,0,2,0,Cruzamento,Bom,Sem defeito,Perfeito estado,Seca,Perfeito estado,Faixa de pedestre,R-4a,60 km/h,Dupla,Faixa contínua,,
2021-10-11,segunda-feira ,09:52:00,COM VÍTIMA,JORDAO,AVENIDA,AVENIDA MARIA IRENE,,,MARTELINHO DE OURO AUTO CRUZ,JORDÃO,,SUBURBIO,COLISÃO FRONTAL,1,1,0,0,0,0,0,0,0,1,0,Longo da via,Bom,Não existe,Perfeito estado,Seca,Perfeito estado,Não existe,Não hA placas,,Dupla,Faixa contínua,,
2021-10-11,segunda-feira ,12:05:00,COM VÍTIMA,VARZEA,RUA,RUA GENERAL POLIDORO,,,,VARZEA,,SUBURBIO,ATROPELAMENTO DE PESSOA,1,0,0,0,1,0,0,0,0,1,0,Longo da via,Bom,Não existe,Incompleta,Seca,Perfeito estado,,Outras,30 km/h,Dupla,Não existe,,
2021-10-11,segunda-feira ,14:39:00,COM VÍTIMA,IMBIRIBEIRA,AVENIDA,AVENIDA PRESIDENTE DUTRA,,,SOBRE O VIADUTO TANCREDO NEVES,IMBIRIBEIRA,,CAXANGA,COLISÃO COM CICLISTA,1,0,0,1,0,0,0,0,0,1,0,Longo da via,Bom,Não existe,Perfeito estado,Seca,Perfeito estado,Não existe,R-26,,Única,Faixa contínua,,
2021-10-11,segunda-feira ,15:04:00,COM VÍTIMA,MADALENA,AVENIDA,AVENIDA JOSE GONCALVES DE MEDEIROS,,,AO LADO DA MCDONALDS,MADALENA,,CIDADE,COLISÃO TRANSVERSAL,1,1,0,0,0,0,0,0,0,1,0,Longo da via,Bom,Não existe,Perfeito estado,Seca,Perfeito estado,Não existe,Não hA placas,,Dupla,Faixa contínua,,
2021-10-11,segunda-feira ,16:39:00,COM VÍTIMA,AGUA FRIA,AVENIDA,AVENIDA BEBERIBE,RUA,RUA DA REGENERACAO,NO SEMFORO 187 VT  04 NO LOCAL,AGUA FRIA,187,SUBURBIO,ATROPELAMENTO DE PESSOA,1,0,0,0,1,0,0,0,0,1,0,Cruzamento,Bom,Sem defeito,Perfeito estado,Seca,Perfeito estado,Faixa de pedestre,R-6a,,Dupla,Faixa contínua,,
2021-10-11,segunda-feira ,20:31:00,COM VÍTIMA,PINA,RUA,RUA CAPITAO TEMUDO,,,PRÓX A LOMBADA ELETRONICA E E/F A  JBS,PINA,,,ATROPELAMENTO DE ANIMAL,1,0,0,0,0,0,0,0,0,1,0,,,,,,,,,,,,,
2021-10-11,segunda-feira ,21:38:40,COM VÍTIMA,BOA VISTA,AVENIDA,AVENIDA MANOEL BORBA,,,EM FRENTE AO HAPVIDA VASCO LUCENA,BOA VISTA,,SUBURBIO,COLISÃO TRASEIRA,1,1,0,0,0,0,0,0,0,1,0,Longo da via,Bom,Não existe,Perfeito estado,Seca,Perfeito estado,Não existe,R-6a,,Única,Faixa seccionada,,
2021-10-12,terça-feira ,09:32:00,COM VÍTIMA,TAMARINEIRA,AVENIDA,AVENIDA PROFESSOR JOSE DOS ANJOS,RUA,RUA MARIO BHERING,PROX DENOX,TAMARINEIRA,,SUBURBIO,COLISÃO TRANSVERSAL,1,1,0,0,0,0,0,0,0,1,0,Esquina,Bom,Não existe,Perfeito estado,Seca,Perfeito estado,Faixa de pedestre,R-6a,60 km/h,Única,Faixa contínua,Faixa seccionada,Canal
2021-10-12,terça-feira ,10:44:00,COM VÍTIMA,ENCRUZILHADA,AVENIDA,AVENIDA NORTE MIGUEL ARRAES DE ALENCAR,,,"EM FRENTE A ACADEMIA MATCH, SENT. CIDADE",ENCRUZILHADA,,CIDADE,ATROPELAMENTO DE PESSOA,0,1,0,0,1,0,0,0,0,1,0,Longo da via,Bom,Não existe,,Seca,Mal conservada,Faixa de pedestre,Outras,,Dupla,Faixa seccionada,,
2021-10-12,terça-feira ,15:29:00,COM VÍTIMA,LINHA DO TIRO,RUA,RUA ALTO FORMOSO,,,NA SUBIDA DO ALTO DO UNIAO,LINHA DO TIRO,,,COLISÃO FRONTAL,1,1,0,0,0,0,0,0,0,2,0,,,,,,,,,,,,,
2021-10-12,terça-feira ,18:56:00,COM VÍTIMA,CASA AMARELA,EST,EST DO ARRAIAL,RUA,RUA BELA VISTA,E/F A PIZZARIA CANDELABRO,CASA AMARELA,,SUBURBIO,COLISÃO FRONTAL,1,1,0,0,0,0,0,0,0,1,0,Cruzamento,Bom,Não existe,Perfeito estado,Seca,Perfeito estado,,Não hA placas,40 km/h,Única,Faixa seccionada,,
2021-10-13,quarta-feira ,07:43:00,COM VÍTIMA,CASA FORTE,PRC,PRC DE CASA FORTE,,,FRENTE A PRAÇÃ DE CASA FORTE,CASA FORTE,,CIDADE,COLISÃO COM CICLISTA,1,0,0,1,0,0,0,0,0,1,0,Longo da via,Bom,Não existe,Perfeito estado,Seca,Perfeito estado,Faixa de pedestre,Outras,,Única,,,
2021-10-13,quarta-feira ,09:58:00,COM VÍTIMA,BOA VIAGEM,RUA,RUA BARAO DE AGUA BRANCA,,,EM FRENTE AO COLEGIO COGNITIVO,BOA VIAGEM,,,COLISÃO LATERAL,1,1,0,0,0,0,0,0,0,1,0,,,,,,,,,,,,,
2021-10-13,quarta-feira ,13:26:00,COM VÍTIMA,IMBIRIBEIRA,AVENIDA,AVENIDA MARECHAL MASCARENHAS DE MORAES,,,LADO OPOSTO AO POSTE BO50133,IMBIRIBEIRA,,SUBURBIO,ATROPELAMENTO DE PESSOA,1,0,0,0,1,0,0,0,0,1,0,Longo da via,Bom,Não existe,Perfeito estado,Seca,Perfeito estado,Não existe,Não hA placas,60 km/h,Dupla,Canteiro central,,
2021-10-13,quarta-feira ,14:24:00,COM VÍTIMA,BOA VIAGEM,RUA,RUA BARAO DE SOUZA LEAO,AVENIDA,AVENIDA DES JOSE NEVES,PROX AO SUPERMERCADO TREVO  NO SEMAFORO  476,BOA VIAGEM,476,CIDADE,COLISÃO TRANSVERSAL,1,1,0,0,0,0,0,0,0,1,0,Cruzamento,Bom,Sem defeito,Perfeito estado,Seca,Perfeito estado,Faixa de pedestre,Outras,,Única,Canal,,
2021-10-13,quarta-feira ,19:17:00,COM VÍTIMA,IBURA,AVENIDA,AVENIDA DOIS RIOS,,,SEMAFORO 594 / E/F A UPINHA,IBURA,594,SUBURBIO,COLISÃO FRONTAL,1,1,0,0,0,0,0,0,0,2,0,Longo da via,Bom,Sem defeito,Perfeito estado,Seca,Perfeito estado,Faixa de pedestre,R-6a,,Dupla,Faixa contínua,,
2021-10-13,quarta-feira ,20:38:00,COM VÍTIMA,AREIAS,RUA,RUA AURORA CACOTE,,,PROX AO BOI QUENTE,AREIAS,,,COLISÃO FRONTAL,0,2,0,0,0,0,0,0,0,1,0,,,,,,,,,,,,,
2021-10-13,quarta-feira ,20:40:40,COM VÍTIMA,AREIAS,AVENIDA,AVENIDA RECIFE,,,VIADUTO DA AV RECIFE/ ARMAZEM CORAL,AREIAS,,SUBURBIO,COLISÃO FRONTAL,0,2,0,0,0,0,0,0,0,1,0,Longo da via,Bom,Não existe,Perfeito estado,Seca,Perfeito estado,Não existe,Não hA placas,,Única,Faixa seccionada,,
2021-10-13,quarta-feira ,20:45:40,VÍTIMA FATAL,SAO JOSE,PTE,PTE JOSE DE BARROS LIMA,,,APÓS A PASSARELA EM FRENTE A PRAÇA DA JOANA BEZERRA,SÃO JOSÉ,,BOA VIAGEM,ATROPELAMENTO DE PESSOA,1,0,0,0,1,0,0,0,0,0,1,Longo da via,Bom,Não existe,Perfeito estado,Seca,Perfeito estado,Não existe,Não hA placas,,Dupla,Canteiro central,,