data,dia_semana,hora,natureza,bairro,logradouro_endereco,endereco,logradouro_detalhe_endereco,detalhe_endereco_acidente,complemento,bairro_cruzamento,num_semaforo,sentido_via,tipo,auto,moto,ciclom,ciclista,pedestre,onibus,caminhao,viatura,outros,vitimas,vitimasfatais,acidente_verificado,tempo_clima,situacao_semaforo,sinalizacao,condicao_via,conservacao_via,ponto_controle,situacao_placa,velocidade_max_via,mao_direcao,divisao_via1,divisao_via2,divisao_via3
2021-10-14,quinta-feira ,02:21:00,COM VÍTIMA,BONGI,AVENIDA,AVENIDA ENGENHEIRO ABDIAS DE CARVALHO,,,PROXIMO AO ATACAREJO,BONGI,687,SUBURBIO,CHOQUE,1,0,0,0,0,0,0,0,0,1,0,Longo da via,Bom,Sem defeito,Perfeito estado,Seca,Perfeito estado,Faixa de pedestre,R-6a,60 km/h,Dupla,Canteiro central,,
2021-10-14,quinta-feira ,10:28:00,COM VÍTIMA,SANTO AMARO,AVENIDA,AVENIDA NORTE MIGUEL ARRAES DE ALENCAR,RUA,RUA DA AURORA,AO LADO DO HOSPITAL DE CAMPANHA COVID,SANTO AMARO,243,CIDADE,COLISÃO TRASEIRA,1,0,0,0,0,0,1,0,0,1,0,Longo da via,Bom,Sem defeito,Perfeito estado,Seca,Perfeito estado,Faixa de pedestre,Não hA placas,,Única,Canteiro central,,
2021-10-14,quinta-feira ,12:22:00,COM VÍTIMA,IBURA,AVENIDA,AVENIDA DOIS RIOS,,,HOTEL MALICE,IBURA,,CIDADE,COLISÃO FRONTAL,1,1,0,0,0,0,0,0,0,1,0,Longo da via,Bom,Não existe,Não existente,Seca,Perfeito estado,Não existe,Não hA placas,,Dupla,Não existe,,
2021-10-08,sexta-feira ,07:50:00,COM VÍTIMA,IBURA,RUA,RUA RIO TAPADO,AVENIDA,AVENIDA DOIS RIOS,,IBURA,,SUBURBIO,COLISÃO LATERAL,0,1,0,0,0,0,1,0,0,2,0,Longo da via,Bom,Sem defeito,Não existente,Seca,Perfeito estado,Outros,Não hA placas,,Dupla,Não existe,,
2021-10-14,quinta-feira ,17:27:00,COM VÍTIMA,BAIRRO DO RECIFE,CAIS,CAIS DO APOLO,PTE,PTE CONDE MAURICIO DE NASSAU,EM FRENTE AO BANCO SANTANDER,BAIRRO DO RECIFE,,SUBURBIO,ATROPELAMENTO DE PESSOA,0,0,0,0,1,1,0,0,0,1,0,Longo da via,Bom,Não existe,Perfeito estado,Seca,Perfeito estado,Não existe,Não hA placas,,Única,Faixa seccionada,,
2021-10-14,quinta-feira ,20:56:00,COM VÍTIMA,MADALENA,RUA,RUA BENFICA,,,E/F A GPCA,MADALENA,,,COLISÃO LATERAL,1,1,0,0,0,0,0,0,0,1,0,,,,,,,,,,,,,
2021-10-15,sexta-feira ,10:24:00,COM VÍTIMA,VARZEA,RUA,RUA GENERAL POLIDORO,RUA,RUA ABATIA,NO SEMAFORO 577,VARZEA,577,SUBURBIO,COLISÃO FRONTAL,0,1,0,0,0,0,1,0,0,2,0,Cruzamento,Bom,Sem defeito,Perfeito estado,Seca,Perfeito estado,Faixa de pedestre,Não hA placas,40 km/h,,Faixa contínua,,
2021-10-15,sexta-feira ,10:59:00,COM VÍTIMA,BOA VISTA,AVENIDA,AVENIDA GOVERNADOR AGAMENON MAGALHAES,RUA,RUA JOAQUIM NABUCO,,BOA VISTA,174,SUBURBIO,COLISÃO TRANSVERSAL,1,1,0,0,0,0,0,0,0,2,0,Cruzamento,Bom,Sem defeito,Perfeito estado,Seca,Perfeito estado,Faixa de pedestre,Outras,60 km/h,Dupla,Canteiro central,,
2021-10-15,sexta-feira ,11:28:00,COM VÍTIMA,ESPINHEIRO,AVENIDA,AVENIDA GOVERNADOR AGAMENON MAGALHAES,,,EM FRENTE O MINISTÉRIO DO TRABALHO,ESPINHEIRO,,,COLISÃO LATERAL,1,1,0,0,0,0,0,0,0,1,0,,,,,,,,,,,,,
2021-10-15,sexta-feira ,14:18:00,COM VÍTIMA,ALTO SANTA TERESINHA,AVENIDA,AVENIDA ANIBAL BENEVOLO,,,EM FRENTE AO ESTACIONAMENTO DO CLUBE BELA VISTA,ALTO SANTA TERESINHA,,URIEL DE HOLANDA,COLISÃO FRONTAL,1,1,0,0,0,0,0,0,0,1,0,Longo da via,Bom,Não existe,Incompleta,Seca,Perfeito estado,Não existe,R-6a,,Dupla,Não existe,,
2021-10-15,sexta-feira ,14:49:00,COM VÍTIMA,BOA VIAGEM,RUA,RUA PADRE BERNADINO PESSOA,RUA,RUA MINISTRO NELSON HUNGRIA,COLÉGIO SANTA MARIA,BOA VIAGEM,,SUBURBIO,COLISÃO TRANSVERSAL,1,1,0,0,0,0,0,0,0,1,0,Cruzamento,Bom,Não existe,Incompleta,Seca,Perfeito estado,Faixa de pedestre,Não hA placas,,Única,Não existe,,
2021-10-15,sexta-feira ,17:03:00,SEM VÍTIMA,TORRE,RUA,RUA MARCOS ANDRE,,,PROXIMO AO PRIVE BOSQUE DA TORRE,TORRE,,SUBURBIO,,1,0,0,0,0,0,0,1,0,0,0,Longo da via,Bom,Sem defeito,Perfeito estado,Seca,Perfeito estado,Não existe,Não hA placas,,,Faixa contínua,,
2021-10-15,sexta-feira ,20:46:40,COM VÍTIMA,CASA FORTE,RUA,RUA MARECHAL RONDON,RUA,RUA MARECHAL RONDON,PROX A CASA DE FESTA ESTRIPULIA,CASA FORTE,,CIDADE,COLISÃO FRONTAL,1,1,0,0,0,0,0,0,0,1,0,Cruzamento,Bom,Não existe,Perfeito estado,Seca,Perfeito estado,Outros,"Placas ""Pare""",,Única,Faixa contínua,,
2021-10-15,sexta-feira ,21:00:40,COM VÍTIMA,IMBIRIBEIRA,RUA,RUA ARQUITETO LUIZ NUNES,,,PROX AO SUPERMECADO AÇAI,IMBIRIBEIRA,635,CIDADE,COLISÃO COM CICLISTA,1,0,0,2,0,0,0,0,0,2,0,Longo da via,Bom,Sem defeito,Perfeito estado,Seca,,Não existe,R-6a,40 km/h,Dupla,Não existe,,
2021-10-16,sábado ,06:06:00,COM VÍTIMA,VARZEA,RUA,RUA ACADEMICO HELIO RAMOS,AVENIDA,AVENIDA PROFESSOR LUIZ FREIRE,AO LADO DA ESCOLA MUNICIPAL PROFESSOR PAULO ROSAS,VARZEA,,VARZEA,COLISÃO FRONTAL,0,1,0,0,0,1,0,0,0,1,0,Esquina,Bom,Não existe,Incompleta,Seca,Perfeito estado,Não existe,Outras,30 km/h,Dupla,Não existe,,
2021-10-16,sábado ,06:59:00,COM VÍTIMA,TEJIPIO,RUA,RUA FALCAO DE LACERDA,,,OPOSTO A IGREJA ASSEMBLEIA DE DEUS,TEJIPIÓ,,SUBURBIO,CHOQUE,1,1,0,0,0,0,0,0,0,1,0,Longo da via,Bom,Não existe,Não existente,Seca,Perfeito estado,Não existe,Não hA placas,,Dupla,Não existe,,
2021-10-16,sábado ,11:20:00,COM VÍTIMA,CAMPO GRANDE,RUA,RUA PRUDENTE DE MORAES,,,PROX. AO ANTIGO CALDINHO DA ZEZE,CAMPO GRANDE,,,COLISÃO FRONTAL,1,1,0,0,0,0,0,0,0,1,0,,,,,,,,,,,,,
2021-10-16,sábado ,12:26:00,COM VÍTIMA,ILHA DO RETIRO,RUA,RUA JOAO IVO DA SILVA,RUA,RUA PADRE TEOFILO TWORZ,SOB O SEMAFORO,ILHA DO RETIRO,503,SUBURBIO,COLISÃO FRONTAL,1,1,0,0,0,0,0,0,0,1,0,Cruzamento,Bom,Sem defeito,Incompleta,Seca,Perfeito estado,Outros,Não hA placas,50 km/h,Única,Não existe,,
2021-10-16,sábado ,12:47:00,COM VÍTIMA,ILHA DO RETIRO,EST,EST DOS REMEDIOS,TRV,TRV PADRE TEOFILO TWORZ,AO LADO DA HYUNDAI,ILHA DO RETIRO,,AFOGADOS,COLISÃO FRONTAL,1,1,0,0,0,0,0,0,0,1,0,Cruzamento,Bom,Sem defeito,Incompleta,Seca,Perfeito estado,Não existe,Outras,,Única,Não existe,,
2021-10-16,sábado ,19:47:00,SEM VÍTIMA,CAMPO GRANDE,RUA,RUA ODORICO MENDES,,,E/F A DROGASIL,CAMPO GRANDE,,,COLISÃO LATERAL,2,0,0,0,0,0,0,0,0,0,0,,,,,,,,,,,,,
2021-10-16,sábado ,21:02:40,SEM VÍTIMA,IMBIRIBEIRA,PTE,PTE GILBERTO FREYRE,,,SOBRE A PONTE,IMBIRIBEIRA,,SUBURBIO,,0,1,0,0,0,0,0,1,0,0,0,Ponte,Bom,Não existe,Perfeito estado,Seca,Perfeito estado,,,,Única,Faixa seccionada,,
2021-10-16,sábado ,21:57:40,COM VÍTIMA,TOTO,AVENIDA,AVENIDA LIBERDADE,,,EM FRENTE AO PRESIDIO ANIBAL BRUNO,TOTÓ,,CIDADE,COLISÃO COM CICLISTA,0,0,0,1,0,1,0,0,0,1,0,Longo da via,Chuvoso,Não existe,Ilegível,Seca,Perfeito estado,Não existe,Outras,,Dupla,Faixa contínua,,
2021-10-16,sábado ,22:43:40,SEM VÍTIMA,BOA VIAGEM,RUA,RUA ANTONIO FALCAO,,,"SOB O VIADUTO DA VIA MANGUE, POSTE BO 04803",BOA VIAGEM,48,SUBURBIO,COLISÃO TRASEIRA,2,0,0,0,0,0,0,0,0,0,0,Longo da via,Bom,Sem defeito,Perfeito estado,Seca,Perfeito estado,Faixa de pedestre,Outras,,Única,Faixa seccionada,,
2021-10-17,domingo ,07:12:00,COM VÍTIMA,CAMPO GRANDE,EST,EST DE BELEM,RUA,RUA JERONIMO VILELA,EM FRENTE A ESCOLA JESUS CRUCIFICADO,CAMPO GRANDE,26,CIDADE,COLISÃO TRANSVERSAL,1,1,0,0,0,0,0,0,0,2,0,Cruzamento,Bom,Sem defeito,Perfeito estado,Seca,Perfeito estado,Faixa de pedestre,R-4a,,Dupla,Não existe,,
2021-10-17,domingo ,08:42:00,COM VÍTIMA,BOA VIAGEM,RUA,RUA DES JOAO PAES,RUA,RUA CORONEL ANIZIO RODRIGUES COELHO,AO LADO DO N° 618,BOA VIAGEM,,ÚNICO,COLISÃO FRONTAL,1,1,0,0,0,0,0,0,0,1,0,Longo da via,Bom,Não existe,Perfeito estado,Seca,Perfeito estado,Faixa de pedestre,"Placas ""Pare""",,Única,Não existe,,
2021-10-17,domingo ,13:21:00,COM VÍTIMA,HIPODROMO,RUA,RUA FONSECA OLIVEIRA,,,PROX A PRAÇA DO HIPODROMO E/F AO EDF RIO JURUA,HIPÓDROMO,,SUBURBIO,COLISÃO TRANSVERSAL,1,1,0,0,0,0,0,0,0,1,0,Longo da via,Bom,Não existe,Perfeito estado,Seca,Mal conservada,Não existe,Outras,,Dupla,Faixa seccionada,,
2021-10-17,domingo ,14:29:00,COM VÍTIMA,SANTO ANTONIO,RUA,RUA DA AURORA,RUA,RUA PRINCESA IZABEL,EM FRENTE A POLICIA CIVIL,SANTO ANTÔNIO,22,SUBURBIO,COLISÃO TRANSVERSAL,1,1,0,0,0,0,0,0,0,1,0,Cruzamento,Bom,Sem defeito,Perfeito estado,Seca,Perfeito estado,Faixa de pedestre,Outras,,Única,Faixa contínua,,
2021-10-17,domingo ,15:24:00,COM VÍTIMA,BOA VIAGEM,AVENIDA,AVENIDA ENGENHEIRO DOMINGOS FERREIRA,RUA,RUA BRUNO VELOSO,ESCOLA MUNICIPAL DO LEÃO,BOA VIAGEM,338,SUBURBIO,COLISÃO FRONTAL,1,1,0,0,0,0,0,0,0,1,0,Cruzamento,Bom,Sem defeito,Perfeito estado,Seca,Perfeito estado,Faixa de pedestre,Não hA placas,,,,,
2021-10-17,domingo ,16:32:00,SEM VÍTIMA,VARZEA,RUA,RUA MINISTRO MARIO ANDREAZZA,,,AO LADO DO INSTITUTO DE INOVAÇÃO TECNOLÓGICA,VARZEA,,SUBURBIO,COLISÃO FRONTAL,0,1,0,0,0,0,0,1,0,0,0,Longo da via,Bom,Não existe,Não existente,Seca,Mal conservada,Não existe,Não hA placas,,Dupla,Não existe,,
2021-10-17,domingo ,18:37:00,COM VÍTIMA,IMBIRIBEIRA,AVENIDA,AVENIDA GENERAL MAC ARTHUR,RUA,RUA MONSENHOR TABOSA,ZUMA AUTO,IMBIRIBEIRA,,CIDADE,COLISÃO COM CICLISTA,1,0,0,1,0,0,0,0,0,2,0,Longo da via,Bom,Não existe,Perfeito estado,Seca,Perfeito estado,,"Placas ""Pare""",40 km/h,Única,,,
2021-10-17,domingo ,19:59:00,COM VÍTIMA,ARRUDA,RUA,RUA COUTO MAGALHAES,AVENIDA,AVENIDA BEBERIBE,APÓS O SEMAFORO N° 63,ARRUDA,63,SUBURBIO,COLISÃO FRONTAL,1,1,0,0,0,0,0,0,0,1,0,Longo da via,Bom,Sem defeito,Perfeito estado,Seca,Perfeito estado,Não existe,Não hA placas,40 km/h,Dupla,Faixa contínua,Faixa seccionada,
2021-10-17,domingo ,23:03:40,SEM VÍTIMA,BOA VISTA,AVENIDA,AVENIDA CONDE DA BOA VISTA,,,ESCOLA DA BÍBLIA,BOA VISTA,682,SUBURBIO,COLISÃO TRASEIRA,2,0,0,0,0,0,0,0,0,0,0,Longo da via,Bom,Sem defeito,Perfeito estado,Seca,Perfeito estado,Não existe,Não hA placas,,Dupla,Canteiro central,,
2021-10-18,segunda-feira ,06:58:00,COM VÍTIMA,TORRE,RUA,RUA JOSE BONIFACIO,,,E/F AO CARREFOUR DA TORRE (SOBRE A PONTE/  SENTIDO AFOGADOS),TORRE,,,COLISÃO LATERAL,0,1,0,0,0,1,0,0,0,1,0,,,,,,,,,,,,,
2021-10-18,segunda-feira ,09:26:00,COM VÍTIMA,ILHA DO RETIRO,TUNEL,TUNEL CHICO SCIENCE,,,TÚNEL CHICO SCIENCE,ILHA DO RETIRO,,CIDADE,COLISÃO FRONTAL,1,1,0,0,0,0,0,0,0,1,0,Outros,Bom,Não existe,Perfeito estado,Seca,Perfeito estado,Não existe,Não hA placas,,Única,Faixa contínua,,
2021-10-18,segunda-feira ,09:32:00,COM VÍTIMA,TORROES,AVENIDA,AVENIDA ENGENHEIRO ABDIAS DE CARVALHO,,,LADO OPOSTO AO N° 3068,TORRÕES,272,CIDADE,COLISÃO FRONTAL,1,1,0,0,0,0,0,0,0,1,0,Longo da via,Bom,Sem defeito,Perfeito estado,Seca,Perfeito estado,Não existe,R-19,60 km/h,Dupla,Canteiro central,,
2021-10-18,segunda-feira ,13:01:00,COM VÍTIMA,SANTO AMARO,AVENIDA,AVENIDA VISCONDE DE SUASSUNA,,,EM FRENTE A URBANO VITALINO ADVOGADOS,SANTO AMARO,,SUBURBIO,COLISÃO TRASEIRA,1,1,0,0,0,0,0,0,0,2,0,Longo da via,Bom,Não existe,Perfeito estado,Seca,Perfeito estado,Não existe,R-6a,,Única,Faixa seccionada,,
2021-10-18,segunda-feira ,17:31:00,COM VÍTIMA,CORDEIRO,RUA,RUA QUATA,,,EM FRENTE AO N° 79,CORDEIRO,,SUBURBIO,CHOQUE,2,0,0,0,0,0,0,0,0,1,0,Longo da via,Bom,Não existe,Perfeito estado,Seca,Perfeito estado,Não existe,Não hA placas,,Dupla,Não existe,,
2021-10-18,segunda-feira ,19:44:00,COM VÍTIMA,COQUEIRAL,AVENIDA,AVENIDA DR JOSE RUFINO,RUA,RUA PAPA JOAO VINTE E TRES,PADARIA FABRICA,COQUEIRAL,285,,COLISÃO FRONTAL,0,0,0,0,0,0,0,0,0,1,0,Outros,Bom,Sem defeito,Ilegível,Seca,Mal iluminada,Outros,Outras,60 km/h,Dupla,Não existe,,
2021-10-19,terça-feira ,00:53:00,COM VÍTIMA,IPUTINGA,AVENIDA,AVENIDA CAXANGA,EST,EST DO BARBALHO,EM FRENTE AO BIG BOM PREÇO,IPUTINGA,,SUBURBIO,COLISÃO TRASEIRA,0,1,0,0,0,0,0,0,0,2,0,Longo da via,Bom,Não existe,Perfeito estado,Seca,Perfeito estado,Não existe,Outras,,Dupla,Canteiro central,,
2021-10-19,terça-feira ,12:07:00,SEM VÍTIMA,SANTO AMARO,AVENIDA,AVENIDA CRUZ CABUGA,,,EM FRENTE À CTTU,SANTO AMARO,,SUBURBIO,COLISÃO TRANSVERSAL,0,2,0,0,0,0,0,0,0,0,0,Longo da via,Bom,Não existe,Perfeito estado,Seca,Perfeito estado,Não existe,R-6a,,Dupla,Faixa contínua,,
2021-10-19,terça-feira ,14:24:00,COM VÍTIMA,SANTO AMARO,AVENIDA,AVENIDA CRUZ CABUGA,RUA,RUA FREI CASSIMIRO,SENAI,SANTO AMARO,,,COLISÃO TRANSVERSAL,1,1,0,0,0,0,0,0,0,1,0,Cruzamento,Bom,Não existe,Perfeito estado,Seca,Perfeito estado,Faixa de pedestre,R-6a,,Dupla,Faixa contínua,,
2021-10-19,terça-feira ,14:32:00,COM VÍTIMA,IPSEP,AVENIDA,AVENIDA RECIFE,,,EM FRENTE A CARLOS FILMS EQUIPADORA,IPSEP,319,SUBURBIO,COLISÃO TRASEIRA,1,1,0,0,0,0,0,0,0,2,0,Longo da via,Bom,Sem defeito,Perfeito estado,Seca,Perfeito estado,Faixa de pedestre,,,Dupla,Faixa contínua,Canteiro central,
2021-10-19,terça-feira ,15:34:00,COM VÍTIMA,CORDEIRO,AVENIDA,AVENIDA GENERAL SAN MARTIN,RUA,RUA GOMES TABORDA,AV GENERAL SAN MARTIN,CORDEIRO,67,SUBURBIO,ATROPELAMENTO DE PESSOA,1,0,0,0,1,0,0,0,0,1,0,Cruzamento,Bom,Sem defeito,Perfeito estado,Seca,Perfeito estado,Faixa de pedestre,Não hA placas,40 km/h,Dupla,Faixa contínua,,
2021-10-19,terça-feira ,20:17:00,SEM VÍTIMA,BOA VIAGEM,AVENIDA,AVENIDA DES JOSE NEVES,,,SEMAFORO 639 / PRÓX AO SHOPPING RECIFE,BOA VIAGEM,,,CHOQUE,0,0,0,0,0,0,0,0,0,0,0,,,,,,,,,,,,,
2021-10-20,quarta-feira ,05:52:00,SEM VÍTIMA,ILHA JOANA BEZERRA,VIADUTO,VIADUTO CAPITAO TEMUDO,,,APÓS A PASSARELA - SUBIDA DO VIADUTO,ILHA JOANA BEZERRA,,SUBURBIO,ATROPELAMENTO DE ANIMAL,2,0,0,0,0,0,0,0,0,0,0,,,,,,,,,,,,,
2021-10-20,quarta-feira ,07:43:00,COM VÍTIMA,PINA,AVENIDA,AVENIDA BOA VIAGEM,,,EM FRENTE AO TRANSAMERICA PRESTIGE BEACH CLASS,PINA,,CIDADE,COLISÃO FRONTAL,1,1,0,0,0,0,0,0,0,2,0,Longo da via,Bom,Sem defeito,Perfeito estado,Seca,Perfeito estado,Faixa de retenção,Não hA placas,60 km/h,Única,Faixa seccionada,,
2021-10-20,quarta-feira ,08:17:00,COM VÍTIMA,BOA VIAGEM,AVENIDA,AVENIDA ENGENHEIRO DOMINGOS FERREIRA,RUA,RUA PROFESSOR JOSE BRANDAO,E/F A FARMACIA INDEPENDENTE,BOA VIAGEM,550,,COLISÃO TRASEIRA,1,1,0,0,0,0,0,0,0,1,0,Cruzamento,Bom,Sem defeito,Perfeito estado,Seca,Perfeito estado,Faixa de pedestre,Não hA placas,,Única,Faixa contínua,,
2021-10-20,quarta-feira ,12:50:00,COM VÍTIMA,BOA VISTA,RUA,RUA GERVASIO PIRES,,,AO LADO DO POSTE BO26003,BOA VISTA,,SUBURBIO,COLISÃO FRONTAL,1,1,0,0,0,0,0,0,0,2,0,Longo da via,Bom,Não existe,Perfeito estado,Seca,Perfeito estado,Não existe,R-6a,,Única,Não existe,,
2021-10-20,quarta-feira ,14:29:00,COM VÍTIMA,BOA VIAGEM,AVENIDA,AVENIDA ENGENHEIRO DOMINGOS FERREIRA,,,E/F A  CELPE,BOA VIAGEM,,SUBURBIO,COLISÃO TRASEIRA,2,1,0,0,0,0,0,0,0,1,0,Longo da via,Bom,Não existe,Perfeito estado,Seca,Perfeito estado,Não existe,R-6a,,Única,Faixa contínua,Faixa seccionada,
2021-10-20,quarta-feira ,18:48:00,COM VÍTIMA,AREIAS,AVENIDA,AVENIDA DR JOSE RUFINO,,,E/F AO SENAI,AREIAS,,,COLISÃO FRONTAL,1,1,0,0,0,0,0,0,0,1,0,,,,,,,,,,,,,
2021-10-21,quinta-feira ,08:57:00,COM VÍTIMA,IMBIRIBEIRA,AVENIDA,AVENIDA MARECHAL MASCARENHAS DE MORAES,,,EM FRENTE A UPA,IMBIRIBEIRA,310,,COLISÃO TRASEIRA,0,1,0,0,0,0,1,0,0,1,0,,,,,,,,,,,,,
2021-10-21,quinta-feira ,14:29:00,SEM VÍTIMA,ESPINHEIRO,AVENIDA,AVENIDA GOVERNADOR AGAMENON MAGALHAES,,,EM FRENTE AO CLUBE PORTUGUES,ESPINHEIRO,,,COLISÃO TRASEIRA,3,0,0,0,0,0,0,0,0,0,0,Longo da via,Bom,Sem defeito,Perfeito estado,Seca,Perfeito estado,,,,Única,Faixa seccionada,,
2021-10-21,quinta-feira ,14:39:00,SEM VÍTIMA,TAMARINEIRA,RUA,RUA ISAAC SALAZAR,,,EM FRENTE AO EDIFÍCIO RESEDA,TAMARINEIRA,,CIDADE,,1,0,0,0,0,0,0,1,0,0,0,Longo da via,Bom,Não existe,Perfeito estado,Seca,Perfeito estado,Faixa de retenção,"Placas ""Pare""",,Única,Não existe,,
2021-10-21,quinta-feira ,20:28:00,VÍTIMA FATAL,MADALENA,RUA,RUA REAL DA TORRE,,,EM FRENTE AO MERCADO DA MADALENA,MADALENA,,AFOGADOS,CHOQUE,0,1,0,0,0,0,0,0,0,0,1,Longo da via,Bom,Não existe,Perfeito estado,Seca,Perfeito estado,Não existe,Outras,,Única,Faixa seccionada,,
2021-10-22,sexta-feira ,08:25:00,COM VÍTIMA,ENCRUZILHADA,AVENIDA,AVENIDA NORTE MIGUEL ARRAES DE ALENCAR,,,LADO OPOSTO AO T2 VEICULOS,ENCRUZILHADA,,CIDADE,ATROPELAMENTO DE PESSOA,0,1,0,0,1,0,0,0,0,1,0,Longo da via,Bom,Não existe,Ilegível,Seca,Perfeito estado,Outros,Outras,,Dupla,Faixa seccionada,Canteiro central,
2021-10-22,sexta-feira ,08:35:00,COM VÍTIMA,BOA VISTA,RUA,RUA DO HOSPICIO,RUA,RUA PRINCESA IZABEL,EM FRENTE A CAMARA DOS VEREADORES DE RECIFE,BOA VISTA,31,CIDADE,COLISÃO FRONTAL,1,2,0,0,0,0,0,0,0,1,0,Cruzamento,Bom,Sem defeito,Perfeito estado,Seca,Perfeito estado,Agente,R-25c,40 km/h,Única,Faixa contínua,,
2021-10-22,sexta-feira ,09:31:00,COM VÍTIMA,TORROES,AVENIDA,AVENIDA ENGENHEIRO ABDIAS DE CARVALHO,,,EM FRENTE MARMOARIA AQUIPEDRAS,TORRÕES,,CIDADE,COLISÃO TRASEIRA,1,1,0,0,0,0,0,0,0,1,0,Longo da via,Bom,Sem defeito,Perfeito estado,Seca,Perfeito estado,Faixa de pedestre,R-6a,60 km/h,Dupla,Faixa contínua,Canteiro central,
2021-10-22,sexta-feira ,10:13:00,COM VÍTIMA,MADALENA,RUA,RUA REAL DA TORRE,,,AO LADO DA ESCOLA DE EDUCADORES DO RECIFE,MADALENA,,,ATROPELAMENTO DE PESSOA,1,0,0,0,1,0,0,0,0,1,0,Longo da via,Bom,Sem defeito,Perfeito estado,Seca,Perfeito estado,Não existe,Não hA placas,50 km/h,Única,Faixa seccionada,,
2021-10-22,sexta-feira ,10:33:00,COM VÍTIMA,BOA VIAGEM,AVENIDA,AVENIDA CONSELHEIRO AGUIAR,,,EM FRENTE AO EDIFICIO BELÉM,BOA VIAGEM,,CIDADE,COLISÃO FRONTAL,1,1,0,0,0,0,0,0,0,1,0,Longo da via,Bom,Não existe,Perfeito estado,Seca,Perfeito estado,Não existe,R-6a,,Única,Faixa contínua,Faixa seccionada,
2021-10-22,sexta-feira ,14:12:00,COM VÍTIMA,SAN MARTIN,AVENIDA,AVENIDA GENERAL SAN MARTIN,,,EM FRENTE A IGREJA INTERNACIONAL DA GRAÇA,SAN MARTIN,,SUBURBIO,COLISÃO FRONTAL,1,1,0,0,0,0,0,0,0,2,0,Longo da via,Bom,Não existe,Perfeito estado,Seca,Perfeito estado,Não existe,Não hA placas,40 km/h,Dupla,Faixa contínua,Faixa seccionada,
2021-10-22,sexta-feira ,15:54:00,COM VÍTIMA,AFOGADOS,RUA,RUA QUITERIO INACIO DE MELLO,RUA,RUA CINCO DE NOVEMBRO,IMPORT PNEUS,AFOGADOS,,SUBURBIO,COLISÃO TRANSVERSAL,0,2,0,0,0,0,0,0,0,1,0,Cruzamento,Bom,Não existe,Perfeito estado,Seca,Perfeito estado,Não existe,Não hA placas,,Única,Faixa seccionada,,
2021-10-22,sexta-feira ,17:52:00,COM VÍTIMA,BOA VIAGEM,RUA,RUA SA E SOUZA,RUA,RUA PADRE CABRAL,E/F A CERPE  LABORATORIO,BOA VIAGEM,,SUBURBIO,COLISÃO TRANSVERSAL,1,1,0,0,0,0,0,0,0,1,0,Longo da via,Bom,Não existe,Perfeito estado,Seca,Perfeito estado,Não existe,Outras,30 km/h,Dupla,Faixa seccionada,,
2021-10-22,sexta-feira ,18:10:00,COM VÍTIMA,AREIAS,AVENIDA,AVENIDA RECIFE,RUA,RUA ADOLFO FARO,POSTO FEDERAL,AREIAS,,SUBURBIO,COLISÃO COM CICLISTA,0,0,0,1,0,0,1,0,0,1,0,Longo da via,Bom,Não existe,Perfeito estado,Seca,Perfeito estado,Não existe,Não hA placas,,Dupla,Canteiro central,,
2021-10-22,sexta-feira ,21:07:40,COM VÍTIMA,BOA VIAGEM,AVENIDA,AVENIDA ENGENHEIRO DOMINGOS FERREIRA,,,LADO OPOSTO PIZZARIA CAPITÃO GANCHO,BOA VIAGEM,,SUBURBIO,ATROPELAMENTO DE PESSOA,0,0,1,0,1,0,0,0,0,1,0,Longo da via,Bom,Não existe,Perfeito estado,Seca,Perfeito estado,Não existe,Não hA placas,,Única,Faixa seccionada,,
2021-10-22,sexta-feira ,23:23:40,COM VÍTIMA,CABANGA,PTE,PTE GOVERNADOR PAULO GUERRA,,,CURVA DO LARGO DO CABANGA,CABANGA,,CIDADE,QUEDA,0,1,0,0,0,0,0,0,0,1,0,Viaduto,Bom,Não existe,Perfeito estado,Seca,Perfeito estado,Não existe,Outras,,Dupla,Canteiro central,,
2021-10-23,sábado ,09:18:00,COM VÍTIMA,MANGABEIRA,AVENIDA,AVENIDA NORTE MIGUEL ARRAES DE ALENCAR,,,"EM FRENTE O SESC DA AV NORTE, SENTIDO CENTRO",MANGABEIRA,,,COLISÃO COM CICLISTA,1,0,0,1,0,0,0,0,0,1,0,,,,,,,,,,,,,
2021-10-23,sábado ,14:15:00,SEM VÍTIMA,TORROES,AVENIDA,AVENIDA ENGENHEIRO ABDIAS DE CARVALHO,,,E/F A  UPA  S/T SUB,TORRÕES,,,COLISÃO TRANSVERSAL,2,0,0,0,0,0,0,0,0,0,0,,,,,,,,,,,,,
2021-10-23,sábado ,14:15:00,SEM VÍTIMA,IPSEP,RUA,RUA BLUMENAU,,,SEMAFORO Nº 111,IPSEP,111,SUBURBIO,COLISÃO TRASEIRA,2,0,0,0,0,0,0,0,0,0,0,Longo da via,Bom,Sem defeito,Perfeito estado,Seca,Perfeito estado,Faixa de pedestre,Não hA placas,,Única,Não existe,,