data,dia_semana,hora,natureza,bairro,logradouro_endereco,endereco,logradouro_detalhe_endereco,detalhe_endereco_acidente,complemento,bairro_cruzamento,num_semaforo,sentido_via,tipo,auto,moto,ciclom,ciclista,pedestre,onibus,caminhao,viatura,outros,vitimas,vitimasfatais,acidente_verificado,tempo_clima,situacao_semaforo,sinalizacao,condicao_via,conservacao_via,ponto_controle,situacao_placa,velocidade_max_via,mao_direcao,divisao_via1,divisao_via2,divisao_via3
2021-10-23,sábado ,15:20:00,COM VÍTIMA,TEJIPIO,AVENIDA,AVENIDA DR JOSE RUFINO,,,E/F AO  TERMINAL DE METRO DE TEJIPIO,TEJIPIÓ,434,CIDADE,COLISÃO TRASEIRA,1,1,0,0,0,0,0,0,0,1,0,Longo da via,Bom,Sem defeito,Perfeito estado,Seca,Perfeito estado,Faixa de retenção,R-6a,,Dupla,Faixa contínua,,
2021-10-23,sábado ,22:00:40,COM VÍTIMA,MADALENA,AVENIDA,AVENIDA JOSE GONCALVES DE MEDEIROS,,,E/F ENTRADA DO SUPERMECADO EXTRA,MADALENA,,,COLISÃO TRANSVERSAL,1,0,1,0,0,0,0,0,0,1,0,Longo da via,Bom,Não existe,Perfeito estado,Seca,Perfeito estado,Não existe,R-6a,60 km/h,Dupla,Faixa contínua,Faixa seccionada,
2021-10-24,domingo ,04:44:00,COM VÍTIMA,CAJUEIRO,AVENIDA,AVENIDA BEBERIBE,,,EM FRENTE AO N° 3185,CAJUEIRO,,CIDADE,CHOQUE,1,0,0,0,0,0,0,0,0,1,0,Longo da via,Bom,Não existe,Incompleta,Seca,Perfeito estado,,Não hA placas,50 km/h,Dupla,Canteiro central,,
2021-10-24,domingo ,10:21:00,COM VÍTIMA,TEJIPIO,AVENIDA,AVENIDA DR JOSE RUFINO,,,SOB SEMAFORO 497,TEJIPIÓ,497,CIDADE,COLISÃO FRONTAL,0,2,0,0,0,0,0,0,0,1,0,Longo da via,Bom,Sem defeito,Perfeito estado,Seca,Perfeito estado,Não existe,R-6a,,Dupla,Faixa contínua,,
2021-10-24,domingo ,13:26:00,COM VÍTIMA,PINA,AVENIDA,AVENIDA BRASILIA FORMOSA,,,NA PISTA QUE DA ACESSO A ESCULTURA DE BRENNAND,PINA,,,COLISÃO COM CICLISTA,0,1,0,1,0,0,0,0,0,1,0,Longo da via,Bom,Não existe,Não existente,Seca,Perfeito estado,Não existe,Não hA placas,,Dupla,Não existe,,
2021-10-24,domingo ,15:45:00,COM VÍTIMA,SANCHO,AVENIDA,AVENIDA LIBERDADE,,,PIZZARIA E CHURRASCARIA MANA,SANCHO,,CIDADE,COLISÃO COM CICLISTA,1,1,0,1,0,0,0,0,0,2,0,Longo da via,Bom,Não existe,Não existente,Seca,,Não existe,Não hA placas,,Dupla,Não existe,,
2021-10-24,domingo ,18:05:00,SEM VÍTIMA,TAMARINEIRA,RUA,RUA CONEGO BARATA,,,E/F A FERREIRA COSTA,TAMARINEIRA,,,COLISÃO TRASEIRA,2,0,0,0,0,0,0,0,0,0,0,,,,,,,,,,,,,
2021-10-24,domingo ,21:51:40,SEM VÍTIMA,TEJIPIO,AVENIDA,AVENIDA DR JOSE RUFINO,,,"PRÓX AO CARTORIO DE TEJIPIO, SNT JABOATAO",TEJIPIÓ,,,ENGAVETAMENTO,3,0,0,0,0,0,0,0,0,0,0,,,,,,,,,,,,,
2021-10-24,domingo ,22:18:40,SEM VÍTIMA,CASA AMARELA,AVENIDA,AVENIDA NORTE MIGUEL ARRAES DE ALENCAR,,,AO LADO DA PAGUE NORTE  /// SEMAFORO 079,CASA AMARELA,,,COLISÃO FRONTAL,2,0,0,0,0,0,0,0,0,0,0,,,,,,,,,,,,,
2021-10-25,segunda-feira ,14:43:00,COM VÍTIMA,SANTO AMARO,AVENIDA,AVENIDA CRUZ CABUGA,AVENIDA,AVENIDA PREFEITO ARTUR LIMA CAVALCANTI,AO LADO DA SECRETARIA  DE INFRAENSTRUTURA,SANTO AMARO,343,CIDADE,COLISÃO FRONTAL,0,1,0,0,0,1,0,0,0,1,0,Cruzamento,Bom,Sem defeito,Perfeito estado,Seca,Perfeito estado,Faixa de pedestre,Outras,,Dupla,Faixa contínua,,
2021-10-25,segunda-feira ,15:01:00,COM VÍTIMA,SANTO AMARO,AVENIDA,AVENIDA GOVERNADOR AGAMENON MAGALHAES,,,SEMAFORO 378,SANTO AMARO,378,SUBURBIO,ATROPELAMENTO DE PESSOA,0,0,0,0,1,1,0,0,0,1,0,Longo da via,Bom,Sem defeito,Perfeito estado,Seca,Perfeito estado,Faixa de pedestre,R-6a,60 km/h,Dupla,Faixa seccionada,Canteiro central,
2021-10-25,segunda-feira ,16:52:00,SEM VÍTIMA,MADALENA,RUA,RUA BENFICA,RUA,RUA ARLINDO GOUVEIA,,MADALENA,621,SUBURBIO,COLISÃO TRASEIRA,2,0,0,0,0,0,0,0,0,0,0,Longo da via,Bom,Sem defeito,Perfeito estado,Seca,Perfeito estado,Faixa de pedestre,Não hA placas,40 km/h,Dupla,Canteiro central,,
2021-10-25,segunda-feira ,17:51:00,COM VÍTIMA,IMBIRIBEIRA,AVENIDA,AVENIDA MARECHAL MASCARENHAS DE MORAES,RUA,RUA GUADALAJARA,E/F AO GERALDAO   S/T CID,IMBIRIBEIRA,,CIDADE,COLISÃO LATERAL,1,1,0,0,0,0,0,0,0,1,0,Longo da via,Bom,Não existe,Perfeito estado,Seca,Perfeito estado,Não existe,Outras,,Dupla,Faixa seccionada,Canteiro central,
2021-10-25,segunda-feira ,18:00:00,COM VÍTIMA,AREIAS,AVENIDA,AVENIDA RECIFE,,,SEMAFORO,AREIAS,494,SUBURBIO,ATROPELAMENTO DE PESSOA,0,1,0,0,1,0,0,0,0,1,0,Longo da via,Bom,Sem defeito,Perfeito estado,Seca,Perfeito estado,Faixa de pedestre,,,Única,Faixa seccionada,,
2021-10-25,segunda-feira ,18:24:00,COM VÍTIMA,BOA VIAGEM,RUA,RUA JOAO DIAS MARTINS,RUA,RUA DONA MAGINA PONTUAL,AO LADO DO EDIFICIO MIRELLA,BOA VIAGEM,,CIDADE,COLISÃO TRANSVERSAL,1,1,0,0,0,0,0,0,0,1,0,Cruzamento,Bom,Não existe,Perfeito estado,Seca,Perfeito estado,Faixa de retenção,"Placas ""Pare""",,Dupla,Faixa contínua,Faixa seccionada,
2021-10-26,terça-feira ,07:35:00,COM VÍTIMA,CORDEIRO,RUA,RUA GOMES TABORDA,EST,EST DO FORTE DO ARRAIAL N. DO B. JESUS,SOB SEMAFORO 249,CORDEIRO,249,SUBURBIO,COLISÃO FRONTAL,1,1,0,0,0,0,0,0,0,1,0,Cruzamento,Bom,Sem defeito,Perfeito estado,Seca,Perfeito estado,Faixa de pedestre,Não hA placas,30 km/h,Dupla,Faixa seccionada,,
2021-10-26,terça-feira ,07:42:00,COM VÍTIMA,BOA VIAGEM,RUA,RUA VISCONDE DE JEQUITINHONHA,RUA,RUA PROFESSOR MARIO CASTRO,E/F AO POSTO DE GASOLINA BR,BOA VIAGEM,158,SUBURBIO,COLISÃO TRASEIRA,1,1,0,0,0,0,0,0,0,1,0,Longo da via,Chuvoso,Sem defeito,Perfeito estado,Molhada,Perfeito estado,Faixa de pedestre,Não hA placas,,Única,Canteiro central,,
2021-10-26,terça-feira ,08:20:00,SEM VÍTIMA,ENCRUZILHADA,AVENIDA,AVENIDA NORTE MIGUEL ARRAES DE ALENCAR,,,CAXANGA ACESSÓRIOS,ENCRUZILHADA,,CIDADE,COLISÃO TRASEIRA,1,0,0,0,0,0,0,1,0,0,0,Longo da via,Bom,Não existe,Perfeito estado,Seca,Perfeito estado,Não existe,Outras,,Dupla,Canteiro central,,
2021-10-26,terça-feira ,10:03:00,SEM VÍTIMA,SAO JOSE,RUA,RUA IMPERIAL,,,PRÓXIMO AO FERRO E AÇO,SÃO JOSÉ,,SUBURBIO,COLISÃO TRASEIRA,2,0,0,0,0,0,0,0,0,0,0,Longo da via,Bom,Não existe,Não existente,Seca,Mal conservada,Não existe,Não hA placas,60 km/h,Única,Não existe,,
2021-10-26,terça-feira ,11:33:00,COM VÍTIMA,CASA FORTE,AVENIDA,AVENIDA DEZESSETE DE AGOSTO,,,EM FRENTE A PAGUE MENOS,CASA FORTE,,SUBURBIO,COLISÃO TRASEIRA,1,1,0,0,0,0,0,0,0,1,0,,,,,,,,,,,,,
2021-10-26,terça-feira ,14:10:00,COM VÍTIMA,SANTO AMARO,AVENIDA,AVENIDA GOVERNADOR AGAMENON MAGALHAES,,,SEMAFORO 378,SANTO AMARO,378,SUBURBIO,COLISÃO FRONTAL,2,1,0,0,0,0,0,0,0,1,0,Outros,Bom,Sem defeito,Perfeito estado,Seca,Perfeito estado,Faixa de retenção,Não hA placas,,Dupla,Canteiro central,,
2021-10-26,terça-feira ,18:05:00,COM VÍTIMA,SANTO AMARO,AVENIDA,AVENIDA GOVERNADOR AGAMENON MAGALHAES,,,"EM FRENTE AO SHOPPING TACARUNA, SENTIDO OLINDA",SANTO AMARO,,,QUEDA,0,2,0,0,0,0,0,0,0,1,0,,,,,,,,,,,,,
2021-10-26,terça-feira ,18:35:00,COM VÍTIMA,PINA,AVENIDA,AVENIDA CELSO FURTADO (VIA MANGUE),,,PROX A PRIMEIRA LOMBADA ELETRONICA SENTIDO BOA VIAGEM,PINA,,SUBURBIO,COLISÃO TRASEIRA,1,1,0,0,0,0,0,0,0,1,0,Longo da via,Bom,Não existe,Perfeito estado,Seca,Perfeito estado,Não existe,Não hA placas,60 km/h,Dupla,Faixa seccionada,,
2021-10-26,terça-feira ,21:28:40,COM VÍTIMA,AFOGADOS,RUA,RUA VINTE E UM DE ABRIL,RUA,RUA REALENGO,PROX AO CLUBE FERROVIARIO,AFOGADOS,,SUBURBIO,COLISÃO FRONTAL,1,1,0,0,0,0,0,0,0,1,0,Longo da via,Chuvoso,Não existe,Não existente,Molhada,Perfeito estado,Não existe,R-30,,Dupla,Não existe,,
2021-10-27,quarta-feira ,07:25:00,COM VÍTIMA,DERBY,AVENIDA,AVENIDA GOVERNADOR AGAMENON MAGALHAES,,,SOB O SEMAFORO 75,DERBY,75,,COLISÃO TRASEIRA,0,1,0,0,0,0,0,0,0,1,0,Cruzamento,Bom,Sem defeito,Perfeito estado,Seca,Perfeito estado,Agente,,60 km/h,Dupla,Canal,,
2021-10-27,quarta-feira ,09:42:00,SEM VÍTIMA,SANTO AMARO,AVENIDA,AVENIDA NORTE MIGUEL ARRAES DE ALENCAR,,,EM FRENTE A IGREJA PRESBITERIANA FAMÍLIA CRISTÃ. BO 242567 É CONTINUAÇÃO DO BO 212568,SANTO AMARO,,SUBURBIO,COLISÃO TRASEIRA,4,0,0,0,0,0,0,0,0,0,0,Longo da via,Bom,Não existe,Perfeito estado,Seca,Perfeito estado,Não existe,Outras,60 km/h,Dupla,Canteiro central,,
2021-10-27,quarta-feira ,10:36:00,COM VÍTIMA,SAO JOSE,AVENIDA,AVENIDA SUL,,,EM FRENTE AO ESTACIONAMENTO PRIVATIVO DA SECRETARIA DA FAZENDA  / SENT AFOGADOS,SÃO JOSÉ,,SUBURBIO,COLISÃO COM CICLISTA,0,0,0,1,0,1,0,0,0,1,0,Longo da via,Bom,Não existe,Perfeito estado,Seca,Perfeito estado,Não existe,Não hA placas,60 km/h,Dupla,Faixa contínua,,
2021-10-27,quarta-feira ,15:33:00,SEM VÍTIMA,CASA AMARELA,AVENIDA,AVENIDA NORTE MIGUEL ARRAES DE ALENCAR,RUA,RUA GOMES COUTINHO,PRÓX AO POSTO BR,CASA AMARELA,643,SUBURBIO,COLISÃO LATERAL,0,0,0,0,0,0,0,1,1,0,0,,,,,,,,,,,,,
2021-10-27,quarta-feira ,18:07:00,SEM VÍTIMA,BAIRRO DO RECIFE,AVENIDA,AVENIDA MILITAR,,,E/F A PREFEITURA,BAIRRO DO RECIFE,,,COLISÃO LATERAL,2,0,0,0,0,0,0,0,0,0,0,,,,,,,,,,,,,
2021-10-27,quarta-feira ,19:07:00,COM VÍTIMA,PRADO,RUA,RUA GOMES TABORDA,RUA,RUA DES ADOLFO CIRIACO,SINOI COMBUSTÍVEIS,PRADO,,,COLISÃO LATERAL,1,1,0,0,0,0,0,0,0,1,0,Longo da via,Bom,Sem defeito,Ilegível,Seca,Perfeito estado,Não existe,Não hA placas,30 km/h,Dupla,Faixa seccionada,,
2021-10-28,quinta-feira ,12:39:00,SEM VÍTIMA,BOA VIAGEM,RUA,RUA RIBEIRO DE BRITO,,,EM FRENTE AO POSTO DE GASOLINA PETROBRAS,BOA VIAGEM,,,COLISÃO TRANSVERSAL,2,0,0,0,0,0,0,0,0,0,0,,,,,,,,,,,,,
2021-10-28,quinta-feira ,13:19:00,COM VÍTIMA,CORDEIRO,AVENIDA,AVENIDA GENERAL SAN MARTIN,,,EM FRENTE A SORVETERIA  MUG,CORDEIRO,,SUBURBIO,COLISÃO FRONTAL,1,1,0,0,0,0,0,0,0,1,0,Longo da via,Bom,Não existe,Incompleta,Seca,Mal iluminada,Não existe,Outras,,Dupla,Faixa contínua,,
2021-10-28,quinta-feira ,13:40:00,COM VÍTIMA,VARZEA,RUA,RUA VALE DO SIRIJI,,,,VARZEA,,,CHOQUE,0,0,0,0,0,0,0,0,0,1,0,Longo da via,Bom,Não existe,Não existente,Seca,Perfeito estado,Não existe,Não hA placas,,Dupla,Não existe,,
2021-10-28,quinta-feira ,17:21:00,COM VÍTIMA,AFOGADOS,RUA,RUA SAO MIGUEL,RUA,RUA DES DIRCEU BORGES,E/F AO POSTO IPIRANGA,AFOGADOS,,SUBURBIO,COLISÃO FRONTAL,1,1,0,0,0,0,0,0,0,2,0,Cruzamento,Bom,Não existe,Perfeito estado,Seca,Perfeito estado,Não existe,Não hA placas,,Dupla,Faixa contínua,,
2021-10-28,quinta-feira ,18:32:00,COM VÍTIMA,BOA VIAGEM,AVENIDA,AVENIDA CELSO FURTADO (VIA MANGUE),RUA,RUA TENENTE JOAO CICERO,,BOA VIAGEM,,CIDADE,CHOQUE,0,1,0,0,0,0,0,0,0,1,0,Esquina,Bom,Não existe,Perfeito estado,Seca,Perfeito estado,Não existe,R-4b,,Única,Faixa seccionada,,
2021-10-28,quinta-feira ,18:42:00,COM VÍTIMA,BOA VIAGEM,RUA,RUA HENRIQUE CAPITULINO,AVENIDA,AVENIDA CONSELHEIRO AGUIAR,SEMAFORO 143 / PRÓX A LOJA PRADORMIR,BOA VIAGEM,143,CIDADE,COLISÃO COM CICLISTA,1,0,0,1,0,0,0,0,0,1,0,Cruzamento,Bom,Sem defeito,Perfeito estado,Seca,Perfeito estado,Faixa de pedestre,,,Única,Faixa seccionada,,
2021-10-28,quinta-feira ,22:15:40,COM VÍTIMA,AFOGADOS,PTE,PTE DO MOTOCOLOMBO,,,EM CIMA DA PONTE,AFOGADOS,,CIDADE,COLISÃO TRASEIRA,1,1,0,0,0,0,0,0,0,1,0,Ponte,Bom,Não existe,Perfeito estado,Seca,Perfeito estado,Não existe,Outras,,Dupla,Canteiro central,,
2021-10-29,sexta-feira ,10:34:00,COM VÍTIMA,BOA VIAGEM,RUA,RUA VISCONDE DE JEQUITINHONHA,,,AO LADO DA AERONALTICA FAIXA  DA DIREIRA SENTIDO PIEDADE/ SEGUNDO COMAR DO QUARTEL GERERAL,BOA VIAGEM,,SUBURBIO,COLISÃO TRASEIRA,1,1,0,0,0,1,0,0,0,1,0,Longo da via,Bom,Não existe,Perfeito estado,Seca,Perfeito estado,Não existe,Não hA placas,60 km/h,Única,Faixa seccionada,,
2021-10-29,sexta-feira ,12:58:00,SEM VÍTIMA,TOTO,RUA,RUA ONZE DE AGOSTO,,,AO LADO  DO BIDU KRAUSE,TOTÓ,,,COLISÃO TRASEIRA,1,1,0,0,0,0,0,0,0,0,0,,,,,,,,,,,,,
2021-10-29,sexta-feira ,17:00:00,SEM VÍTIMA,TORRE,RUA,RUA SOUZA BANDEIRA,RUA,RUA DIANOPOLIS,SOB O SEMAFORO 317,TORRE,317,SUBURBIO,COLISÃO TRANSVERSAL,1,1,0,0,0,0,0,0,0,0,0,Cruzamento,Bom,Sem defeito,Perfeito estado,Seca,Perfeito estado,Faixa de pedestre,R-6a,,Dupla,Não existe,,
2021-10-29,sexta-feira ,21:32:40,COM VÍTIMA,ARRUDA,AVENIDA,AVENIDA BEBERIBE,AVENIDA,AVENIDA PROFESSOR JOSE DOS ANJOS,ESTADIO DO ARRUDA,ARRUDA,13,SUBURBIO,COLISÃO TRASEIRA,1,2,0,0,0,0,0,0,0,1,0,Cruzamento,Bom,Sem defeito,Perfeito estado,Seca,Perfeito estado,Faixa de pedestre,"Placas ""Dê a preferência""",,Única,Faixa contínua,,
2021-10-30,sábado ,06:03:00,COM VÍTIMA,LINHA DO TIRO,RUA,RUA URIEL DE HOLANDA,,,PROX. AO ARMAZEM OLIVEIRA,LINHA DO TIRO,,SUBURBIO,ATROPELAMENTO DE PESSOA,0,0,0,0,1,1,0,0,0,1,0,Longo da via,Bom,Não existe,Perfeito estado,Seca,Perfeito estado,Não existe,Outras,40 km/h,Dupla,Não existe,,
2021-10-30,sábado ,08:28:00,COM VÍTIMA,AREIAS,AVENIDA,AVENIDA RECIFE,,,EM FRENTE AO N° 1008,AREIAS,,CIDADE,COLISÃO FRONTAL,1,1,0,0,0,0,0,0,0,1,0,Longo da via,Bom,Não existe,Perfeito estado,Seca,Perfeito estado,Não existe,Não hA placas,,Dupla,Canteiro central,,
2021-10-30,sábado ,11:31:00,COM VÍTIMA,MADALENA,RUA,RUA JOAO IVO DA SILVA,,,OPOSTO AO N° 79,MADALENA,,SUBURBIO,COLISÃO COM CICLISTA,1,0,0,1,0,0,0,0,0,1,0,Longo da via,Bom,Não existe,Perfeito estado,Seca,Perfeito estado,Não existe,R-6a,,Única,Faixa seccionada,,
2021-10-30,sábado ,11:51:00,SEM VÍTIMA,ARRUDA,RUA,RUA DAS MOCAS,,,AO LADO DO ESTADIO DO ARRUDA,ARRUDA,,SUBURBIO,,1,0,0,0,0,0,0,1,0,0,0,Longo da via,Bom,Não existe,Perfeito estado,Seca,Perfeito estado,Não existe,R-6a,,Dupla,Faixa seccionada,,
2021-10-30,sábado ,12:29:00,COM VÍTIMA,CORDEIRO,AVENIDA,AVENIDA CAXANGA,RUA,RUA FIDELIS MOLITERNO,MF CAR,CORDEIRO,,CIDADE,COLISÃO FRONTAL,1,1,0,0,0,0,0,0,0,1,0,Longo da via,Bom,Não existe,Não existente,Seca,Perfeito estado,Não existe,Não hA placas,,Única,Não existe,,
2021-10-30,sábado ,13:03:00,SEM VÍTIMA,BRASILIA TEIMOSA,AVENIDA,AVENIDA BRASILIA FORMOSA,,,,BRASÍLIA TEIMOSA,,SUBURBIO,,0,1,0,0,0,0,0,1,0,0,0,Longo da via,Bom,Não existe,Incompleta,Seca,Perfeito estado,Não existe,Outras,,Dupla,Faixa seccionada,,
2021-10-30,sábado ,13:16:00,COM VÍTIMA,JORDAO,AVENIDA,AVENIDA MARIA IRENE,,,PRÓX AO MARTELINHO DE OURO AUTO CRUZ,JORDÃO,,SUBURBIO,COLISÃO TRANSVERSAL,1,1,0,0,0,0,0,0,0,1,0,Longo da via,Bom,Não existe,Perfeito estado,Seca,Perfeito estado,Não existe,Não hA placas,,Dupla,Faixa contínua,,
2021-10-30,sábado ,14:53:00,COM VÍTIMA,BOA VIAGEM,RUA,RUA BARAO DE SOUZA LEAO,AVENIDA,AVENIDA DES JOSE NEVES,PROXIMO AO TREVO SUPERMERCADO,BOA VIAGEM,476,CIDADE,COLISÃO TRANSVERSAL,0,3,0,0,0,0,0,0,0,3,0,Cruzamento,Bom,Sem defeito,Perfeito estado,Seca,Perfeito estado,Faixa de pedestre,Outras,,Única,Faixa seccionada,,
2021-10-30,sábado ,16:25:00,COM VÍTIMA,CASA AMARELA,RUA,RUA DR TOME DIAS,,,AO LADO DA CASA PIO,CASA AMARELA,,,ATROPELAMENTO DE PESSOA,1,0,0,0,1,0,0,0,0,1,0,Longo da via,Bom,Não existe,Perfeito estado,Seca,Perfeito estado,Faixa de pedestre,"Placas ""Pare""",,Dupla,Faixa contínua,,
2021-10-30,sábado ,17:15:00,SEM VÍTIMA,BOA VIAGEM,RUA,RUA DOS NAVEGANTES,,,EM FRENTE AO NAVEGANTES PRAIA HOTEL,BOA VIAGEM,,,COLISÃO TRASEIRA,2,0,0,0,0,0,0,0,0,0,0,,,,,,,,,,,,,
2021-10-31,domingo ,10:17:00,COM VÍTIMA,BOA VIAGEM,RUA,RUA VISCONDE DE JEQUITINHONHA,AVENIDA,AVENIDA ARMINDO MOURA,POR TRAZ DA VILA MILITAR/ LAVA JATO DAS MENINAS,BOA VIAGEM,258,SUBURBIO,COLISÃO TRASEIRA,1,1,0,0,0,0,0,0,0,1,0,Longo da via,Bom,Sem defeito,Perfeito estado,Seca,Perfeito estado,Faixa de pedestre,Não hA placas,60 km/h,Única,Faixa contínua,Canteiro central,
2021-10-31,domingo ,14:27:00,COM VÍTIMA,SAN MARTIN,AVENIDA,AVENIDA CONSUL VILARES FRAGOSO,RUA,RUA COMENDADOR FRANCO FERREIRA,AO LADO DA CAVALARIA DA POLICIA MILITAR,SAN MARTIN,,,QUEDA,0,1,0,0,0,0,0,0,0,1,0,Longo da via,Bom,Não existe,Perfeito estado,Seca,Perfeito estado,Não existe,,,Dupla,,,
2021-10-31,domingo ,14:44:00,COM VÍTIMA,PAISSANDU,AVENIDA,AVENIDA GOVERNADOR AGAMENON MAGALHAES,RUA,RUA PAISSANDU,RUA PAISSANDU,PAISSANDU,69,SUBURBIO,COLISÃO TRANSVERSAL,0,2,0,0,0,0,0,0,0,2,0,Longo da via,Bom,Sem defeito,Perfeito estado,Seca,Perfeito estado,Faixa de pedestre,Outras,60 km/h,Dupla,Canal,,
2021-10-31,domingo ,15:52:00,SEM VÍTIMA,PINA,RUA,RUA MANOEL DE BRITO,AVENIDA,AVENIDA REPUBLICA ARABE UNIDA,,PINA,659,CIDADE,COLISÃO TRASEIRA,0,1,0,0,0,0,0,1,0,0,0,Cruzamento,Bom,Sem defeito,Incompleta,Seca,Perfeito estado,Faixa de pedestre,R-6a,,Única,Faixa seccionada,,
2021-10-31,domingo ,19:48:00,COM VÍTIMA,SANTO AMARO,AVENIDA,AVENIDA GOVERNADOR AGAMENON MAGALHAES,,,PRÓXIMO DA LOMBADA ELETRÔNICA,SANTO AMARO,,SUBURBIO,COLISÃO COM CICLISTA,1,0,0,1,0,0,0,0,0,1,0,Longo da via,Bom,Sem defeito,Perfeito estado,Seca,Perfeito estado,Não existe,Outras,60 km/h,Única,Faixa contínua,,
2021-11-01,segunda-feira ,02:37:00,SEM VÍTIMA,TORROES,RUA,RUA MIRABELA,,,UPA DO TORRÕES,TORRÕES,,,COLISÃO TRASEIRA,0,0,0,0,0,0,0,0,0,0,0,,,,,,,,,,,,,
2021-11-01,segunda-feira ,07:24:00,COM VÍTIMA,CAMPO GRANDE,RUA,RUA MARQUES DE BAIPENDI,,,LADO OPOSTO A PADARIA PAN BENICIO,CAMPO GRANDE,,,COLISÃO TRANSVERSAL,1,1,0,0,0,0,0,0,0,2,0,Longo da via,Bom,Não existe,Perfeito estado,Seca,Perfeito estado,Outros,Outras,,Dupla,Faixa seccionada,,
2021-11-01,segunda-feira ,10:58:00,COM VÍTIMA,PINA,AVENIDA,AVENIDA ANTONIO DE GOES,,,LADO OPOSTO DETROI CARDS,PINA,538,CIDADE,ATROPELAMENTO DE PESSOA,1,0,0,0,1,0,0,0,0,1,0,Longo da via,Bom,Sem defeito,Perfeito estado,Seca,Perfeito estado,Não existe,Não hA placas,,Dupla,Canteiro central,,
2021-11-01,segunda-feira ,12:10:00,COM VÍTIMA,TORROES,AVENIDA,AVENIDA BICENTENARIO DA REVOLUCAO FRANCESA,,,AO LADO DA IGREJA ASSEMBLEIA DE DEUS,TORRÕES,,SUBURBIO,ATROPELAMENTO DE PESSOA,0,0,0,0,1,0,0,0,0,1,0,Longo da via,Bom,Não existe,Perfeito estado,Seca,Perfeito estado,Não existe,"Placas ""Pare""",30 km/h,Dupla,Não existe,,
2021-11-01,segunda-feira ,14:15:00,COM VÍTIMA,DOIS IRMAOS,RUA,RUA DOIS IRMAOS,,,EM FRENTE AO IFPE,DOIS IRMÃOS,,,COLISÃO TRANSVERSAL,2,0,0,0,0,0,0,0,0,1,0,Longo da via,Bom,Não existe,Perfeito estado,Seca,Perfeito estado,Não existe,Não hA placas,,Dupla,Faixa contínua,,
2021-11-01,segunda-feira ,16:12:00,COM VÍTIMA,JOANA BEZERRA,AVENIDA,AVENIDA CENTRAL,,,ATRAS DA UNIDADE DE SAÚDE SÃO JOSE DO COQUE,JOANA BEZERRA,,SUBURBIO,COLISÃO COM CICLISTA,0,0,0,1,0,1,0,0,0,1,0,Longo da via,Bom,Não existe,Incompleta,Seca,Perfeito estado,Não existe,Outras,,Única,Não existe,,
2021-11-01,segunda-feira ,16:44:00,COM VÍTIMA,MADALENA,EST,EST DOS REMEDIOS,AVENIDA,AVENIDA JOSE GONCALVES DE MEDEIROS,EM FRENTE A POLICLÍNICA LESSA DE ANDRADE,MADALENA,353,SUBURBIO,COLISÃO TRANSVERSAL,1,1,0,0,0,0,0,0,0,1,0,Cruzamento,Bom,Sem defeito,Perfeito estado,Seca,Perfeito estado,Faixa de pedestre,R-25a,,Única,Blocos,,
2021-11-01,segunda-feira ,16:53:00,COM VÍTIMA,MADALENA,RUA,RUA GOMES TABORDA,RUA,RUA CARLOS GOMES,EM FRENTE AO ANTIGO BAILE PERFUMADO,MADALENA,,SUBURBIO,COLISÃO COM CICLISTA,1,0,0,1,0,0,0,0,0,1,0,Cruzamento,Bom,Sem defeito,Perfeito estado,Seca,Perfeito estado,Faixa de pedestre,Não hA placas,40 km/h,Dupla,Não existe,,
2021-11-02,terça-feira ,11:11:00,COM VÍTIMA,ESPINHEIRO,RUA,RUA AMELIA,,,EM FRENTE A AREZZO,ESPINHEIRO,,CIDADE,COLISÃO FRONTAL,1,1,0,0,0,0,0,0,0,1,0,Longo da via,Bom,Não existe,Perfeito estado,Seca,Perfeito estado,Não existe,R-6a,40 km/h,Única,,,
2021-11-02,terça-feira ,13:15:00,SEM VÍTIMA,AFOGADOS,RUA,RUA SAO MIGUEL,,,EM FRENTE AO BODE DO NÔ,AFOGADOS,,SUBURBIO,COLISÃO TRASEIRA,2,0,0,0,0,0,0,0,0,0,0,,,,,,,,,,,,,
2021-11-02,terça-feira ,16:39:00,COM VÍTIMA,BOA VISTA,RUA,RUA JOAO FERNANDES VIEIRA,,,E/F A UNIBRA,BOA VISTA,,CIDADE,COLISÃO FRONTAL,1,1,0,0,0,0,0,0,0,1,0,Longo da via,Bom,Não existe,Perfeito estado,Seca,Perfeito estado,Faixa de pedestre,Outras,,Única,Faixa seccionada,,
2021-11-02,terça-feira ,17:22:00,COM VÍTIMA,PORTO DA MADEIRA,RUA,RUA DALVA DE OLIVEIRA,RUA,RUA DR TRINDADE HENRIQUE,PROXIMO AO SEST/SENAT,PORTO DA MADEIRA,,SUBURBIO,COLISÃO TRASEIRA,1,1,0,0,0,0,0,0,0,1,0,Cruzamento,Bom,Não existe,Não existente,Seca,Mal iluminada,Não existe,Não hA placas,,Dupla,Não existe,,