data,dia_semana,hora,natureza,bairro,logradouro_endereco,endereco,logradouro_detalhe_endereco,detalhe_endereco_acidente,complemento,bairro_cruzamento,num_semaforo,sentido_via,tipo,auto,moto,ciclom,ciclista,pedestre,onibus,caminhao,viatura,outros,vitimas,vitimasfatais,acidente_verificado,tempo_clima,situacao_semaforo,sinalizacao,condicao_via,conservacao_via,ponto_controle,situacao_placa,velocidade_max_via,mao_direcao,divisao_via1,divisao_via2,divisao_via3
2021-11-03,quarta-feira ,07:38:00,COM VÍTIMA,BOA VISTA,RUA,RUA GERVASIO PIRES,RUA,RUA DO RIACHUELO,SEMAFORO 175,BOA VISTA,175,CIDADE,COLISÃO FRONTAL,0,0,0,1,0,0,0,0,0,1,0,Cruzamento,Bom,Sem defeito,Perfeito estado,Seca,Perfeito estado,Faixa de pedestre,Não hA placas,40 km/h,Única,Não existe,,
2021-11-03,quarta-feira ,08:25:00,COM VÍTIMA,TAMARINEIRA,AVENIDA,AVENIDA NORTE MIGUEL ARRAES DE ALENCAR,AVENIDA,AVENIDA PROFESSOR JOSE DOS ANJOS,SOB O SEMAFORO N° 364,TAMARINEIRA,364,,ATROPELAMENTO DE ANIMAL,0,1,0,0,0,0,0,0,1,1,0,Cruzamento,Bom,Sem defeito,Perfeito estado,Seca,Perfeito estado,Não existe,Outras,,Dupla,Não existe,,
2021-11-03,quarta-feira ,10:54:00,COM VÍTIMA,ESTANCIA,AVENIDA,AVENIDA DR JOSE RUFINO,RUA,RUA MORAIS E SILVA,LADO OPOSTO GALERIA MARGARIDA,ESTÂNCIA,,SUBURBIO,COLISÃO FRONTAL,1,1,0,0,0,0,0,0,0,1,0,Cruzamento,Bom,Não existe,Ilegível,Seca,Perfeito estado,Não existe,R-6a,,Dupla,Não existe,,
2021-11-03,quarta-feira ,13:36:00,COM VÍTIMA,SANTO AMARO,VIADUTO,VIADUTO ENG ROBERTO PEREIRA DE CARVALHO,,,EM FRENTE AO SHOPPING TACARUNA,SANTO AMARO,,SUBURBIO,COLISÃO FRONTAL,1,1,0,0,0,0,0,0,0,1,0,Viaduto,Bom,Não existe,Perfeito estado,Seca,Perfeito estado,Não existe,Não hA placas,60 km/h,Única,Faixa seccionada,,
2021-11-03,quarta-feira ,14:45:00,SEM VÍTIMA,SAO JOSE,AVENIDA,AVENIDA SUL,AVENIDA,AVENIDA DANTAS BARRETO,PRÓX À SEDE DO GALO DA MADRUGADA,SÃO JOSÉ,,,COLISÃO TRASEIRA,2,0,0,0,0,0,0,0,0,0,0,,,,,,,,,,,,,
2021-11-03,quarta-feira ,14:54:00,VÍTIMA FATAL,CAXANGA,AVENIDA,AVENIDA CAXANGA,,,NA FRENTE DO CAXANGA GOLF & COUNTRY CLUB,CAXANGA,,SUBURBIO,COLISÃO COM CICLISTA,1,0,0,1,0,0,0,0,0,1,1,Longo da via,Bom,Não existe,Perfeito estado,Seca,Perfeito estado,Não existe,Não hA placas,,Dupla,Canteiro central,,
2021-11-03,quarta-feira ,17:08:00,COM VÍTIMA,BOA VIAGEM,AVENIDA,AVENIDA BOA VIAGEM,,,EM FRENTE AO EDIFICIO VICENTE LACERDA DE MENEZES,BOA VIAGEM,,CIDADE,COLISÃO FRONTAL,1,1,0,0,0,0,0,0,0,1,0,Longo da via,Bom,Não existe,Perfeito estado,Seca,Perfeito estado,Não existe,Não hA placas,60 km/h,Única,Faixa seccionada,,
2021-11-03,quarta-feira ,18:00:00,COM VÍTIMA,BOA VISTA,RUA,RUA JOAO FERNANDES VIEIRA,,,VERDE FLUT / VERDURAS E FRUTAS,BOA VISTA,,CIDADE,COLISÃO FRONTAL,1,1,0,0,0,0,0,0,0,1,0,Longo da via,Bom,Não existe,Perfeito estado,Seca,Perfeito estado,Não existe,Outras,,Única,Faixa seccionada,,
2021-11-04,quinta-feira ,09:44:00,COM VÍTIMA,IMBIRIBEIRA,AVENIDA,AVENIDA MARECHAL MASCARENHAS DE MORAES,,,EM FRENTE A TROLLER,IMBIRIBEIRA,,CIDADE,COLISÃO FRONTAL,0,1,0,0,0,0,1,0,0,1,0,Longo da via,Bom,Sem defeito,Perfeito estado,Seca,Perfeito estado,Não existe,R-32,60 km/h,Única,Canteiro central,,
2021-11-04,quinta-feira ,11:58:00,COM VÍTIMA,MADALENA,RUA,RUA JOSE OSORIO,RUA,RUA REAL DA TORRE,AUTO RECIFE MULTI MARCAS,MADALENA,179,SUBURBIO,COLISÃO TRASEIRA,0,2,0,0,0,0,0,0,0,1,0,Longo da via,Bom,Sem defeito,Perfeito estado,Seca,Perfeito estado,Outros,R-6a,,Única,Faixa seccionada,,
2021-11-04,quinta-feira ,14:44:00,COM VÍTIMA,IMBIRIBEIRA,RUA,RUA BARAO DE AGUA BRANCA,RUA,RUA DUQUE ESTRADA,EM FRENTE AO EDIFICIO AGUA BRANCA,IMBIRIBEIRA,,,COLISÃO TRANSVERSAL,2,0,0,0,0,0,0,0,0,1,0,Cruzamento,Bom,Não existe,Não existente,Seca,Perfeito estado,Não existe,Não hA placas,,Dupla,Não existe,,
2021-11-04,quinta-feira ,14:44:00,COM VÍTIMA,BAIRRO DO RECIFE,CAIS,CAIS DO APOLO,PTE,PTE CONDE MAURICIO DE NASSAU,SEMAFORO 165,BAIRRO DO RECIFE,165,SUBURBIO,ATROPELAMENTO DE PESSOA,0,0,0,0,1,1,0,0,0,1,0,Cruzamento,Bom,Sem defeito,Perfeito estado,Seca,Perfeito estado,Faixa de pedestre,R-6a,30 km/h,Única,Faixa seccionada,,
2021-11-04,quinta-feira ,16:02:00,SEM VÍTIMA,ILHA DO LEITE,RUA,RUA FRANCISCO ALVES,PRC,PRC MIGUEL DE CERVANTES,,ILHA DO LEITE,508,CIDADE,,1,0,0,0,0,0,0,1,0,0,0,Cruzamento,Bom,Sem defeito,Perfeito estado,Seca,Perfeito estado,Faixa de pedestre,Não hA placas,,Dupla,Faixa contínua,,
2021-11-04,quinta-feira ,17:38:00,SEM VÍTIMA,AFOGADOS,RUA,RUA SANTOS ARAUJO,,,EM FRENTE A IPESU - FAREC,AFOGADOS,,SUBURBIO,,1,0,0,0,0,1,0,0,0,0,0,Longo da via,Bom,Não existe,Perfeito estado,Seca,Perfeito estado,Não existe,Outras,,Única,Faixa contínua,Faixa seccionada,
2021-11-05,sexta-feira ,00:14:00,SEM VÍTIMA,ROSARINHO,AVENIDA,AVENIDA SANTOS DUMONT,,,APÓS A PRAÇA DO ROSARINHO,ROSARINHO,,,COLISÃO TRASEIRA,0,0,0,0,0,0,0,0,0,0,0,,,,,,,,,,,,,
2021-11-05,sexta-feira ,09:00:00,COM VÍTIMA,CAXANGA,AVENIDA,AVENIDA CAXANGA,,,EM FRENTE A ESTAÇÃO ENGENHO POETA,CAXANGA,609,SUBURBIO,ATROPELAMENTO DE PESSOA,1,0,0,0,1,0,0,0,0,2,0,Longo da via,Bom,Sem defeito,Perfeito estado,Seca,Perfeito estado,,R-6a,60 km/h,Dupla,Faixa contínua,Faixa seccionada,Canteiro central
2021-11-05,sexta-feira ,10:46:00,COM VÍTIMA,TORROES,AVENIDA,AVENIDA ENGENHEIRO ABDIAS DE CARVALHO,,,HELENO SUSPENSÃO,TORRÕES,,CIDADE,COLISÃO COM CICLISTA,1,0,0,1,0,0,0,0,0,1,0,Longo da via,Bom,Não existe,Perfeito estado,Seca,Perfeito estado,Não existe,Não hA placas,,Dupla,Canteiro central,,
2021-11-05,sexta-feira ,11:29:00,COM VÍTIMA,AFOGADOS,RUA,RUA SAO MIGUEL,RUA,RUA ODILON TUCUMAN,EM FRENTE O 14º DE LOGISTICA,AFOGADOS,,CIDADE,COLISÃO FRONTAL,1,1,0,0,0,0,0,0,0,1,0,Longo da via,Bom,Não existe,Perfeito estado,Seca,Perfeito estado,Não existe,R-6a,,Dupla,Faixa seccionada,,
2021-11-05,sexta-feira ,16:30:00,SEM VÍTIMA,DERBY,AVENIDA,AVENIDA GOVERNADOR AGAMENON MAGALHAES,PRC,PRC DO DERBY,PRAÇA DO DERBY,DERBY,75,SUBURBIO,COLISÃO FRONTAL,0,0,0,0,0,1,0,1,0,0,0,Cruzamento,Bom,Sem defeito,Perfeito estado,Seca,Perfeito estado,Agente,Outras,60 km/h,Dupla,Outros,,
2021-11-05,sexta-feira ,20:12:00,SEM VÍTIMA,BOA VIAGEM,AVENIDA,AVENIDA ENGENHEIRO DOMINGOS FERREIRA,,,PROX A FAMILIA GIULIANO,BOA VIAGEM,,,COLISÃO TRASEIRA,3,0,0,0,0,0,0,0,0,0,0,,,,,,,,,,,,,
2021-11-05,sexta-feira ,20:33:00,COM VÍTIMA,PARNAMIRIM,AVENIDA,AVENIDA DEZESSETE DE AGOSTO,,,E/F AO BANCO DO BRASIL,PARNAMIRIM,,,COLISÃO FRONTAL,1,1,0,0,0,0,0,0,0,1,0,,,,,,,,,,,,,
2021-11-05,sexta-feira ,21:34:40,SEM VÍTIMA,CABANGA,AVENIDA,AVENIDA ENGENHEIRO JOSE ESTELITA,,,PROX AO VIADUTO,CABANGA,,,CHOQUE,1,0,0,0,0,0,0,0,0,0,0,,,,,,,,,,,,,
2021-11-06,sábado ,08:03:00,COM VÍTIMA,ESPINHEIRO,RUA,RUA QUARENTA E OITO,RUA,RUA DO ESPINHEIRO,,ESPINHEIRO,166,CIDADE,COLISÃO COM CICLISTA,0,1,0,1,0,0,0,0,0,3,0,Cruzamento,Bom,Sem defeito,Perfeito estado,Seca,Perfeito estado,Faixa de pedestre,Não hA placas,30 km/h,Única,Faixa seccionada,,
2021-11-06,sábado ,14:03:00,COM VÍTIMA,TEJIPIO,RUA,RUA FALCAO DE LACERDA,,,EM FRENTE AO DOURADÃO GALETO,TEJIPIÓ,,,COLISÃO LATERAL,1,2,0,0,0,0,0,0,0,1,0,,,,,,,,,,,,,
2021-11-06,sábado ,18:21:00,COM VÍTIMA,BOA VIAGEM,AVENIDA,AVENIDA BOA VIAGEM,,,EM FRENTE AO EDIFICIO LUIZ IGNACIO,BOA VIAGEM,,CIDADE,ATROPELAMENTO DE PESSOA,1,0,0,0,1,0,0,0,0,1,0,Longo da via,Bom,Não existe,Perfeito estado,Seca,Perfeito estado,Não existe,Não hA placas,60 km/h,Única,Faixa seccionada,,
2021-11-07,domingo ,00:23:00,COM VÍTIMA,CAMPO GRANDE,EST,EST DE BELEM,,,PRÓXIMO A ROTATORIA E IGREJA BATISTA,CAMPO GRANDE,,,CHOQUE,0,0,0,0,0,0,0,0,0,1,0,,,,,,,,,,,,,
2021-11-07,domingo ,02:08:00,SEM VÍTIMA,CASA FORTE,AVENIDA,AVENIDA DEZESSETE DE AGOSTO,,,POSTO DE GASOLINA PETROBRAS,CASA FORTE,,,COLISÃO LATERAL,0,0,0,0,0,0,0,0,0,0,0,,,,,,,,,,,,,
2021-11-07,domingo ,11:20:00,COM VÍTIMA,IPSEP,RUA,RUA JEAN EMILE FAVRE,RUA,RUA BLUMENAU,EM FRENTE A FARMACIA SANTA LUZIA,IPSEP,101,CIDADE,COLISÃO FRONTAL,0,2,0,0,0,0,0,0,0,1,0,Cruzamento,Bom,Sem defeito,Perfeito estado,Seca,Perfeito estado,Faixa de pedestre,R-6a,,Dupla,Faixa contínua,,
2021-11-07,domingo ,12:32:00,SEM VÍTIMA,CORDEIRO,RUA,RUA CARNEIRO DE MARIZ,,,PRÓX AO MCONTAB - ESCRITÓRIO DE CONTABILIDADE.,CORDEIRO,,,COLISÃO TRASEIRA,2,0,0,0,0,0,0,0,0,0,0,,,,,,,,,,,,,
2021-11-07,domingo ,07:40:00,COM VÍTIMA,CASA AMARELA,AVENIDA,AVENIDA NORTE MIGUEL ARRAES DE ALENCAR,,,LADO OPOSTO AO N° 6037,CASA AMARELA,,SUBURBIO,CHOQUE,0,1,0,0,0,0,0,0,0,1,0,Longo da via,Bom,Não existe,Perfeito estado,Seca,Perfeito estado,Não existe,Não hA placas,,Dupla,Canteiro central,,
2021-11-07,domingo ,17:52:00,SEM VÍTIMA,IPSEP,RUA,RUA JEAN EMILE FAVRE,,,PRÓX A DELTA AUTO PEÇAS E À VIGILÂNCIA SANITARIA,IPSEP,135,,COLISÃO LATERAL,2,0,0,0,0,0,0,0,0,0,0,,,,,,,,,,,,,
2021-11-07,domingo ,20:14:00,SEM VÍTIMA,AFOGADOS,EST,EST DO BONGI,,,EF AO HOTEL COSTA AZUL,AFOGADOS,,,CHOQUE,1,0,0,0,0,0,0,0,0,0,0,,,,,,,,,,,,,
2021-11-07,domingo ,20:20:00,COM VÍTIMA,AGUA FRIA,EST,EST VELHA DE AGUA FRIA,AVENIDA,AVENIDA NORTE MIGUEL ARRAES DE ALENCAR,PRÓX A FERREIRA COSTA,AGUA FRIA,,CIDADE,COLISÃO FRONTAL,1,1,0,0,0,0,0,0,0,1,0,Longo da via,Bom,Sem defeito,Perfeito estado,Seca,Perfeito estado,Não existe,Não hA placas,,Dupla,Faixa seccionada,,
2021-11-07,domingo ,20:50:00,COM VÍTIMA,IPUTINGA,AVENIDA,AVENIDA INACIO MONTEIRO,,,PRÓX A ASSEMBLEIA DE DEUS,IPUTINGA,,,CHOQUE,3,0,0,0,0,0,0,0,0,1,0,,,,,,,,,,,,,
2021-11-07,domingo ,21:58:40,COM VÍTIMA,DOIS UNIDOS,RUA,RUA BEIJA FLOR,,,PRÓX A VILA DA MINERVA E ASINHA DO TONHO,DOIS UNIDOS,,,COLISÃO FRONTAL,0,1,0,0,0,1,0,0,0,2,0,,,,,,,,,,,,,
2021-11-08,segunda-feira ,00:56:00,COM VÍTIMA,JOANA BEZERRA,PTE,PTE JOSE DE BARROS LIMA,,,DECLIVE DA PONTE,JOANA BEZERRA,,SUBURBIO,CAPOTAMENTO,1,0,0,0,0,0,0,0,0,1,0,Ponte,Bom,Não existe,Perfeito estado,Seca,Perfeito estado,Não existe,Não hA placas,,Dupla,Faixa seccionada,Canteiro central,
2021-11-08,segunda-feira ,08:41:00,COM VÍTIMA,IPUTINGA,AVENIDA,AVENIDA CAXANGA,RUA,RUA MANOEL JOAQUIM DE ALMEIDA,PRÓXIMO AO BIG BOMPREÇO,IPUTINGA,533,CIDADE,COLISÃO TRASEIRA,0,2,0,0,0,0,0,0,0,2,0,Cruzamento,Bom,Sem defeito,Perfeito estado,Seca,Perfeito estado,Agente,Não hA placas,,,Faixa contínua,,
2021-11-08,segunda-feira ,09:22:00,COM VÍTIMA,TORRE,RUA,RUA JOSE OSORIO,RUA,RUA REAL DA TORRE,AO LADO DOPOSTO DE GASOLINA BR E A PRAÇA,TORRE,,,COLISÃO TRASEIRA,1,0,0,0,0,0,1,0,0,1,0,,,,,,,,,,,,,
2021-11-08,segunda-feira ,10:20:00,COM VÍTIMA,BOA VIAGEM,AVENIDA,AVENIDA CONSELHEIRO AGUIAR,,,AO LADO DA  PADARIA DIPLOMATA,BOA VIAGEM,,CIDADE,CHOQUE,1,0,0,0,0,0,0,0,0,2,0,Longo da via,Bom,Não existe,Perfeito estado,Seca,Perfeito estado,Não existe,Não hA placas,,Única,Faixa seccionada,,
2021-11-08,segunda-feira ,11:17:00,COM VÍTIMA,VASCO DA GAMA,RUA,RUA ASSUNCAO,,,PROX. AO TEATRO LOMBATINHO,VASCO DA GAMA,,,CHOQUE,2,0,0,0,0,0,1,0,0,1,0,Longo da via,Bom,Não existe,Não existente,Seca,Perfeito estado,Não existe,Não hA placas,,Dupla,Não existe,,
2021-11-08,segunda-feira ,13:35:00,SEM VÍTIMA,SAN MARTIN,AVENIDA,AVENIDA GENERAL SAN MARTIN,,,EM FRENTE AO NOVO ATACAREJO,SAN MARTIN,693,CIDADE,,1,1,0,0,0,0,0,0,0,0,0,Longo da via,Bom,Sem defeito,Perfeito estado,Seca,Perfeito estado,Faixa de pedestre,Outras,,Dupla,Faixa contínua,,
2021-11-08,segunda-feira ,17:54:00,COM VÍTIMA,CORDEIRO,AVENIDA,AVENIDA MAURICIO DE NASSAU,,,POR TRAS DO PARQUE DE EXPOSIÇÃO DO CORDEIRO,CORDEIRO,,CIDADE,COLISÃO FRONTAL,3,0,0,0,0,0,0,0,0,2,0,Longo da via,Bom,Não existe,Perfeito estado,Seca,,Não existe,,,Dupla,,,
2021-11-08,segunda-feira ,18:29:00,COM VÍTIMA,LINHA DO TIRO,RUA,RUA AGUAS DE PRATA,,,E/F A ANTIGA FABRICA DO CAFÉ BEBERIBE,LINHA DO TIRO,,SUBURBIO,CHOQUE,0,0,0,0,0,0,1,0,0,1,0,Longo da via,Bom,Não existe,Perfeito estado,Seca,Perfeito estado,Não existe,Não hA placas,40 km/h,Dupla,Não existe,,
2021-11-09,terça-feira ,04:44:00,SEM VÍTIMA,BAIRRO DO RECIFE,AVENIDA,AVENIDA MILITAR,,,POSTO SHELL,BAIRRO DO RECIFE,,,QUEDA,0,1,0,0,0,0,0,0,0,0,0,,,,,,,,,,,,,
2021-11-09,terça-feira ,09:39:00,COM VÍTIMA,TOTO,AVENIDA,AVENIDA LIBERDADE,,,LADO OPOSTO A ANTIGA FURTOS DE VEICULOS,TOTÓ,,SUBURBIO,COLISÃO TRANSVERSAL,1,1,0,0,0,0,0,0,0,1,0,Longo da via,Bom,Não existe,Incompleta,Seca,,Não existe,Não hA placas,,Dupla,Não existe,,
2021-11-09,terça-feira ,11:42:00,COM VÍTIMA,BOA VIAGEM,RUA,RUA SA E SOUZA,RUA,RUA BELMONTE,EM FRENTE A FARMACIA DROGASIL,BOA VIAGEM,,SUBURBIO,COLISÃO FRONTAL,0,1,0,0,0,1,0,0,0,1,0,Cruzamento,Bom,Não existe,Perfeito estado,Seca,Perfeito estado,Faixa de pedestre,"Placas ""Pare""",30 km/h,Dupla,Faixa seccionada,,
2021-11-09,terça-feira ,13:12:00,COM VÍTIMA,JOANA BEZERRA,AVENIDA,AVENIDA BEIRA RIO,,,PRÓXIMO A ACADEMIA DA CIDADE,JOANA BEZERRA,,CIDADE,COLISÃO TRANSVERSAL,1,1,0,0,0,0,0,0,0,1,0,Cruzamento,Bom,Não existe,Perfeito estado,Seca,Perfeito estado,Faixa de retenção,"Placas ""Pare""",60 km/h,Única,Faixa contínua,,
2021-11-09,terça-feira ,14:26:00,SEM VÍTIMA,DOIS UNIDOS,SUB,SUB DA MEDALHA MILAGROSA,,,OPOSTO AO Nº 80,DOIS UNIDOS,,,CAPOTAMENTO,1,0,0,0,0,0,0,0,0,0,0,,Bom,Não existe,Perfeito estado,Seca,Perfeito estado,Não existe,Não hA placas,,Dupla,Não existe,,
2021-11-09,terça-feira ,17:05:00,SEM VÍTIMA,AFOGADOS,RUA,RUA SAO MIGUEL,RUA,RUA MANOEL DE ALBUQUERQUE FERNANDES,PROXIMO  A  FARMACIA BONGI,AFOGADOS,,SUBURBIO,COLISÃO TRANSVERSAL,2,0,0,0,0,0,0,0,0,0,0,Longo da via,Bom,Não existe,Não existente,Seca,Perfeito estado,Não existe,Não hA placas,,Dupla,Faixa seccionada,,
2021-11-09,terça-feira ,17:18:00,COM VÍTIMA,TORROES,AVENIDA,AVENIDA ENGENHEIRO ABDIAS DE CARVALHO,,,RESTAURANTE KIYOI GALETOS,TORRÕES,375,CIDADE,COLISÃO FRONTAL,0,2,0,0,0,0,0,0,0,1,0,Cruzamento,Bom,Sem defeito,Perfeito estado,Seca,Perfeito estado,Faixa de pedestre,R-4a,60 km/h,Dupla,Canteiro central,,
2021-11-10,quarta-feira ,06:17:00,COM VÍTIMA,VASCO DA GAMA,RUA,RUA VASCO DA GAMA,,,AO LADO DA IGREJA ASSEMBLEIA DE DEUS,VASCO DA GAMA,,SUBURBIO,COLISÃO TRASEIRA,1,0,0,0,0,1,0,0,0,1,0,Longo da via,Bom,Não existe,Perfeito estado,Seca,Perfeito estado,Não existe,Não hA placas,60 km/h,Dupla,Faixa seccionada,,
2021-11-10,quarta-feira ,11:53:00,COM VÍTIMA,CASA AMARELA,RUA,RUA XAVANTES,RUA,RUA PAULA BATISTA,EM FRENTE MEGA MED,CASA AMARELA,,,COLISÃO FRONTAL,1,0,0,0,0,0,0,0,0,1,0,Longo da via,Bom,Não existe,Perfeito estado,Seca,Perfeito estado,Não existe,Não hA placas,30 km/h,Dupla,Faixa seccionada,,
2021-11-10,quarta-feira ,12:43:00,COM VÍTIMA,PRADO,RUA,RUA JAPECANGA,RUA,RUA JOAO IVO DA SILVA,EM FRENTE AO ARTCONTA,PRADO,,SUBURBIO,COLISÃO FRONTAL,1,0,0,0,0,0,0,0,0,1,0,Longo da via,Bom,Não existe,Ilegível,Seca,Perfeito estado,Não existe,Não hA placas,30 km/h,Única,Faixa seccionada,,
2021-11-10,quarta-feira ,14:07:00,COM VÍTIMA,BOA VIAGEM,RUA,RUA VISCONDE DE JEQUITINHONHA,AVENIDA,AVENIDA ARMINDO MOURA,PRÓXIMO AO LAVA JATO DAS MENINAS,BOA VIAGEM,,SUBURBIO,COLISÃO TRANSVERSAL,1,1,0,0,0,0,0,0,0,2,0,Cruzamento,Bom,Sem defeito,Perfeito estado,Seca,Perfeito estado,Faixa de pedestre,Não hA placas,60 km/h,Dupla,Faixa contínua,Canteiro central,
2021-11-10,quarta-feira ,15:22:00,COM VÍTIMA,BOA VIAGEM,AVENIDA,AVENIDA ENGENHEIRO DOMINGOS FERREIRA,,,LADO OPOSTO AO HAPVIDA BOA VIAGEM,BOA VIAGEM,,SUBURBIO,COLISÃO COM CICLISTA,0,0,0,1,0,1,0,0,0,1,0,Longo da via,Bom,Não existe,Perfeito estado,Seca,Perfeito estado,Outros,Outras,,Única,Faixa contínua,Canteiro central,
2021-11-10,quarta-feira ,16:10:00,COM VÍTIMA,PORTO DA MADEIRA,AVENIDA,AVENIDA BEBERIBE,,,ENFRENTE AO SESC SENAC,PORTO DA MADEIRA,,SUBURBIO,COLISÃO FRONTAL,1,1,0,0,0,0,0,0,0,1,0,Longo da via,Bom,Sem defeito,Perfeito estado,Seca,Perfeito estado,Não existe,Não hA placas,,Dupla,Faixa contínua,,
2021-11-10,quarta-feira ,18:26:00,SEM VÍTIMA,IMBIRIBEIRA,RUA,RUA PAMPULHA,,,POR TRAS DO BANCO DO BRASIL,IMBIRIBEIRA,,,COLISÃO LATERAL,1,0,0,0,0,0,1,0,0,0,0,,,,,,,,,,,,,
2021-11-10,quarta-feira ,18:34:00,COM VÍTIMA,DOIS IRMAOS,RUA,RUA RIBEIRO PESSOA,RUA,RUA DR ANTONIO H DE CASTRO NETO,PRÓX A UPA DA CAXANGA,DOIS IRMÃOS,,,COLISÃO TRASEIRA,1,1,0,0,0,0,0,0,0,1,0,,,,,,,,,,,,,
2021-11-11,quinta-feira ,06:23:00,COM VÍTIMA,GRACAS,AVENIDA,AVENIDA GOVERNADOR AGAMENON MAGALHAES,RUA,RUA DR BANDEIRA FILHO,E/F AO EDF. DO TRE (SENT. BOA VIAGEM // VIA PRINCIPAL ),GRAÇAS,173,BOA VIAGEM,COLISÃO FRONTAL,1,1,0,0,0,0,0,0,0,1,0,Longo da via,Chuvoso,Sem defeito,Perfeito estado,Molhada,Perfeito estado,Não existe,Outras,60 km/h,Dupla,Canal,,
2021-11-11,quinta-feira ,08:10:00,COM VÍTIMA,CIDADE UNIVERSITARIA,AVENIDA,AVENIDA PROFESSOR ARTUR DE SA,,,AO LADO DO DOSPITAL DAS CLÍNICAS,CIDADE UNIVERSITARIA,,SUBURBIO,COLISÃO TRANSVERSAL,1,1,0,0,0,0,0,0,0,1,0,Longo da via,Bom,Não existe,,Seca,Outros,Não existe,Outras,40 km/h,Dupla,Faixa contínua,,
2021-11-11,quinta-feira ,08:38:00,COM VÍTIMA,BEBERIBE,RUA,RUA DALVA DE OLIVEIRA,,,,BEBERIBE,,,COLISÃO TRASEIRA,2,0,0,0,0,0,0,0,0,1,0,,,,,,,,,,,,,
2021-11-11,quinta-feira ,11:30:00,SEM VÍTIMA,ESTANCIA,AVENIDA,AVENIDA RECIFE,,,ANTIGA MAKRO,ESTÂNCIA,,SUBURBIO,COLISÃO TRANSVERSAL,6,0,0,0,0,0,0,0,0,0,0,,,,,,,,,,,,,
2021-11-11,quinta-feira ,14:32:00,COM VÍTIMA,BOA VIAGEM,RUA,RUA VISCONDE DE JEQUITINHONHA,,,SEMAFORO 443,BOA VIAGEM,443,SUBURBIO,ATROPELAMENTO DE PESSOA,0,1,0,0,1,0,0,0,0,1,0,Longo da via,Bom,Sem defeito,Perfeito estado,Seca,Perfeito estado,Faixa de pedestre,Outras,,Única,Faixa seccionada,Canteiro central,
2021-11-11,quinta-feira ,15:43:00,COM VÍTIMA,IBURA,AVENIDA,AVENIDA DOIS RIOS,,,PROX A NR SUPERMERCADO,IBURA,,,COLISÃO LATERAL,1,1,0,0,0,0,0,0,0,1,0,,,,,,,,,,,,,
2021-11-11,quinta-feira ,16:27:00,SEM VÍTIMA,AFOGADOS,RUA,RUA QUITERIO INACIO DE MELLO,RUA,RUA CINCO DE NOVEMBRO,IMPORT PNEUS,AFOGADOS,553,SUBURBIO,,2,0,0,0,0,0,0,0,0,0,0,Longo da via,Bom,Sem defeito,Perfeito estado,Seca,Perfeito estado,,"Placas ""Pare""",,Única,Faixa seccionada,,
2021-11-11,quinta-feira ,17:58:00,COM VÍTIMA,ROSARINHO,AVENIDA,AVENIDA NORTE MIGUEL ARRAES DE ALENCAR,,,ANTES DO EDIFICIO FORTE DOS REIS MAGOS,ROSARINHO,,SUBURBIO,COLISÃO TRASEIRA,1,1,0,0,0,0,0,0,0,1,0,Longo da via,Bom,Não existe,Perfeito estado,Seca,Perfeito estado,Não existe,"Placas ""Pare""",60 km/h,Dupla,Faixa seccionada,Canteiro central,
2021-11-11,quinta-feira ,18:37:00,COM VÍTIMA,SANTO AMARO,AVENIDA,AVENIDA GOVERNADOR AGAMENON MAGALHAES,,,EM CIMA DO VIADUTO SENTIDO OLINDA -,SANTO AMARO,,,COLISÃO COM CICLISTA,1,0,0,1,0,0,0,0,0,1,0,,,,,,,,,,,,,
2021-11-11,quinta-feira ,20:17:00,COM VÍTIMA,TAMARINEIRA,AVENIDA,AVENIDA NORTE MIGUEL ARRAES DE ALENCAR,AVENIDA,AVENIDA PROFESSOR JOSE DOS ANJOS,EM FRENTE AO SESC,TAMARINEIRA,364,CIDADE,COLISÃO FRONTAL,0,1,0,0,0,0,0,0,0,2,0,Cruzamento,Bom,Sem defeito,Perfeito estado,Seca,Perfeito estado,Faixa de pedestre,Não hA placas,,Dupla,Canteiro central,,
2021-11-12,sexta-feira ,09:32:00,SEM VÍTIMA,MANGUEIRA,RUA,RUA SAO MIGUEL,,,AO LADO DO ATACAREJO,MANGUEIRA,,,COLISÃO LATERAL,0,1,0,0,0,0,0,1,0,0,0,Cruzamento,Bom,Não existe,Perfeito estado,Seca,Perfeito estado,Não existe,Não hA placas,,Dupla,Faixa contínua,,
2021-11-12,sexta-feira ,11:22:00,COM VÍTIMA,CORDEIRO,EST,EST DO FORTE DO ARRAIAL N. DO B. JESUS,,,E/F A P.A PESCADOS,CORDEIRO,,,COLISÃO TRANSVERSAL,1,1,0,0,0,0,0,0,0,1,0,Longo da via,Bom,Não existe,Perfeito estado,Seca,Perfeito estado,Não existe,Não hA placas,,Dupla,Faixa contínua,,
2021-11-12,sexta-feira ,11:32:00,COM VÍTIMA,BOA VISTA,RUA,RUA TABIRA,AVENIDA,AVENIDA MONTEVIDEU,APOS O BRADESCO AUTO CENTER,BOA VISTA,,CIDADE,COLISÃO COM CICLISTA,1,0,0,1,0,0,0,0,0,1,0,Cruzamento,Bom,Não existe,Perfeito estado,Seca,Perfeito estado,Não existe,Não hA placas,60 km/h,Única,Faixa seccionada,,
2021-11-12,sexta-feira ,11:57:00,SEM VÍTIMA,BAIRRO DO RECIFE,RUA,RUA DO PRINCIPE,,,PROX A IGREJA CONGREGACIONAL,BAIRRO DO RECIFE,,,ENGAVETAMENTO,3,0,0,0,0,0,0,0,0,0,0,,,,,,,,,,,,,