data,dia_semana,hora,natureza,bairro,logradouro_endereco,endereco,logradouro_detalhe_endereco,detalhe_endereco_acidente,complemento,bairro_cruzamento,num_semaforo,sentido_via,tipo,auto,moto,ciclom,ciclista,pedestre,onibus,caminhao,viatura,outros,vitimas,vitimasfatais,acidente_verificado,tempo_clima,situacao_semaforo,sinalizacao,condicao_via,conservacao_via,ponto_controle,situacao_placa,velocidade_max_via,mao_direcao,divisao_via1,divisao_via2,divisao_via3
2021-11-12,sexta-feira ,12:31:00,COM VÍTIMA,MADALENA,RUA,RUA BENFICA,,,EM FRENTE AO EDIFICIO CRISTINA,MADALENA,,CIDADE,COLISÃO FRONTAL,1,1,0,0,0,0,0,0,0,1,0,Longo da via,Bom,Não existe,Perfeito estado,Seca,Perfeito estado,Não existe,Não hA placas,,Dupla,Faixa contínua,,
2021-11-12,sexta-feira ,14:01:00,COM VÍTIMA,BOA VIAGEM,AVENIDA,AVENIDA BOA VIAGEM,RUA,RUA RIBEIRO DE BRITO,EM FRENTE AO EDIFICIO QUEEN MARY,BOA VIAGEM,,CIDADE,COLISÃO COM CICLISTA,1,0,0,1,0,0,0,0,0,1,0,Longo da via,Bom,Não existe,Perfeito estado,Seca,Perfeito estado,Não existe,Não hA placas,60 km/h,Única,Faixa seccionada,,
2021-11-12,sexta-feira ,14:09:00,COM VÍTIMA,BOA VIAGEM,AVENIDA,AVENIDA CONSELHEIRO AGUIAR,,,AO LADO DO BANCO SANTANDER,BOA VIAGEM,,CIDADE,COLISÃO TRASEIRA,1,1,0,0,0,0,0,0,0,1,0,Cruzamento,Bom,Não existe,Perfeito estado,Seca,Perfeito estado,Não existe,"Placas ""Pare""",,Única,Faixa seccionada,,
2021-11-12,sexta-feira ,15:33:00,SEM VÍTIMA,MADALENA,RUA,RUA MONSENHOR SILVA,,,PROXIMO AO MINUTO PÃO DE AÇÚCAR,MADALENA,,,COLISÃO LATERAL,2,0,0,0,0,0,0,0,0,0,0,Longo da via,Bom,Não existe,Não existente,Seca,Perfeito estado,Não existe,Não hA placas,,,Não existe,,
2021-11-12,sexta-feira ,16:41:00,COM VÍTIMA,SAO JOSE,AVENIDA,AVENIDA DANTAS BARRETO,,,EM FRENTE AO NE 906,SÃO JOSÉ,,SUBURBIO,ATROPELAMENTO DE PESSOA,1,0,0,0,1,0,0,0,0,1,0,Longo da via,Bom,Não existe,Perfeito estado,Seca,Perfeito estado,Não existe,Outras,,Dupla,Faixa contínua,,
2021-11-12,sexta-feira ,17:15:00,COM VÍTIMA,VASCO DA GAMA,AVENIDA,AVENIDA VEREADOR OTACILIO AZEVEDO,RUA,RUA TUPIRACABA,APÓS A UPA,VASCO DA GAMA,,SUBURBIO,COLISÃO FRONTAL,0,1,0,0,0,1,0,0,0,1,0,Cruzamento,Bom,Não existe,Não existente,Seca,Perfeito estado,Não existe,Não hA placas,,Dupla,Não existe,,
2021-11-12,sexta-feira ,18:21:00,COM VÍTIMA,LINHA DO TIRO,RUA,RUA URIEL DE HOLANDA,RUA,RUA TAGUATINGA,"NA LADEIRA, PRÓX AO CLUBE BELA VISTA",LINHA DO TIRO,,,ENGAVETAMENTO,1,1,0,0,0,0,1,0,0,4,0,Cruzamento,Bom,Não existe,,,,,,,,,,
2021-11-12,sexta-feira ,21:11:40,COM VÍTIMA,CORDEIRO,AVENIDA,AVENIDA ENGENHEIRO ABDIAS DE CARVALHO,,,PROX AO SUPERMECADO DO ATACAREJO,CORDEIRO,687,CIDADE,COLISÃO TRANSVERSAL,1,1,0,0,0,0,0,0,0,1,0,Longo da via,Bom,Sem defeito,Perfeito estado,Seca,Perfeito estado,Faixa de pedestre,Não hA placas,,,Faixa seccionada,,
2021-11-12,sexta-feira ,21:49:40,COM VÍTIMA,TAMARINEIRA,AVENIDA,AVENIDA CONS ROSA E SILVA,RUA,RUA SIMAO MENDES,FARMACIA PAGUE MENOS,TAMARINEIRA,253,S,COLISÃO TRANSVERSAL,1,1,0,0,0,0,0,0,0,1,0,Cruzamento,Chuvoso,Sem defeito,Perfeito estado,Molhada,Perfeito estado,Faixa de pedestre,Outras,,Única,Faixa contínua,,
2021-11-12,sexta-feira ,22:33:40,VÍTIMA FATAL,IPUTINGA,RUA,RUA BOM PASTOR,RUA,RUA MAURICEIA,EM FRENTE PONTO DO PASTEL,IPUTINGA,652,SUBURBIO,ATROPELAMENTO DE PESSOA,1,0,0,0,3,0,0,0,0,3,1,Longo da via,Bom,Intermitente,Perfeito estado,Seca,Perfeito estado,Faixa de pedestre,Não hA placas,,Dupla,Faixa seccionada,,
2021-11-13,sábado ,08:24:00,SEM VÍTIMA,VARZEA,RUA,RUA EMETERIO MACIEL,,,E/F AO CONJUNTO RESIDENCIAL PORTINARI,VARZEA,,,COLISÃO FRONTAL,2,0,0,0,0,0,0,0,0,0,0,,,,,,,,,,,,,
2021-11-13,sábado ,18:14:00,COM VÍTIMA,VARZEA,RUA,RUA AMARO GOMES POROCA,,,PRÓXIMO AO RESTAURANTE BRAZETUS,VARZEA,,,COLISÃO COM CICLISTA,0,0,0,1,0,1,0,0,0,1,0,Longo da via,Bom,Não existe,Perfeito estado,Seca,Perfeito estado,Não existe,Não hA placas,,Dupla,Faixa seccionada,,
2021-11-13,sábado ,20:17:00,SEM VÍTIMA,AFLITOS,RUA,RUA DO FUTURO,,,E/F AO EDFC SAO NICOLAU,AFLITOS,,,COLISÃO TRASEIRA,2,0,0,0,0,0,0,0,0,0,0,,,,,,,,,,,,,
2021-11-13,sábado ,23:14:40,COM VÍTIMA,TORRE,RUA,RUA JOSE BONIFACIO,,,EM FRENTE AO CARREFOUR DA TORRE,TORRE,,,COLISÃO LATERAL,1,1,0,0,0,0,0,0,0,1,0,,,,,,,,,,,,,
2021-11-14,domingo ,12:43:00,COM VÍTIMA,IPUTINGA,AVENIDA,AVENIDA MAURICIO DE NASSAU,EST,EST DO BARBALHO,NO SEMAFORO 246,IPUTINGA,246,CIDADE,COLISÃO FRONTAL,2,0,0,0,0,0,0,0,0,1,0,Cruzamento,Bom,Sem defeito,Perfeito estado,Seca,Perfeito estado,Faixa de pedestre,Não hA placas,,Dupla,Faixa contínua,,
2021-11-14,domingo ,13:14:00,SEM VÍTIMA,BOA VIAGEM,RUA,RUA PROFESSOR EDUARDO WANDERLEY FILHO,,,E/F A  CASA SAO PAULO SUPERMERCADO,BOA VIAGEM,,,COLISÃO LATERAL,0,1,0,0,0,0,0,1,0,0,0,Cruzamento,Bom,Não existe,Perfeito estado,Seca,Perfeito estado,Faixa de pedestre,"Placas ""Pare""",,Dupla,Faixa seccionada,,
2021-11-14,domingo ,15:57:00,COM VÍTIMA,ALTO JOSE DO PINHO,RUA,RUA ACAIACA,,,MERCADINHO SANTA FÉ,ALTO JOSÉ DO PINHO,,,CHOQUE,2,1,0,0,0,0,0,0,0,1,0,Longo da via,Bom,Não existe,Perfeito estado,Seca,Perfeito estado,Não existe,Não hA placas,,Dupla,Não existe,,
2021-11-14,domingo ,21:31:40,COM VÍTIMA,MUSTARDINHA,RUA,RUA VINTE E UM DE ABRIL,AVENIDA,AVENIDA MUSTARDINHA,lado oposto ao numero 1245,MUSTARDINHA,,SUBURBIO,COLISÃO TRASEIRA,1,1,0,0,0,0,0,0,0,1,0,Longo da via,Bom,Não existe,Perfeito estado,Seca,Mal iluminada,Não existe,Não hA placas,,Dupla,Faixa seccionada,,
2021-11-14,domingo ,22:20:40,COM VÍTIMA,PINA,RUA,RUA TOME GIBSON,AVENIDA,AVENIDA ENGENHEIRO DOMINGOS FERREIRA,PRÓX A ESCOLA OSVALDO LIMA FILHO,PINA,200,SUBURBIO,COLISÃO FRONTAL,1,1,0,0,0,0,0,0,0,1,0,Cruzamento,Bom,Sem defeito,Perfeito estado,Seca,Perfeito estado,Faixa de pedestre,R-6a,60 km/h,Dupla,Faixa contínua,,
2021-11-15,segunda-feira ,19:09:00,COM VÍTIMA,IMBIRIBEIRA,AVENIDA,AVENIDA MARECHAL MASCARENHAS DE MORAES,,,"PRÓX AO AÇAI ATACADISTA, SNT CENTRO / E/F A SAEL BMW",IMBIRIBEIRA,,SUBURBIO,COLISÃO TRASEIRA,1,1,0,0,0,0,0,0,0,1,0,Longo da via,Bom,Não existe,Incompleta,Seca,Perfeito estado,Não existe,Não hA placas,60 km/h,Dupla,Canteiro central,,
2021-11-15,segunda-feira ,19:22:00,SEM VÍTIMA,BOA VIAGEM,AVENIDA,AVENIDA ENGENHEIRO DOMINGOS FERREIRA,,,E/F AO COLÉGIO NÚCLEO E BANCO DO BRASIL,BOA VIAGEM,,,COLISÃO TRASEIRA,2,0,0,0,0,0,0,0,0,0,0,,,,,,,,,,,,,
2021-11-15,segunda-feira ,20:23:00,COM VÍTIMA,CORDEIRO,AVENIDA,AVENIDA GENERAL SAN MARTIN,,,E/F A IGREJA NOVA BATISTA DO CORDEIRO,CORDEIRO,,,COLISÃO LATERAL,1,1,0,0,0,0,0,0,0,1,0,Longo da via,Bom,Não existe,Perfeito estado,Seca,Perfeito estado,Não existe,R-6a,,Dupla,Faixa contínua,,
2021-11-16,terça-feira ,00:39:00,COM VÍTIMA,ARRUDA,RUA,RUA DO MACHADO,RUA,RUA DO TRIUNFO,PADARIA CENTRAL,ARRUDA,,SUBURBIO,COLISÃO FRONTAL,1,1,0,0,0,0,0,0,0,2,0,Cruzamento,Bom,Não existe,Ilegível,Seca,,Não existe,"Placas ""Pare""",30 km/h,Dupla,Não existe,,
2021-11-16,terça-feira ,07:32:00,COM VÍTIMA,CASA AMARELA,RUA,RUA DOIS DE FEVEREIRO,,,PROX. A SAULO MOTOS,CASA AMARELA,,CIDADE,COLISÃO FRONTAL,1,1,0,0,0,0,0,0,0,1,0,Longo da via,Bom,Não existe,Incompleta,Seca,Perfeito estado,Não existe,R-19,30 km/h,Dupla,Não existe,,
2021-11-16,terça-feira ,08:33:00,COM VÍTIMA,CABANGA,VIADUTO,VIADUTO CAPITAO TEMUDO,,,EM CIMA DO VIADUTO DO CABANGA (SENT. BOA VIAGEM) // ALÇA DE TRANSPORTE,CABANGA,,SUBURBIO,COLISÃO TRASEIRA,2,0,0,0,0,1,0,0,0,2,0,Longo da via,Bom,Não existe,Perfeito estado,Seca,Perfeito estado,Não existe,Não hA placas,60 km/h,Única,Faixa seccionada,,
2021-11-16,terça-feira ,09:07:00,COM VÍTIMA,SANTO AMARO,AVENIDA,AVENIDA GOVERNADOR AGAMENON MAGALHAES,,,EM FRENTE AO EDF HENRIQUE DIAS,SANTO AMARO,,OLINDA,COLISÃO TRANSVERSAL,2,0,0,0,0,0,1,0,0,1,0,Longo da via,Bom,Não existe,Perfeito estado,Seca,Perfeito estado,Não existe,Não hA placas,60 km/h,Dupla,Canal,,
2021-11-16,terça-feira ,12:47:00,COM VÍTIMA,TORROES,AVENIDA,AVENIDA ENGENHEIRO ABDIAS DE CARVALHO,,,LADO OPOSTO AO POSTO DE GASOLINA BR,TORRÕES,,CIDADE,COLISÃO TRASEIRA,0,1,0,0,0,0,0,0,0,1,0,Longo da via,Bom,Não existe,Perfeito estado,Seca,Perfeito estado,Não existe,Não hA placas,,Única,Faixa seccionada,,
2021-11-16,terça-feira ,12:51:00,SEM VÍTIMA,ESPINHEIRO,AVENIDA,AVENIDA GOVERNADOR AGAMENON MAGALHAES,,,EM FRENTE À FIORI JEEP / SUBIDA DO VIADUTO,ESPINHEIRO,,CIDADE,COLISÃO LATERAL,2,0,0,0,0,0,0,0,0,0,0,,,,,,,,,,,,,
2021-11-16,terça-feira ,12:58:00,COM VÍTIMA,SANTO AMARO,AVENIDA,AVENIDA GOVERNADOR AGAMENON MAGALHAES,,,EM FRENTE A UPE/ SENTIDO OLINDA,SANTO AMARO,,,COLISÃO FRONTAL,1,1,0,0,0,0,0,0,0,2,0,Longo da via,Bom,Sem defeito,Perfeito estado,Seca,Perfeito estado,Não existe,Não hA placas,60 km/h,Única,Faixa seccionada,,
2021-11-16,terça-feira ,15:49:00,SEM VÍTIMA,ARRUDA,AVENIDA,AVENIDA PEDRO DE MELO PEDROZA,,,EM FRENTE AO CONDOMINIO ARISTOTELES DE ANDRADE,ARRUDA,,,COLISÃO COM CICLISTA,1,0,0,1,0,0,0,0,0,0,0,,,,,,,,,,,,,
2021-11-16,terça-feira ,18:57:00,COM VÍTIMA,IMBIRIBEIRA,AVENIDA,AVENIDA MARECHAL MASCARENHAS DE MORAES,,,EM FRENTE A MOVIDA,IMBIRIBEIRA,,CIDADE,QUEDA,0,1,0,0,0,0,0,0,0,1,0,Longo da via,Bom,Sem defeito,Perfeito estado,Seca,Perfeito estado,,Outras,60 km/h,Dupla,Canteiro central,,
2021-11-16,terça-feira ,19:00:00,SEM VÍTIMA,BOA VIAGEM,AVENIDA,AVENIDA BOA VIAGEM,,,E/F AO HOTEL GRAND MERCURY,BOA VIAGEM,,,COLISÃO LATERAL,1,0,0,0,0,0,0,1,0,0,0,Longo da via,Bom,Não existe,Perfeito estado,Seca,Perfeito estado,Não existe,"Placas ""Dê a preferência""",60KM/H,Única,Faixa seccionada,,
2021-11-16,terça-feira ,20:07:00,COM VÍTIMA,IMBIRIBEIRA,AVENIDA,AVENIDA MARECHAL MASCARENHAS DE MORAES,,,EM FRENTE A PRAÇA MIN SALGADO FILHO,IMBIRIBEIRA,570,SUBURBIO,ATROPELAMENTO DE PESSOA,0,0,0,0,1,0,0,0,0,1,0,Longo da via,Bom,Sem defeito,Perfeito estado,Seca,Perfeito estado,Faixa de pedestre,Outras,,Dupla,Canteiro central,,
2021-11-16,terça-feira ,20:51:00,SEM VÍTIMA,ENCRUZILHADA,AVENIDA,AVENIDA NORTE MIGUEL ARRAES DE ALENCAR,,,"EF AO EXTRA, SEMAFORO 045, SNT CID/SUB",ENCRUZILHADA,,,CHOQUE,1,0,0,0,0,0,0,0,0,0,0,,,,,,,,,,,,,
2021-11-16,terça-feira ,20:47:40,SEM VÍTIMA,BOA VIAGEM,RUA,RUA JOAO EUGENIO DE LIMA,,,PROX A QUADRA DO COLEGIO MADRE DE DEUS,BOA VIAGEM,,,COLISÃO FRONTAL,1,0,0,0,0,0,0,1,0,0,0,Cruzamento,Bom,Sem defeito,Não existente,Seca,Perfeito estado,Não existe,Não hA placas,,Dupla,Não existe,,
2021-11-16,terça-feira ,22:10:40,COM VÍTIMA,JORDAO,RUA,RUA VIRGINOPOLIS,,,PRÓX AO TERMINAL DE ONIBUS,JORDÃO,,SUBURBIO,ATROPELAMENTO DE PESSOA,1,0,0,0,2,0,0,0,0,2,0,Longo da via,Bom,Não existe,Perfeito estado,Seca,Perfeito estado,Não existe,Não hA placas,,Única,Não existe,,
2021-11-16,terça-feira ,23:00:40,SEM VÍTIMA,BOA VIAGEM,RUA,RUA VISCONDE DE JEQUITINHONHA,,,E/F AO EDF LAGOA DO ABAETÉ,BOA VIAGEM,,,CHOQUE,1,0,0,0,0,0,0,0,0,0,0,,,,,,,,,,,,,
2021-11-17,quarta-feira ,07:45:00,COM VÍTIMA,IBURA,AVENIDA,AVENIDA DOM HELDER CAMARA,AVENIDA,AVENIDA DOM HELDER CAMARA,EM FRENTE A CASA DA BATERIA,IBURA,,CIDADE,COLISÃO FRONTAL,1,1,0,0,0,0,0,0,0,1,0,Longo da via,Bom,Não existe,Perfeito estado,Seca,Perfeito estado,Não existe,Não hA placas,,Dupla,Canteiro central,,
2021-11-17,quarta-feira ,08:59:00,SEM VÍTIMA,PINA,RUA,RUA PROFESSOR JOSUE DE CASTRO,,,DENTRO DO TUNEO  / SENT  CIDADE,PINA,,CIDADE,COLISÃO TRASEIRA,1,0,0,0,0,0,0,1,0,0,0,Longo da via,Bom,Sem defeito,Perfeito estado,Seca,Perfeito estado,Faixa de pedestre,Não hA placas,,Única,,,
2021-11-17,quarta-feira ,09:05:00,COM VÍTIMA,AFOGADOS,RUA,RUA PROFESSOR AUGUSTO WANDERLEY FILHO,,,ENIIL,AFOGADOS,,,COLISÃO TRANSVERSAL,1,1,0,0,0,0,0,0,0,1,0,Cruzamento,Bom,Sem defeito,Perfeito estado,Seca,Perfeito estado,Faixa de pedestre,Não hA placas,,Única,Faixa seccionada,,
2021-11-17,quarta-feira ,09:17:00,COM VÍTIMA,CASA AMARELA,AVENIDA,AVENIDA NORTE MIGUEL ARRAES DE ALENCAR,,,E/F A IGREJA QUADRANGULAR,CASA AMARELA,,CIDADE,ATROPELAMENTO DE PESSOA,0,1,0,0,1,0,0,0,0,1,0,Longo da via,Bom,Sem defeito,Perfeito estado,Seca,Perfeito estado,Não existe,,,Dupla,Faixa seccionada,,
2021-11-17,quarta-feira ,10:52:00,COM VÍTIMA,IMBIRIBEIRA,AVENIDA,AVENIDA DOM JOAO VI,RUA,RUA SOLDADO SINESIO DE ARAGAO,EM FRENTE AO SEMAFORO 639,IMBIRIBEIRA,639,SUBURBIO,COLISÃO TRASEIRA,0,1,0,0,0,0,1,0,0,1,0,Cruzamento,Bom,Sem defeito,Perfeito estado,Seca,Perfeito estado,Faixa de pedestre,Não hA placas,,Dupla,Canal,Faixa contínua,
2021-11-17,quarta-feira ,13:15:00,COM VÍTIMA,IBURA,AVENIDA,AVENIDA DOIS RIOS,RUA,RUA PINTOR AGENOR DE ALBUQUERQUE CESAR,SOB O SEMAFORO,IBURA,561,SUBURBIO,COLISÃO TRANSVERSAL,1,1,0,0,0,0,0,0,0,1,0,Esquina,Bom,Sem defeito,Perfeito estado,Seca,Perfeito estado,Faixa de pedestre,Outras,60 km/h,Dupla,Faixa seccionada,,
2021-11-17,quarta-feira ,14:32:00,COM VÍTIMA,CAXANGA,AVENIDA,AVENIDA CAXANGA,,,E/F  A UPA S/T CID,CAXANGA,281,CIDADE,QUEDA,0,1,0,0,0,0,0,0,0,1,0,Longo da via,Bom,Sem defeito,Perfeito estado,Seca,Perfeito estado,Agente,R-32,60 km/h,Dupla,Faixa contínua,Faixa seccionada,Canteiro central
2021-11-17,quarta-feira ,14:46:00,COM VÍTIMA,ESPINHEIRO,AVENIDA,AVENIDA GOVERNADOR AGAMENON MAGALHAES,,,EM FRENTE AO EDIFICIO VISCONDE DE UTINGA,ESPINHEIRO,,,COLISÃO LATERAL,1,1,0,0,0,0,0,0,0,2,0,Longo da via,Bom,Não existe,Perfeito estado,Seca,Perfeito estado,Não existe,Não hA placas,60 km/h,Dupla,Canteiro central,,
2021-11-17,quarta-feira ,14:59:00,COM VÍTIMA,ENCRUZILHADA,EST,EST DE BELEM,RUA,RUA DONA JULIETA,E/F A IGREJA DE BELEM,ENCRUZILHADA,,SUBURBIO,COLISÃO TRANSVERSAL,1,1,0,0,0,0,0,0,0,1,0,Cruzamento,Bom,Não existe,Perfeito estado,Seca,Perfeito estado,Não existe,Não hA placas,,Dupla,Faixa contínua,,
2021-11-17,quarta-feira ,16:06:00,COM VÍTIMA,MADALENA,RUA,RUA BENFICA,,,CHURRASCARIA AFOX,MADALENA,,CIDADE,COLISÃO TRASEIRA,1,1,0,0,0,0,0,0,0,1,0,Longo da via,Bom,Não existe,Perfeito estado,Seca,Perfeito estado,Não existe,R-6a,,Dupla,Faixa contínua,Canteiro central,
2021-11-17,quarta-feira ,16:52:00,OUTROS,SAO JOSE,CAIS,CAIS SANTA RITA,,,LADO OPOSTO AO 16° BPM,SÃO JOSÉ,,CIDADE,OUTROS,0,1,0,0,0,0,0,0,0,1,0,Longo da via,Chuvoso,Sem defeito,Perfeito estado,Molhada,Perfeito estado,Não existe,Não hA placas,60 km/h,Dupla,Canteiro central,,
2021-11-17,quarta-feira ,18:23:00,COM VÍTIMA,MADALENA,AVENIDA,AVENIDA CAXANGA,,,PROX AO BANCO SANTANDER,MADALENA,,SUBURBIO,ATROPELAMENTO DE PESSOA,1,0,0,0,1,0,0,0,0,1,0,Longo da via,Bom,Não existe,Perfeito estado,Seca,Perfeito estado,Não existe,Não hA placas,,Dupla,Canteiro central,,
2021-11-17,quarta-feira ,19:12:00,COM VÍTIMA,PAISSANDU,AVENIDA,AVENIDA GOVERNADOR AGAMENON MAGALHAES,,,PROX AO BANCO SAFRA,PAISSANDU,69,OLINDA,COLISÃO LATERAL,1,1,0,0,0,0,0,0,0,1,0,,,,,,,,,,,,,
2021-11-17,quarta-feira ,20:01:00,COM VÍTIMA,IPSEP,RUA,RUA HELIO BRANDAO,RUA,RUA ALAGOAS,AO LADO DO N° 340,IPSEP,,,ATROPELAMENTO DE PESSOA,1,0,0,0,1,0,0,0,0,1,0,Longo da via,Bom,Não existe,Ilegível,Seca,Mal iluminada,Não existe,R-6a,,Dupla,Faixa seccionada,,
2021-11-17,quarta-feira ,22:44:40,COM VÍTIMA,BOA VIAGEM,RUA,RUA VISCONDE DE JEQUITINHONHA,RUA,RUA BALTAZAR PASSOS,EM FRENTE AO SEMAFORO NÚMERO 154,BOA VIAGEM,154,,,1,1,0,0,0,0,0,0,0,2,0,Cruzamento,Bom,Sem defeito,Perfeito estado,Seca,Perfeito estado,Faixa de retenção,Não hA placas,60 km/h,Única,Faixa contínua,,
2021-11-18,quinta-feira ,07:18:00,COM VÍTIMA,ILHA DO LEITE,RUA,RUA PAISSANDU,,,EM FRENTE AO HOSPITAL SÃO MARCOS,ILHA DO LEITE,,CIDADE,QUEDA,0,1,0,0,0,0,0,0,0,1,0,Longo da via,Chuvoso,Sem defeito,Perfeito estado,Seca,Perfeito estado,Não existe,Não hA placas,,Dupla,Faixa contínua,Blocos,
2021-11-18,quinta-feira ,08:02:00,COM VÍTIMA,SAO JOSE,CAIS,CAIS SANTA RITA,,,ESQ DO PAINEL DIGITAL  / RUA ESQ COM AS TORRES GEMEAS / 675,SÃO JOSÉ,,,COLISÃO LATERAL,0,2,0,0,0,0,0,0,0,1,0,,,,,,,,,,,,,
2021-11-18,quinta-feira ,14:07:00,COM VÍTIMA,APIPUCOS,RUA,RUA DOIS IRMAOS,,,EM FRENTE A ASSOCIAÇÃO BRASILEIRA DE ODONTOLOGIA,APIPUCOS,,CIDADE,COLISÃO TRASEIRA,1,1,0,0,0,0,0,0,0,1,0,Longo da via,Bom,Não existe,Perfeito estado,Seca,Perfeito estado,Não existe,R-6a,,Dupla,Faixa contínua,,
2021-11-18,quinta-feira ,15:58:00,COM VÍTIMA,IMBIRIBEIRA,AVENIDA,AVENIDA MARECHAL MASCARENHAS DE MORAES,,,EM FRENTE AO DEPOSITO LASER,IMBIRIBEIRA,,CIDADE,COLISÃO TRASEIRA,0,0,0,1,0,1,0,0,0,1,0,Longo da via,Bom,Não existe,Perfeito estado,Seca,Perfeito estado,Não existe,Não hA placas,,Dupla,Canteiro central,,
2021-11-18,quinta-feira ,16:37:00,COM VÍTIMA,ROSARINHO,AVENIDA,AVENIDA NORTE MIGUEL ARRAES DE ALENCAR,RUA,RUA CEARA,EM FRENTE AO N° 2760,ROSARINHO,45,SUBURBIO,COLISÃO TRASEIRA,1,1,0,0,0,0,0,0,0,1,0,Esquina,Chuvoso,Sem defeito,Perfeito estado,Molhada,Perfeito estado,Não existe,R-6a,,Dupla,Canteiro central,,
2021-11-18,quinta-feira ,19:39:00,COM VÍTIMA,DOIS UNIDOS,RUA,RUA CORONEL PILAR,,,PRÓX AO FORRO DO ARLINDO,DOIS UNIDOS,,,COLISÃO FRONTAL,0,1,0,0,0,1,0,0,0,1,0,,,,,,,,,,,,,
2021-11-18,quinta-feira ,20:28:00,COM VÍTIMA,BOA VIAGEM,AVENIDA,AVENIDA ENGENHEIRO DOMINGOS FERREIRA,RUA,RUA BRUNO VELOSO,SEMAFORO 338,BOA VIAGEM,,,COLISÃO LATERAL,1,1,0,0,0,0,0,0,0,1,0,,,,,,,,,,,,,
2021-11-18,quinta-feira ,22:06:40,SEM VÍTIMA,VARZEA,AVENIDA,AVENIDA AFONSO OLINDENSE,,,PRÓX A FARMACIA PERNAMBUCANAS,VARZEA,,,COLISÃO TRASEIRA,0,0,0,0,0,0,0,0,0,0,0,Longo da via,Bom,Com defeito,Perfeito estado,Seca,Perfeito estado,Faixa de pedestre,Não hA placas,30 KM/H,Dupla,Faixa contínua,,
2021-11-19,sexta-feira ,07:03:00,COM VÍTIMA,ENCRUZILHADA,AVENIDA,AVENIDA BEBERIBE,RUA,RUA FERNANDO CESAR,EM FRENTE AO BANCO DO BRASIL,ENCRUZILHADA,238,SUBURBIO,COLISÃO FRONTAL,1,1,0,0,0,0,0,0,0,1,0,Cruzamento,Bom,Sem defeito,Perfeito estado,Seca,Perfeito estado,Outros,R-4a,,Dupla,Faixa contínua,Faixa seccionada,
2021-11-19,sexta-feira ,08:26:00,SEM VÍTIMA,BOMBA DO HEMETERIO,RUA,RUA BOMBA DO HEMETERIO,,,EM FRENTE AO NE 393,BOMBA DO HEMETÉRIO,,,COLISÃO LATERAL,0,1,0,0,0,0,0,1,0,0,0,Longo da via,Bom,Não existe,Perfeito estado,Seca,Perfeito estado,Não existe,Outras,,Dupla,Não existe,,
2021-11-19,sexta-feira ,09:11:00,COM VÍTIMA,CASA AMARELA,EST,EST DO ENCANAMENTO,RUA,RUA PROFESSOR ALVARO LIMA,E/F A CASA DE FESTAS ESTRIPULIA,CASA AMARELA,,CIDADE,COLISÃO TRANSVERSAL,2,0,0,0,0,0,0,0,0,1,0,Cruzamento,Bom,Não existe,Perfeito estado,Seca,,Não existe,"Placas ""Pare""",,Única,Faixa seccionada,,
2021-11-19,sexta-feira ,10:53:00,SEM VÍTIMA,BOA VIAGEM,AVENIDA,AVENIDA REPUBLICA ARABE UNIDA,,,EM FRENTE AO ESTACIONAMENTO DO MERCADINHO GRAÇAS,BOA VIAGEM,,,COLISÃO TRASEIRA,1,1,0,0,0,0,0,0,0,0,0,,,,,,,,,,,,,
2021-11-19,sexta-feira ,16:42:00,COM VÍTIMA,DERBY,AVENIDA,AVENIDA GOVERNADOR AGAMENON MAGALHAES,,,EM FRENTE AO TRIBUNAL ELEITORAL DE RECIFE,DERBY,37,BOA VIAGEM,COLISÃO TRANSVERSAL,1,1,0,0,0,0,0,0,0,1,0,Cruzamento,Bom,Sem defeito,Perfeito estado,Seca,Perfeito estado,Faixa de pedestre,Não hA placas,60 km/h,Dupla,Canteiro central,,
2021-11-19,sexta-feira ,18:09:00,COM VÍTIMA,CASA AMARELA,RUA,RUA DA HARMONIA,,,PROX A IGREJA DA HARMONIA,CASA AMARELA,,,COLISÃO FRONTAL,1,1,0,0,0,0,0,0,0,1,0,Longo da via,Bom,Não existe,Perfeito estado,Seca,Perfeito estado,Não existe,Não hA placas,,Dupla,Faixa seccionada,,
2021-11-19,sexta-feira ,20:49:00,COM VÍTIMA,LINHA DO TIRO,RUA,RUA SODRELANDIA,,,NA SUBIDA PROX AO CAMPO DO CAFÉ,LINHA DO TIRO,,SUBURBIO,CAPOTAMENTO,0,0,0,0,0,0,0,0,0,1,0,Longo da via,Bom,Não existe,,Seca,Perfeito estado,Não existe,,,Dupla,Não existe,,
2021-11-20,sábado ,05:39:00,COM VÍTIMA,ARRUDA,AVENIDA,AVENIDA PROFESSOR JOSE DOS ANJOS,,,EM FRENTE A ECO ESTAÇÃO,ARRUDA,,DUPLO,COLISÃO FRONTAL,1,1,0,0,0,0,0,0,0,1,0,Longo da via,Bom,Não existe,Perfeito estado,Seca,Perfeito estado,Não existe,Não hA placas,,Dupla,Não existe,,
2021-11-20,sábado ,11:22:00,COM VÍTIMA,CAJUEIRO,AVENIDA,AVENIDA CIDADE DE MONTEIRO,,,EM FRENTE AO HORTE FRUTE ESPERANÇA,CAJUEIRO,,SUBURBIO,COLISÃO FRONTAL,1,1,0,0,0,0,0,0,0,1,0,Longo da via,Nublado,Não existe,Perfeito estado,Seca,Perfeito estado,Outros,R-6a,40 km/h,Dupla,Faixa contínua,,