data,dia_semana,hora,natureza,bairro,logradouro_endereco,endereco,logradouro_detalhe_endereco,detalhe_endereco_acidente,complemento,bairro_cruzamento,num_semaforo,sentido_via,tipo,auto,moto,ciclom,ciclista,pedestre,onibus,caminhao,viatura,outros,vitimas,vitimasfatais,acidente_verificado,tempo_clima,situacao_semaforo,sinalizacao,condicao_via,conservacao_via,ponto_controle,situacao_placa,velocidade_max_via,mao_direcao,divisao_via1,divisao_via2,divisao_via3
2021-11-20,sábado ,12:26:00,COM VÍTIMA,CASA AMARELA,RUA,RUA CONS NABUCO,RUA,RUA EVARISTO DA VEIGA,EM FRENTE AO EDIFICIO TRINDADE,CASA AMARELA,,CIDADE,COLISÃO FRONTAL,1,1,0,0,0,0,0,0,0,1,0,Esquina,Bom,Não existe,Incompleta,Seca,Perfeito estado,Não existe,Outras,,Dupla,Não existe,,
2021-11-20,sábado ,19:25:00,COM VÍTIMA,JARDIM SAO PAULO,AVENIDA,AVENIDA SAO PAULO,RUA,RUA PROF ZENIA GUERRA,PROX A FARMACIA PRIME,JARDIM SÃO PAULO,,CIDADE,COLISÃO FRONTAL,1,1,0,0,0,0,0,0,0,1,0,Longo da via,Bom,Não existe,Não existente,Seca,Perfeito estado,Não existe,Não hA placas,60 km/h,Dupla,Faixa seccionada,,
2021-11-20,sábado ,22:47:40,COM VÍTIMA,MADALENA,AVENIDA,AVENIDA JOSE GONCALVES DE MEDEIROS,,,E/F AO MC DONALDS,MADALENA,355,CIDADE,COLISÃO FRONTAL,1,1,0,0,0,0,0,0,0,1,0,Longo da via,Bom,Sem defeito,Perfeito estado,Seca,Perfeito estado,,Não hA placas,,Dupla,Canteiro central,,
2021-11-21,domingo ,02:40:00,COM VÍTIMA,GRACAS,RUA,RUA AMELIA,AVENIDA,AVENIDA CONS ROSA E SILVA,,GRAÇAS,46,,COLISÃO TRANSVERSAL,1,1,0,0,0,0,0,0,0,1,0,Cruzamento,Bom,Sem defeito,Perfeito estado,Seca,Perfeito estado,,,,,,,
2021-11-21,domingo ,09:17:00,COM VÍTIMA,JOANA BEZERRA,AVENIDA,AVENIDA MARTIN LUTHER KING,RUA,RUA IBIRAMA,ACADEMIA DA CIDADE,JOANA BEZERRA,,CIDADE,CAPOTAMENTO,1,0,0,0,0,0,0,0,0,1,0,Longo da via,Bom,Não existe,Perfeito estado,Seca,Perfeito estado,Outros,Outras,,Única,Canteiro central,,
2021-11-21,domingo ,10:21:00,COM VÍTIMA,IMBIRIBEIRA,RUA,RUA ITAJAI,,,LADO OPOSTO AO 162,IMBIRIBEIRA,,SUBURBIO,COLISÃO TRANSVERSAL,1,1,0,0,0,0,0,0,0,1,0,Cruzamento,Bom,Não existe,Perfeito estado,Seca,Perfeito estado,Faixa de pedestre,Não hA placas,70 km/h,Única,Faixa seccionada,,
2021-11-21,domingo ,17:28:00,COM VÍTIMA,BOA VIAGEM,RUA,RUA ANTONIO PASSOS,RUA,RUA JOSE MOREIRA LEAL,ESQUINA DO COLEGIO ELO,BOA VIAGEM,,SUBURBIO,COLISÃO FRONTAL,2,0,0,0,0,0,0,0,0,1,0,Cruzamento,Bom,Não existe,Perfeito estado,Seca,Perfeito estado,Não existe,Não hA placas,,Única,Não existe,,
2021-11-22,segunda-feira ,00:06:00,COM VÍTIMA,BOA VIAGEM,AVENIDA,AVENIDA CELSO FURTADO (VIA MANGUE),RUA,RUA TOME GIBSON,CONVENTO SÃO FELIX,BOA VIAGEM,,CIDADE,COLISÃO FRONTAL,0,0,0,1,0,0,0,0,0,2,0,Longo da via,Bom,Não existe,Perfeito estado,Seca,Perfeito estado,Não existe,Não hA placas,60 km/h,Dupla,Canteiro central,,
2021-11-22,segunda-feira ,07:52:00,SEM VÍTIMA,SAO JOSE,CAIS,CAIS SANTA RITA,,,LADO OPOSTO AO 795,SÃO JOSÉ,,,CHOQUE,1,0,0,0,0,0,0,0,0,0,0,Longo da via,Bom,Não existe,Perfeito estado,Seca,Perfeito estado,Não existe,Não hA placas,60 KM/H,Única,Faixa seccionada,,
2021-11-22,segunda-feira ,08:29:00,COM VÍTIMA,ESPINHEIRO,AVENIDA,AVENIDA JOAO DE BARROS,RUA,RUA CONS PORTELA,"APÓS A ESCOLA ETEPAM/ entrada da rua, CARNEIRO VILELA...O SOLICITANTE ESTA EM FRENTE A GALERIA CONSELHEIRO PORTELA",ESPINHEIRO,,SUBURBIO,COLISÃO FRONTAL,1,1,0,0,0,0,0,0,0,1,0,Cruzamento,Bom,Não existe,Perfeito estado,Seca,Perfeito estado,Faixa de pedestre,,,Única,Faixa contínua,Faixa seccionada,
2021-11-22,segunda-feira ,09:05:00,SEM VÍTIMA,CORDEIRO,RUA,RUA OCIDENTAL,,,PROX. A IGREJA BATISTA JARDINS DAS PALMEIRAS,CORDEIRO,,,COLISÃO FRONTAL,2,0,0,0,0,0,0,0,0,0,0,,,,,,,,,,,,,
2021-11-22,segunda-feira ,10:37:00,COM VÍTIMA,FUNDAO,AVENIDA,AVENIDA BEBERIBE,,,EM FRENTE AO PAGODE DA PRESSÃO,FUNDÃO,153,CIDADE,COLISÃO TRASEIRA,1,1,0,0,0,0,0,0,0,1,0,Longo da via,Bom,Sem defeito,Perfeito estado,Seca,Perfeito estado,Faixa de pedestre,,,Dupla,Faixa contínua,,
2021-11-22,segunda-feira ,11:10:00,SEM VÍTIMA,SANTO AMARO,RUA,RUA ITUBERA,,,PRÓX À COMPESA,SANTO AMARO,,,CHOQUE,0,0,0,0,0,0,0,1,0,0,0,,,,,,,,,,,,,
2021-11-22,segunda-feira ,11:43:00,COM VÍTIMA,TAMARINEIRA,RUA,RUA CONEGO BARATA,,,E/F AO HOSPITAL HELENA MOURA,TAMARINEIRA,,CIDADE,COLISÃO FRONTAL,0,1,0,0,0,0,0,0,0,1,0,Longo da via,Bom,Não existe,Não existente,Seca,Perfeito estado,Não existe,Não hA placas,60 km/h,Única,Faixa seccionada,,
2021-11-22,segunda-feira ,11:56:00,COM VÍTIMA,BOA VIAGEM,AVENIDA,AVENIDA ENGENHEIRO DOMINGOS FERREIRA,,,EM FRENTE SUPERMERCADO EXTRA,BOA VIAGEM,,SUBURBIO,COLISÃO FRONTAL,0,2,0,0,0,0,0,0,0,1,0,Longo da via,Bom,Não existe,Perfeito estado,Seca,Perfeito estado,Não existe,Não hA placas,60 km/h,Única,Canteiro central,,
2021-11-22,segunda-feira ,14:26:00,SEM VÍTIMA,SAO JOSE,RUA,RUA FLORIANO PEIXOTO,,,PROX  CASA DA CULTURA ENTRE O PROCON E A HONDA,SÃO JOSÉ,,,COLISÃO TRASEIRA,1,1,0,0,0,0,0,0,0,0,0,Longo da via,Bom,Sem defeito,Perfeito estado,Seca,Perfeito estado,Faixa de pedestre,R-6a,,Única,Faixa seccionada,,
2021-11-22,segunda-feira ,21:18:40,SEM VÍTIMA,TORREAO,RUA,RUA OTHON PARAISO,,,COM A RUA DJALMA FARIAS,TORREÃO,,,COLISÃO LATERAL,0,0,0,0,0,0,0,0,0,0,0,,,,,,,,,,,,,
2021-11-23,terça-feira ,08:02:00,COM VÍTIMA,BOA VIAGEM,RUA,RUA RIBEIRO DE BRITO,RUA,RUA DOS NAVEGANTES,PRÓXIMO EDIFICIO HOLIDAY,BOA VIAGEM,,CIDADE,COLISÃO TRANSVERSAL,1,1,0,0,0,0,0,0,0,1,0,Cruzamento,Bom,Não existe,Perfeito estado,Seca,Perfeito estado,Não existe,"Placas ""Pare""",,Única,Não existe,,
2021-11-23,terça-feira ,08:41:00,COM VÍTIMA,VARZEA,RUA,RUA VALE DO SIRIJI,,,LADO OPOSTO FELIPE JATO,VARZEA,,SUBURBIO,COLISÃO COM CICLISTA,1,0,0,1,0,0,0,0,0,1,0,Cruzamento,Bom,Não existe,Incompleta,Seca,Perfeito estado,Não existe,R-6a,,Dupla,Outros,,
2021-11-23,terça-feira ,08:41:00,COM VÍTIMA,CABANGA,AVENIDA,AVENIDA ENGENHEIRO JOSE ESTELITA,,,EM FRENTE AO CABANGA IATE CLUBE,CABANGA,,CIDADE,COLISÃO COM CICLISTA,0,0,0,1,0,1,0,0,0,1,0,Longo da via,Bom,Não existe,Incompleta,Seca,Perfeito estado,Não existe,Outras,60 km/h,Dupla,Faixa contínua,,
2021-11-23,terça-feira ,10:08:00,COM VÍTIMA,MADALENA,AVENIDA,AVENIDA ENGENHEIRO ABDIAS DE CARVALHO,RUA,RUA JOAO IVO DA SILVA,E/F A HABIB'S,MADALENA,132,CIDADE,CHOQUE,1,0,0,0,0,0,0,0,0,1,0,Cruzamento,Bom,Sem defeito,Perfeito estado,Seca,Perfeito estado,Faixa de pedestre,Outras,60 km/h,Dupla,Canteiro central,,
2021-11-23,terça-feira ,12:40:00,COM VÍTIMA,ALTO JOSE DO PINHO,RUA,RUA HORACIO SILVA,,,PONTO DOS SALGADOS,ALTO JOSÉ DO PINHO,,SUBURBIO,ATROPELAMENTO DE PESSOA,1,0,0,0,1,0,0,0,0,1,0,Longo da via,Bom,Não existe,Perfeito estado,Seca,Perfeito estado,Não existe,R-6a,,Dupla,Não existe,,
2021-11-23,terça-feira ,12:42:00,COM VÍTIMA,CORDEIRO,EST,EST DO FORTE DO ARRAIAL N. DO B. JESUS,,,KROC KROC FRANGO CROCANTE,CORDEIRO,,CIDADE,COLISÃO TRANSVERSAL,1,1,0,0,0,0,0,0,0,1,0,Cruzamento,Bom,Não existe,Perfeito estado,Seca,Perfeito estado,Faixa de retenção,Não hA placas,,Dupla,Faixa contínua,Faixa seccionada,
2021-11-23,terça-feira ,16:34:00,COM VÍTIMA,MADALENA,RUA,RUA BENFICA,,,AO LADO DA PRAÇA DA BANDEIRA,MADALENA,,CIDADE,COLISÃO FRONTAL,1,1,0,0,0,0,0,0,0,1,0,Cruzamento,Bom,Não existe,Incompleta,Seca,Perfeito estado,Não existe,Outras,30 km/h,Única,Blocos,,
2021-11-23,terça-feira ,17:35:00,SEM VÍTIMA,PINA,AVENIDA,AVENIDA CELSO FURTADO (VIA MANGUE),,,APÓS O SHOPPING RIO MAR,PINA,,,COLISÃO TRASEIRA,1,0,0,0,0,0,0,0,0,0,0,,,,,,,,,,,,,
2021-11-23,terça-feira ,18:32:00,COM VÍTIMA,BOA VISTA,PRC,PRC PARQUE AMORIM,AVENIDA,AVENIDA GOVERNADOR AGAMENON MAGALHAES,EM FRENTE AO SUPER BOM PREÇO,BOA VISTA,173,SUBURBIO,COLISÃO FRONTAL,0,2,0,0,0,0,0,0,0,1,0,Esquina,Bom,Sem defeito,Perfeito estado,Seca,Perfeito estado,Faixa de pedestre,Outras,60 km/h,Única,Faixa contínua,Faixa seccionada,
2021-11-23,terça-feira ,19:17:00,COM VÍTIMA,TEJIPIO,AVENIDA,AVENIDA DR JOSE RUFINO,,,PRÓX AO ARMAZÉM CORAL,TEJIPIÓ,,SUBURBIO,COLISÃO TRASEIRA,1,0,0,0,0,1,0,0,0,1,0,Longo da via,Bom,Não existe,Perfeito estado,Seca,Perfeito estado,Outros,Outras,,Dupla,Faixa contínua,,
2021-11-24,quarta-feira ,07:53:00,COM VÍTIMA,PAISSANDU,RUA,RUA GENERAL JOAQUIM INACIO,AVENIDA,AVENIDA GOVERNADOR AGAMENON MAGALHAES,SOB O SEMAFORO 69,PAISSANDU,69,SUBURBIO,COLISÃO TRANSVERSAL,1,1,0,0,0,0,0,0,0,1,0,Cruzamento,Bom,Sem defeito,Perfeito estado,Seca,Perfeito estado,Agente,Outras,40 km/h,Única,Faixa seccionada,,
2021-11-24,quarta-feira ,10:03:00,COM VÍTIMA,SANTO ANTONIO,RUA,RUA SIQUEIRA CAMPOS,AVENIDA,AVENIDA DANTAS BARRETO,SOB O SEMAFORO 141,SANTO ANTÔNIO,141,,COLISÃO TRANSVERSAL,1,1,0,0,0,0,0,0,0,2,0,Cruzamento,Bom,Sem defeito,Perfeito estado,Seca,Perfeito estado,Faixa de pedestre,Não hA placas,40 km/h,Única,Não existe,,
2021-11-24,quarta-feira ,11:58:00,COM VÍTIMA,ILHA DO LEITE,AVENIDA,AVENIDA GOVERNADOR AGAMENON MAGALHAES,,,EM FRENTE AO HOSPITAL PORTUGUES- PISTA PRINCIPAL,ILHA DO LEITE,64,BOA VIAGEM,COLISÃO TRASEIRA,1,1,0,0,0,0,0,0,0,1,0,Longo da via,Bom,Sem defeito,Perfeito estado,Seca,Perfeito estado,Faixa de pedestre,Não hA placas,60 km/h,Dupla,Canal,,
2021-11-24,quarta-feira ,12:20:00,COM VÍTIMA,ARRUDA,RUA,RUA MEM DE SA,,,EM FRENTE À COCA-COLA,ARRUDA,,CIDADE,COLISÃO FRONTAL,1,1,0,0,0,0,0,0,0,1,0,Longo da via,Bom,Não existe,Não existente,Seca,Perfeito estado,Não existe,Não hA placas,,Dupla,Faixa seccionada,,
2021-11-24,quarta-feira ,14:28:00,SEM VÍTIMA,BOA VIAGEM,RUA,RUA SA E SOUZA,,,APOS A IGREJA DOS MORMONS,BOA VIAGEM,,,CHOQUE,3,0,0,0,0,0,0,0,0,0,0,,,,,,,,,,,,,
2021-11-24,quarta-feira ,15:27:00,SEM VÍTIMA,PRADO,RUA,RUA GOMES TABORDA,,,PROXIMO AO CAVALO DOURADO,PRADO,,,COLISÃO TRASEIRA,2,0,0,0,0,0,0,0,0,0,0,Longo da via,Bom,Não existe,Incompleta,Seca,Mal conservada,Não existe,R-6b,,Dupla,Faixa seccionada,,
2021-11-24,quarta-feira ,18:22:00,COM VÍTIMA,MADALENA,AVENIDA,AVENIDA CAXANGA,,,PROX A LOJA DE CREDITOS BMG,MADALENA,,CIDADE,ATROPELAMENTO DE PESSOA,0,1,0,0,1,0,0,0,0,1,0,Longo da via,Bom,Sem defeito,Perfeito estado,Seca,Perfeito estado,Faixa de retenção,,,Única,Faixa contínua,Faixa seccionada,
2021-11-24,quarta-feira ,18:45:00,COM VÍTIMA,BONGI,RUA,RUA DELMIRO GOUVEIA,RUA,RUA QUINZE DE MARCO,E/F A CHESF,BONGI,,CIDADE,COLISÃO TRANSVERSAL,1,1,0,0,0,0,0,0,0,1,0,Cruzamento,Bom,Não existe,Não existente,Seca,Mal conservada,,Não hA placas,40 km/h,Dupla,Não existe,,
2021-11-25,quinta-feira ,08:39:00,COM VÍTIMA,VARZEA,AVENIDA,AVENIDA CAXANGA,,,E/F AO GOLF CLUB,VARZEA,,CIDADE,CHOQUE,0,1,0,0,0,0,0,0,0,1,0,Longo da via,Bom,Não existe,Perfeito estado,Seca,Perfeito estado,Não existe,R-6a,60 km/h,Dupla,Faixa contínua,Faixa seccionada,Canteiro central
2021-11-25,quinta-feira ,09:12:00,COM VÍTIMA,VARZEA,AVENIDA,AVENIDA CAXANGA,,,EM FRENTE AO GOLF CLUBE,VARZEA,,SUBURBIO,COLISÃO COM CICLISTA,0,1,0,1,0,0,0,0,0,1,0,Longo da via,Bom,Não existe,Perfeito estado,Seca,Perfeito estado,Não existe,Outras,60 km/h,Dupla,Faixa contínua,Faixa seccionada,Canteiro central
2021-11-25,quinta-feira ,16:03:00,COM VÍTIMA,PINA,AVENIDA,AVENIDA BRASILIA FORMOSA,,,ESCOLA PENA AZUL,PINA,,SUBURBIO,COLISÃO FRONTAL,1,1,0,0,0,0,0,0,0,1,0,Longo da via,Bom,Não existe,Perfeito estado,Seca,Perfeito estado,Outros,Outras,,Dupla,Faixa seccionada,,
2021-11-25,quinta-feira ,16:33:00,COM VÍTIMA,SANTO AMARO,AVENIDA,AVENIDA VISCONDE DE SUASSUNA,RUA,RUA DO HOSPICIO,AO LADO DA CAIXA ECONOMICA FEDERAL,SANTO AMARO,31,SUBURBIO,COLISÃO FRONTAL,0,1,0,0,0,0,0,0,1,1,0,Cruzamento,Bom,Sem defeito,Perfeito estado,Seca,Perfeito estado,Faixa de pedestre,R-6a,40 km/h,Única,Faixa seccionada,,
2021-11-25,quinta-feira ,16:34:00,COM VÍTIMA,TAMARINEIRA,AVENIDA,AVENIDA NORTE MIGUEL ARRAES DE ALENCAR,,,E/F AO HOTEL NEXOS S/T CID  VT 26 NO LOCAL,TAMARINEIRA,,,CAPOTAMENTO,1,0,0,0,0,0,0,0,0,1,0,Longo da via,Bom,Não existe,Perfeito estado,Seca,Perfeito estado,Não existe,Não hA placas,,Única,Faixa seccionada,,
2021-11-25,quinta-feira ,18:13:00,SEM VÍTIMA,CABANGA,AVENIDA,AVENIDA SATURNINO DE BRITO,,,PRÓX A COMPESA E LOMBADA ELETRONICA DE 60,CABANGA,,,COLISÃO LATERAL,1,0,0,0,0,0,1,0,0,0,0,,,,,,,,,,,,,
2021-11-25,quinta-feira ,19:05:00,COM VÍTIMA,BOA VISTA,AVENIDA,AVENIDA GOVERNADOR AGAMENON MAGALHAES,RUA,RUA HENRIQUE DIAS,SEMAFORO 068 / FARMACIA PAGUE MENOS,BOA VISTA,,,COLISÃO TRASEIRA,1,1,0,0,0,0,0,0,0,1,0,,,,,,,,,,,,,
2021-11-25,quinta-feira ,19:32:00,COM VÍTIMA,AREIAS,AVENIDA,AVENIDA RECIFE,,,EM FRENTE AO NÚMERO 53,AREIAS,,CIDADE,COLISÃO TRASEIRA,2,0,0,0,0,0,0,0,0,1,0,Longo da via,Bom,Não existe,Perfeito estado,Seca,Perfeito estado,,,,Dupla,Faixa seccionada,Canteiro central,
2021-11-25,quinta-feira ,21:10:40,COM VÍTIMA,BOA VISTA,RUA,RUA MIGUEL COUTO,AVENIDA,AVENIDA GOVERNADOR CARLOS DE LIMA CAVALCANTI,AO LADO DO NÚMERO 203,BOA VISTA,,CIDADE,COLISÃO FRONTAL,0,0,0,0,0,0,0,0,0,1,0,Esquina,Bom,Não existe,Incompleta,Seca,Perfeito estado,Não existe,R-6a,,Dupla,Não existe,,
2021-11-26,sexta-feira ,00:35:00,COM VÍTIMA,TORRE,RUA,RUA JOSE BONIFACIO,,,PRÓXIMO AO POSTO SHELL E CARREFOUR,TORRE,,,COLISÃO TRANSVERSAL,2,0,0,0,0,0,0,0,0,1,0,,,,,,,,,,,,,
2021-11-26,sexta-feira ,06:14:00,SEM VÍTIMA,IMBIRIBEIRA,RUA,RUA DR TAVARES CORREIA,,,EM FRENTE A ZS AUTOS FILIAL,IMBIRIBEIRA,,SUBURBIO,CHOQUE,1,0,0,0,0,0,0,0,0,0,0,Longo da via,Bom,Não existe,Perfeito estado,Seca,Perfeito estado,Não existe,Não hA placas,,Dupla,Não existe,,
2021-11-26,sexta-feira ,07:05:00,COM VÍTIMA,MADALENA,AVENIDA,AVENIDA VISCONDE DE ALBUQUERQUE,,,EM FRENTE A GALERIA MADALENA CENTER,MADALENA,,ÚNICO,COLISÃO TRANSVERSAL,1,1,0,0,0,0,0,0,0,2,0,Longo da via,Bom,Não existe,Perfeito estado,Seca,Perfeito estado,Não existe,R-24a,,Única,Faixa contínua,Faixa seccionada,
2021-11-26,sexta-feira ,07:41:00,COM VÍTIMA,APIPUCOS,AVENIDA,AVENIDA DEZESSETE DE AGOSTO,,,EM FRENTE AO PARQUE DE APIPUCOS,APIPUCOS,,CIDADE,COLISÃO TRASEIRA,1,1,0,0,0,0,0,0,0,1,0,Longo da via,Bom,Sem defeito,Perfeito estado,Seca,Perfeito estado,Não existe,R-6a,,Dupla,Faixa contínua,Faixa seccionada,
2021-11-26,sexta-feira ,08:05:00,COM VÍTIMA,CASA AMARELA,AVENIDA,AVENIDA NORTE MIGUEL ARRAES DE ALENCAR,RUA,RUA SOARES MORENO,LADO OPOSTO AO MOTEL NEXUS,CASA AMARELA,,CIDADE,COLISÃO TRASEIRA,1,1,0,0,0,0,0,0,0,1,0,Longo da via,Bom,Não existe,Perfeito estado,Seca,Perfeito estado,Não existe,Outras,,Única,Faixa seccionada,Canteiro central,
2021-11-26,sexta-feira ,09:53:00,COM VÍTIMA,PORTO DA MADEIRA,RUA,RUA DALVA DE OLIVEIRA,,,EM FRENTE AO SEST Q SENAT,PORTO DA MADEIRA,,SUBURBIO,COLISÃO TRANSVERSAL,0,0,0,0,0,0,0,0,0,1,0,Longo da via,Bom,Não existe,Perfeito estado,Seca,Perfeito estado,Não existe,Não hA placas,30 km/h,Dupla,Faixa contínua,,
2021-11-26,sexta-feira ,16:20:00,SEM VÍTIMA,IPUTINGA,RUA,RUA PROFESSOR JULIO OLIVEIRA,,,PARAQUIMICA IND. COM. E DISTRIBUIDORA,IPUTINGA,,CIDADE,,1,0,0,0,0,0,0,0,0,0,0,Longo da via,Bom,Não existe,Perfeito estado,Seca,Perfeito estado,Não existe,"Placas ""Pare""",,Única,Faixa contínua,Faixa seccionada,
2021-11-26,sexta-feira ,20:03:00,COM VÍTIMA,SAN MARTIN,AVENIDA,AVENIDA GENERAL SAN MARTIN,RUA,RUA FLORA RICA,PRÓXIMO A ESCOLA ADVENTISTA,SAN MARTIN,,CIDADE,COLISÃO TRANSVERSAL,1,1,0,0,0,0,0,0,0,1,0,Cruzamento,Bom,Não existe,Perfeito estado,Seca,Perfeito estado,Não existe,Outras,,Dupla,Faixa contínua,,
2021-11-26,sexta-feira ,21:39:40,COM VÍTIMA,CORDEIRO,EST,EST DO FORTE DO ARRAIAL N. DO B. JESUS,,,E/F A PRAÇA DO QUINZE,CORDEIRO,,,COLISÃO FRONTAL,2,0,0,0,0,0,0,0,0,1,0,Longo da via,Bom,Não existe,Perfeito estado,Seca,Perfeito estado,,Não hA placas,,Dupla,Faixa contínua,,
2021-11-27,sábado ,01:05:00,COM VÍTIMA,ESPINHEIRO,RUA,RUA DO ESPINHEIRO,RUA,RUA SANTO ELIAS,CRUZAMENTO,ESPINHEIRO,,SUBURBIO,COLISÃO TRANSVERSAL,0,2,0,0,0,0,0,0,0,1,0,Cruzamento,Bom,Não existe,,Seca,Perfeito estado,Faixa de pedestre,"Placas ""Pare""",,Dupla,Não existe,,
2021-11-27,sábado ,06:24:00,COM VÍTIMA,ENCRUZILHADA,AVENIDA,AVENIDA BEBERIBE,,,SOB O SEMAFORO 186,ENCRUZILHADA,186,CIDADE,ATROPELAMENTO DE PESSOA,1,0,0,0,1,0,0,0,0,1,0,Longo da via,Bom,Sem defeito,Perfeito estado,Seca,Perfeito estado,Faixa de pedestre,Não hA placas,,Dupla,Canteiro central,,
2021-11-27,sábado ,06:29:00,COM VÍTIMA,IMBIRIBEIRA,AVENIDA,AVENIDA PROJETADA,RUA,RUA FRAGATAS,LADO OPOSTO AO AEROPORTO / SENTIDO AFOGADOS // VIA LOCAL,IMBIRIBEIRA,,CIDADE,CHOQUE,1,0,0,0,0,0,1,0,0,1,0,Longo da via,Bom,Não existe,Não existente,Seca,Perfeito estado,Não existe,Não hA placas,,Única,Faixa seccionada,,
2021-11-27,sábado ,12:15:00,COM VÍTIMA,TORROES,AVENIDA,AVENIDA GOVERNADOR AGAMENON MAGALHAES,RUA,RUA PADRE MIGUELINHO,EDIFICIO TERESA DIAS,TORRÕES,,SUBURBIO,COLISÃO TRANSVERSAL,1,1,0,0,0,0,0,0,0,1,0,Longo da via,Bom,Não existe,Perfeito estado,Seca,Perfeito estado,Não existe,"Placas ""Pare""",,Única,Faixa seccionada,,
2021-11-27,sábado ,13:28:00,SEM VÍTIMA,SAO JOSE,CAIS,CAIS SANTA RITA,,,PRÓX AO ARMAZÉM CORAL,SÃO JOSÉ,,,COLISÃO FRONTAL,1,0,0,0,0,0,0,1,0,0,0,,,,,,,,,,,,,
2021-11-27,sábado ,17:15:00,COM VÍTIMA,PINA,AVENIDA,AVENIDA BOA VIAGEM,,,,PINA,104,,COLISÃO TRANSVERSAL,1,1,0,0,0,0,0,0,0,1,0,,,,,,,,,,,,,
2021-11-28,domingo ,11:30:00,COM VÍTIMA,SANTO AMARO,RUA,RUA DOS PALMARES,,,PRÓXIMO AO COMANDO DA GUARDA DO RECIFE,SANTO AMARO,,CIDADE,ATROPELAMENTO DE PESSOA,1,0,0,0,1,0,0,0,0,1,0,Longo da via,Bom,Não existe,Perfeito estado,Seca,Perfeito estado,Não existe,Não hA placas,,Dupla,Canteiro central,,
2021-11-28,domingo ,13:10:00,COM VÍTIMA,AREIAS,AVENIDA,AVENIDA RECIFE,,,APOS O ATACADÃO S/T AEROPORTO,AREIAS,,,COLISÃO FRONTAL,2,0,0,0,0,0,0,0,0,1,0,,,,,,,,,,,,,
2021-11-28,domingo ,13:35:00,COM VÍTIMA,CAXANGA,AVENIDA,AVENIDA JOAQUIM RIBEIRO,,,APÓS A UPA DA CAXANGA,CAXANGA,,,COLISÃO TRASEIRA,1,1,0,0,0,0,0,0,0,2,0,,,,,,,,,,,,,
2021-11-28,domingo ,18:31:00,COM VÍTIMA,MACAXEIRA,RUA,RUA MARIA AMALIA,,,PRÓX AO CAMPO DA UNIÃO,MACAXEIRA,,,COLISÃO FRONTAL,0,0,0,0,0,0,0,0,0,1,0,,,,,,,,,,,,,
2021-11-28,domingo ,19:14:00,COM VÍTIMA,VARZEA,AVENIDA,AVENIDA AFONSO OLINDENSE,,,E/F A ASSEMBLEIA DE DEUS,VARZEA,,SUBURBIO,COLISÃO TRANSVERSAL,1,1,0,0,0,0,0,0,0,1,0,Longo da via,Bom,Não existe,,Seca,Perfeito estado,Não existe,Outras,,Dupla,Faixa contínua,,
2021-11-28,domingo ,20:27:00,COM VÍTIMA,IBURA,AVENIDA,AVENIDA DOIS RIOS,,,DESCIDA LADEIRA DA COHAB,IBURA,,CIDADE,COLISÃO TRANSVERSAL,1,1,0,0,0,0,0,0,0,2,0,Longo da via,Bom,Não existe,Perfeito estado,Seca,Perfeito estado,Não existe,Outras,,Dupla,Não existe,,
2021-11-28,domingo ,21:31:40,SEM VÍTIMA,CAXANGA,RUA,RUA DOUTOR DUSTAN DE CARVALHO SOARES,,,PRÓX AO HOTEL TURQUESA,CAXANGA,,,ENGAVETAMENTO,0,0,0,0,0,0,0,0,0,0,0,,,,,,,,,,,,,
2021-11-28,domingo ,22:11:40,SEM VÍTIMA,ARRUDA,RUA,RUA DA REGENERACAO,RUA,RUA DO MACHADO,PRÓX AO CLUBE DOS IRRESPONSAVEIS,ARRUDA,,,ENGAVETAMENTO,3,0,0,0,0,0,0,0,0,0,0,,,,,,,,,,,,,
2021-11-29,segunda-feira ,00:04:00,SEM VÍTIMA,IPUTINGA,RUA,RUA EMILIANO BRAGA,,,AO LADO DA INTEGRAÇÃO CDU,IPUTINGA,,,COLISÃO LATERAL,3,0,0,0,0,0,0,0,0,0,0,,,,,,,,,,,,,
2021-11-29,segunda-feira ,10:12:00,COM VÍTIMA,ESPINHEIRO,RUA,RUA QUARENTA E OITO,RUA,RUA DA HORA,E/F AO LABORATÓRIO CERPE,ESPINHEIRO,21,CIDADE,COLISÃO FRONTAL,1,1,0,0,0,0,0,0,0,2,0,Cruzamento,Bom,Sem defeito,Perfeito estado,Seca,Perfeito estado,Faixa de pedestre,Outras,,Única,Faixa seccionada,,
2021-11-29,segunda-feira ,10:17:00,COM VÍTIMA,CABANGA,AVENIDA,AVENIDA ANTONIO DE GOES,,,AO LADO DO CABANGA IAT CLUBE,CABANGA,,CIDADE,QUEDA,0,1,0,0,0,0,0,0,0,1,0,Longo da via,Bom,Não existe,Não existente,Seca,Perfeito estado,Não existe,Não hA placas,60 km/h,,,Outros,