data,dia_semana,hora,natureza,bairro,logradouro_endereco,endereco,logradouro_detalhe_endereco,detalhe_endereco_acidente,complemento,bairro_cruzamento,num_semaforo,sentido_via,tipo,auto,moto,ciclom,ciclista,pedestre,onibus,caminhao,viatura,outros,vitimas,vitimasfatais,acidente_verificado,tempo_clima,situacao_semaforo,sinalizacao,condicao_via,conservacao_via,ponto_controle,situacao_placa,velocidade_max_via,mao_direcao,divisao_via1,divisao_via2,divisao_via3
2021-11-29,segunda-feira ,12:35:00,COM VÍTIMA,CABANGA,PRC,PRC GOVERNADOR PAULO GUERRA,,,AO LADO DO CABANGA IAT CLUBE,CABANGA,,CIDADE,CHOQUE,0,1,0,0,0,0,0,0,0,1,0,Longo da via,Bom,Não existe,Perfeito estado,Seca,Perfeito estado,Não existe,Outras,60 km/h,Dupla,Faixa contínua,,
2021-11-29,segunda-feira ,13:12:00,COM VÍTIMA,BARRO,AVENIDA,AVENIDA DR JOSE RUFINO,,,LADO OPOSTO A GILBERTO EQUIPADORA,BARRO,,,COLISÃO TRASEIRA,1,1,0,0,0,1,0,0,0,1,0,Longo da via,Bom,Não existe,Perfeito estado,Seca,Perfeito estado,Não existe,Não hA placas,,Dupla,Faixa contínua,,
2021-11-29,segunda-feira ,15:01:00,COM VÍTIMA,AFLITOS,AVENIDA,AVENIDA SANTOS DUMONT,RUA,RUA CARNEIRO VILELA,EM FRENTE AO EDIFICIO MONTE NEGRO,AFLITOS,,SUBURBIO,CHOQUE,1,0,0,0,0,0,0,0,0,1,0,Longo da via,Bom,Não existe,Perfeito estado,Seca,Perfeito estado,Não existe,R-6a,,Única,Não existe,,
2021-11-29,segunda-feira ,18:20:00,COM VÍTIMA,AGUA FRIA,AVENIDA,AVENIDA BEBERIBE,RUA,RUA RAMIZ GALVAO,CRUZAMENTO DO EMAFORO N° 492,AGUA FRIA,492,SUBURBIO,COLISÃO FRONTAL,1,1,0,0,0,0,0,0,0,1,0,Cruzamento,Bom,Sem defeito,Perfeito estado,Seca,Perfeito estado,Faixa de pedestre,Não hA placas,60 km/h,Dupla,Faixa contínua,,
2021-11-29,segunda-feira ,18:45:00,COM VÍTIMA,IMBIRIBEIRA,RUA,RUA JAMAICA,,,PROX A BS BLINDAGEM,IMBIRIBEIRA,,,COLISÃO LATERAL,2,1,0,0,0,0,0,0,0,1,0,,,,,,,,,,,,,
2021-11-29,segunda-feira ,20:26:00,COM VÍTIMA,TAMARINEIRA,RUA,RUA PADRE ROMA,,,EM FRENTE A POLICLINICA ALBERT SABIN,TAMARINEIRA,,SUBURBIO,COLISÃO TRANSVERSAL,0,2,0,0,0,0,0,0,0,1,0,Longo da via,Bom,Não existe,Perfeito estado,Seca,Perfeito estado,Não existe,Outras,,Dupla,Faixa seccionada,,
2021-11-30,terça-feira ,06:52:00,OUTROS,GRACAS,AVENIDA,AVENIDA DR MALAQUIAS,,,,GRAÇAS,,,OUTROS,0,0,0,0,0,0,1,0,0,0,0,,,,,,,,,,,,,
2021-11-30,terça-feira ,10:02:00,COM VÍTIMA,BOA VISTA,RUA,RUA JOAO FERNANDES VIEIRA,RUA,RUA JOAO FERNANDES VIEIRA,EM FRENTE AO AMERICANO BATISTA,BOA VISTA,37,CIDADE,COLISÃO FRONTAL,0,2,0,0,0,0,0,0,0,2,0,Longo da via,Bom,Sem defeito,Perfeito estado,Seca,Perfeito estado,Faixa de pedestre,Não hA placas,40 km/h,Única,Faixa seccionada,,
2021-11-30,terça-feira ,13:20:00,COM VÍTIMA,BOA VISTA,AVENIDA,AVENIDA GOVERNADOR AGAMENON MAGALHAES,,,EM FRENTE AO CÍRCULO MILITAR,BOA VISTA,,CIDADE,COLISÃO TRANSVERSAL,1,1,0,0,0,0,0,0,0,1,0,Longo da via,Bom,Não existe,Perfeito estado,Seca,Perfeito estado,Não existe,Não hA placas,60 km/h,Única,Canteiro central,,
2021-11-30,terça-feira ,14:15:00,COM VÍTIMA,IPUTINGA,RUA,RUA DR JOSE ANASTACIO DA SILVA GUIMARAES,,,EM FRENTE AO N° 330,IPUTINGA,,CIDADE,COLISÃO FRONTAL,1,1,0,0,0,0,0,0,0,1,0,Longo da via,Bom,Não existe,Não existente,Seca,Perfeito estado,Não existe,Não hA placas,,Dupla,Não existe,,
2021-11-30,terça-feira ,15:49:00,COM VÍTIMA,CAMPO GRANDE,EST,EST DE BELEM,RUA,RUA TENENTE GUIMARAES,MERCADINHO TRÊS CORAÇÕES,CAMPO GRANDE,,CIDADE,COLISÃO FRONTAL,1,1,0,0,0,0,0,0,0,1,0,Longo da via,Bom,Não existe,Perfeito estado,Seca,Perfeito estado,Não existe,R-6a,,Dupla,Faixa contínua,,
2021-11-30,terça-feira ,15:57:00,COM VÍTIMA,CASA AMARELA,AVENIDA,AVENIDA NORTE MIGUEL ARRAES DE ALENCAR,,,LADO OPOSTO A AGÊNCIA DE EMPREGO DO RECIFE,CASA AMARELA,,CIDADE,ATROPELAMENTO DE PESSOA,0,1,0,0,1,0,0,0,0,1,0,Longo da via,Bom,Não existe,Perfeito estado,Seca,Perfeito estado,Não existe,R-6a,,Dupla,Canteiro central,,
2021-11-30,terça-feira ,16:04:00,SEM VÍTIMA,MADALENA,TUNEL,TUNEL CHICO SCIENCE,,,SOB O TUNEL CHICO SCIENCE,MADALENA,,,COLISÃO TRASEIRA,2,0,0,0,0,0,0,0,0,0,0,Longo da via,Bom,Não existe,Não existente,Seca,Perfeito estado,Não existe,Não hA placas,,Única,Faixa contínua,,
2021-11-30,terça-feira ,18:05:00,SEM VÍTIMA,ESTANCIA,AVENIDA,AVENIDA RECIFE,AVENIDA,AVENIDA JOAO CABRAL DE MELO NETO,SEMAFORO 259 / PRÓX A CERPE,ESTÂNCIA,,,CHOQUE,0,0,0,0,0,0,0,0,0,0,0,,,,,,,,,,,,,
2021-11-30,terça-feira ,19:06:00,COM VÍTIMA,VARZEA,AVENIDA,AVENIDA PROFESSOR ARTUR DE SA,,,E/F A GALERIA PRAZERES CENTER,VARZEA,,SUBURBIO,COLISÃO TRANSVERSAL,0,0,0,0,0,0,0,0,0,2,0,Longo da via,Bom,Não existe,Perfeito estado,Seca,Perfeito estado,Faixa de pedestre,Não hA placas,,Dupla,,,
2021-12-01,quarta-feira ,06:31:00,COM VÍTIMA,DOIS IRMAOS,RUA,RUA MANUEL DE MEDEIROS,,,EM FRENTE A RESIDÊNCIA ESTUDANTIL,DOIS IRMÃOS,,SUBURBIO,COLISÃO FRONTAL,0,2,0,0,0,0,0,0,0,2,0,Longo da via,Bom,Não existe,Perfeito estado,Seca,Perfeito estado,Outros,Outras,,Dupla,Faixa seccionada,,
2021-12-01,quarta-feira ,07:55:00,COM VÍTIMA,ZUMBI,RUA,RUA CONS THEODORO,,,EM FRENTE A IGREJA ASSEMBLEIA DE DEUS,ZUMBI,,CAXANGA,COLISÃO FRONTAL,2,0,0,0,0,0,0,0,0,1,0,Longo da via,Bom,Não existe,Perfeito estado,Seca,Perfeito estado,Não existe,Não hA placas,,Dupla,Faixa seccionada,,
2021-12-01,quarta-feira ,08:50:00,COM VÍTIMA,BEBERIBE,AVENIDA,AVENIDA BEBERIBE,RUA,RUA CORTES,EM FRENTE AO COLEGIO 90 GRAUS,BEBERIBE,559,SUBURBIO,COLISÃO TRANSVERSAL,1,1,0,0,0,0,0,0,0,1,0,Esquina,Bom,Sem defeito,Perfeito estado,Seca,Mal conservada,Faixa de retenção,Outras,,Dupla,Faixa contínua,Faixa seccionada,
2021-12-01,quarta-feira ,09:16:00,COM VÍTIMA,AFOGADOS,RUA,RUA COSME VIANA,RUA,RUA PADRE TEOFILO TWORZ,EM FRENTE A LOJA DA TUPAN,AFOGADOS,503,SUBURBIO,COLISÃO TRANSVERSAL,1,1,0,0,0,0,0,0,0,1,0,Cruzamento,Bom,Sem defeito,Incompleta,Seca,Perfeito estado,Faixa de pedestre,R-32,,Única,Faixa contínua,,
2021-11-04,quinta-feira ,10:00:00,COM VÍTIMA,MADALENA,RUA,RUA BENFICA,,,EM FRENTE AO SUPERMERCADO EXTRA,MADALENA,,CIDADE,COLISÃO LATERAL,0,2,0,0,0,0,0,0,0,2,0,Longo da via,Bom,Sem defeito,Perfeito estado,Seca,Perfeito estado,,Não hA placas,60 km/h,Única,Faixa seccionada,,
2021-12-01,quarta-feira ,18:19:00,COM VÍTIMA,CASA AMARELA,EST,EST DO ARRAIAL,RUA,RUA DA HARMONIA,EM FRENTE AO PRÉDIO DA PREVIDÊNCIA SOCIAL,CASA AMARELA,74,,ATROPELAMENTO DE PESSOA,0,1,0,0,1,0,0,0,0,2,0,Cruzamento,Bom,Sem defeito,Perfeito estado,Seca,Perfeito estado,Faixa de pedestre,Não hA placas,60 km/h,Dupla,Faixa contínua,,
2021-12-01,quarta-feira ,22:43:40,SEM VÍTIMA,PRADO,RUA,RUA CARLOS GOMES,,,SOBRE A PONTE ( CANAL),PRADO,,CIDADE,COLISÃO TRANSVERSAL,1,1,0,0,0,0,0,0,0,0,0,Cruzamento,Bom,Não existe,Perfeito estado,Molhada,Perfeito estado,Não existe,Outras,,Única,Faixa seccionada,,
2021-12-01,quarta-feira ,23:14:40,COM VÍTIMA,PARNAMIRIM,RUA,RUA JOAO TUDE DE MELO,RUA,RUA ABELARDO CARNEIRO LEAO,PROX AO GUAIAMUM GIGANTE,PARNAMIRIM,,SUBURBIO,CHOQUE,0,0,0,0,0,0,0,1,0,2,0,Viaduto,Bom,Não existe,Perfeito estado,Seca,Perfeito estado,Não existe,Não hA placas,60 km/h,Única,Faixa seccionada,,
2021-12-02,quinta-feira ,14:40:00,SEM VÍTIMA,AFOGADOS,RUA,RUA IMPERIAL,RUA,RUA DA PAZ,PONTE SOBRE BRAÇO DO RIO CAPIBARIBE,AFOGADOS,,SUBURBIO,,1,1,0,0,0,0,0,1,0,0,0,Longo da via,Bom,Não existe,Perfeito estado,Seca,Perfeito estado,Não existe,Não hA placas,40 km/h,Única,Não existe,,
2021-12-02,quinta-feira ,16:18:00,COM VÍTIMA,IMBIRIBEIRA,RUA,RUA ITAJAI,RUA,RUA ITACARI,,IMBIRIBEIRA,,SUBURBIO,COLISÃO FRONTAL,1,1,0,0,0,0,0,0,0,1,0,Longo da via,Bom,Não existe,Perfeito estado,Seca,Perfeito estado,Não existe,Não hA placas,60 km/h,Dupla,Faixa contínua,,
2021-12-02,quinta-feira ,16:27:00,COM VÍTIMA,ESPINHEIRO,RUA,RUA CONS PORTELA,RUA,RUA CARNEIRO VILELA,LADO OPOSTO AO ESTACIONAMENTO DO BANCO ITAU,ESPINHEIRO,,SUBURBIO,COLISÃO FRONTAL,1,1,0,0,0,0,0,0,0,1,0,Longo da via,Bom,Não existe,Perfeito estado,Seca,Perfeito estado,Não existe,Não hA placas,60 km/h,Única,Faixa seccionada,,
2021-12-02,quinta-feira ,19:20:00,COM VÍTIMA,SANTO AMARO,RUA,RUA DOS PALMARES,RUA,RUA MAJOR CODECEIRA,E/F AO POSTO DE SAÚDE JULIÃO - PRÓXIMO AO PROCAP,SANTO AMARO,,SUBURBIO,COLISÃO LATERAL,1,1,0,0,0,0,0,0,0,2,0,Cruzamento,Bom,Não existe,Perfeito estado,Seca,Perfeito estado,Não existe,Outras,,Única,,,
2021-12-02,quinta-feira ,20:37:40,SEM VÍTIMA,IPSEP,AVENIDA,AVENIDA RECIFE,RUA,RUA PINTOR ANTONIO ALBUQUERQUE,POSTO SHELL,IPSEP,55,SUBURBIO,,1,2,0,0,0,0,0,0,0,0,0,Cruzamento,Bom,Sem defeito,Perfeito estado,Seca,Perfeito estado,Faixa de pedestre,Outras,,Dupla,Canteiro central,,
2021-12-03,sexta-feira ,10:27:00,SEM VÍTIMA,BOA VIAGEM,RUA,RUA WALDEMAR NERY CARNEIRO MONTEIRO,RUA,RUA SIDERAL,EM FRENTE AO CAPS,BOA VIAGEM,,,,2,0,0,0,0,0,0,0,0,0,0,,,,,,,,,,,,,
2021-12-03,sexta-feira ,10:36:00,COM VÍTIMA,CASA AMARELA,RUA,RUA PADRE LEMOS,,,EM FRENTE A CASA PIO AO LADO DO SUPERMERCADO CANELA,CASA AMARELA,,SUBURBIO,COLISÃO LATERAL,0,1,0,0,0,1,0,0,0,2,0,Longo da via,Bom,Não existe,Perfeito estado,Seca,Mal conservada,Não existe,Outras,30 km/h,Dupla,Não existe,,
2021-12-03,sexta-feira ,12:36:00,COM VÍTIMA,CASA AMARELA,RUA,RUA DA HARMONIA,RUA,RUA MAJOR NEREU GUERRA,PRÓX À ESCOLA PADRE MACHADO,CASA AMARELA,598,CIDADE,COLISÃO LATERAL,1,1,0,0,0,0,0,0,0,1,0,Cruzamento,Bom,Sem defeito,Perfeito estado,Seca,Perfeito estado,Faixa de retenção,Não hA placas,40 km/h,Dupla,Faixa seccionada,,
2021-12-03,sexta-feira ,13:06:00,COM VÍTIMA,DERBY,RUA,RUA JENER DE SOUZA,PRC,PRC DO DERBY,PRÓX À PRAÇA JENER DE SOUZA,DERBY,,SUBURBIO,COLISÃO LATERAL,2,0,0,0,0,0,0,0,0,1,0,Esquina,Bom,Não existe,Perfeito estado,Seca,Perfeito estado,Outros,Outras,,Dupla,Canteiro central,,
2021-12-03,sexta-feira ,14:10:00,SEM VÍTIMA,PINA,AVENIDA,AVENIDA HERCULANO BANDEIRA,,,EM FRENTE A FARMACIA DIARIAMENTE,PINA,,SUBURBIO,,1,0,0,0,0,1,0,0,0,0,0,Longo da via,Bom,Não existe,Perfeito estado,Seca,Perfeito estado,Não existe,Outras,,Única,Não existe,,
2021-12-03,sexta-feira ,16:04:00,COM VÍTIMA,BOA VISTA,AVENIDA,AVENIDA GOVERNADOR AGAMENON MAGALHAES,RUA,RUA DR LEOPOLDO LINS,PROX A CAIXA ECONOMICA NO SEMAFORO 078  S/T OLINDA,BOA VISTA,78,OLINDA,COLISÃO TRASEIRA,1,1,0,0,0,1,0,0,0,1,0,Longo da via,Bom,Sem defeito,Perfeito estado,Seca,Perfeito estado,Faixa de pedestre,Outras,,Dupla,Faixa contínua,,
2021-12-03,sexta-feira ,17:09:00,COM VÍTIMA,TORRE,AVENIDA,AVENIDA BEIRA RIO,,,PROX AO RESTAURANTE MEIO DO MUNDO,TORRE,,SUBURBIO,COLISÃO TRASEIRA,1,1,0,0,0,0,0,1,0,2,0,Longo da via,Bom,Sem defeito,Perfeito estado,Seca,Perfeito estado,Faixa de pedestre,R-6a,,Dupla,Faixa seccionada,,
2021-12-03,sexta-feira ,17:28:00,COM VÍTIMA,BOA VIAGEM,AVENIDA,AVENIDA BOA VIAGEM,,,APOS A PADARIA BOA VIAGEM  EDF. ALVARO COSTA,BOA VIAGEM,,CIDADE,COLISÃO LATERAL,1,1,0,0,0,0,0,0,0,1,0,Longo da via,Bom,Sem defeito,Perfeito estado,Seca,Perfeito estado,Não existe,Não hA placas,60 km/h,Única,Faixa seccionada,,
2021-12-03,sexta-feira ,20:09:00,SEM VÍTIMA,CASA AMARELA,AVENIDA,AVENIDA NORTE MIGUEL ARRAES DE ALENCAR,,,LADO OPOSTO A POLICLÍNICA E MATERNIDADE PROFESSOR BARROS LIMA,CASA AMARELA,256,SUBURBIO,COLISÃO TRASEIRA,2,0,0,0,0,0,0,0,0,0,0,Longo da via,Bom,Sem defeito,Perfeito estado,Seca,Perfeito estado,Faixa de pedestre,Não hA placas,,Dupla,Canteiro central,,
2021-12-04,sábado ,00:30:00,SEM VÍTIMA,CASA AMARELA,EST,EST DO ENCANAMENTO,,,,CASA AMARELA,,CIDADE,CHOQUE,1,0,0,0,0,0,0,0,0,0,0,Longo da via,Chuvoso,Sem defeito,Perfeito estado,Molhada,Perfeito estado,Faixa de pedestre,"Placas ""Pare""",,Única,Faixa seccionada,,
2021-12-04,sábado ,01:03:00,COM VÍTIMA,ARRUDA,RUA,RUA DA REGENERACAO,AVENIDA,AVENIDA PROFESSOR JOSE DOS ANJOS,,ARRUDA,,CIDADE,COLISÃO COM CICLISTA,1,0,0,1,0,0,0,0,0,1,0,Longo da via,Bom,Não existe,Não existente,Seca,Perfeito estado,Não existe,Não hA placas,,Dupla,Não existe,,
2021-12-04,sábado ,04:27:00,COM VÍTIMA,CORDEIRO,AVENIDA,AVENIDA CAXANGA,,,EM FRENTE AO PARQUE DE EXPOSIÇÕES DO CORDEIRO,CORDEIRO,,,CHOQUE,1,0,0,0,0,0,0,0,0,2,0,Longo da via,Bom,Não existe,Perfeito estado,Molhada,Perfeito estado,Não existe,"Placas ""Dê a preferência""",60 km/h,Dupla,Canteiro central,,
2021-12-04,sábado ,08:39:00,COM VÍTIMA,MANGABEIRA,AVENIDA,AVENIDA NORTE MIGUEL ARRAES DE ALENCAR,,,AÓS A ENTRADA DA MANGABEIRA,MANGABEIRA,,,COLISÃO LATERAL,1,1,0,0,0,0,0,0,0,1,0,,,,,,,,,,,,,
2021-12-04,sábado ,09:20:00,VÍTIMA FATAL,DOIS IRMAOS,RUA,RUA MANUEL DE MEDEIROS,,,EM FRENTE AO BAR DA CURVA,DOIS IRMÃOS,,SUBURBIO,COLISÃO TRANSVERSAL,0,1,0,0,0,0,1,0,0,0,1,Longo da via,Bom,Não existe,Perfeito estado,Seca,Mal conservada,Não existe,R-6a,30 km/h,Dupla,Faixa contínua,,
2021-12-04,sábado ,15:14:00,COM VÍTIMA,TAMARINEIRA,RUA,RUA CONEGO BARATA,,,APOS A FERREIRA COSTA  E/F A FARMACIA VT 12 NO LOCAL,TAMARINEIRA,,,COLISÃO FRONTAL,1,1,0,0,0,0,0,0,0,1,0,,,,,,,,,,,,,
2021-12-04,sábado ,15:14:00,COM VÍTIMA,BONGI,AVENIDA,AVENIDA CONSUL VILARES FRAGOSO,,,PROX A CHESF DEPOIS DA CAVALARIA,BONGI,,SUBURBIO,COLISÃO TRASEIRA,0,2,0,0,0,0,0,0,0,2,0,Longo da via,Bom,Não existe,Ilegível,Seca,Mal conservada,Não existe,"Placas ""Dê a preferência""",,Dupla,Faixa contínua,,
2021-12-04,sábado ,20:41:40,SEM VÍTIMA,ESTANCIA,RUA,RUA DES CAPISTRANO DE MORAES E SILVA,,,,ESTÂNCIA,,,CHOQUE,0,0,0,0,0,0,0,0,0,0,0,,,,,,,,,,,,,
2021-12-04,sábado ,21:22:40,SEM VÍTIMA,BOA VIAGEM,RUA,RUA DOS NAVEGANTES,,,E/F AO EDF TENERIFE,BOA VIAGEM,,,COLISÃO TRASEIRA,0,0,0,0,0,0,0,0,0,0,0,,,,,,,,,,,,,
2021-12-04,sábado ,22:28:40,SEM VÍTIMA,CAMPO GRANDE,EST,EST DE BELEM,,,SEMAFORO 504,CAMPO GRANDE,504,SUBURBIO,COLISÃO TRASEIRA,2,0,0,0,0,0,0,0,0,0,0,Longo da via,Chuvoso,Sem defeito,Perfeito estado,Molhada,Perfeito estado,Não existe,Outras,,Dupla,Faixa contínua,,
2021-12-04,sábado ,23:13:40,COM VÍTIMA,BOA VIAGEM,AVENIDA,AVENIDA ENGENHEIRO DOMINGOS FERREIRA,,,RUA PROFº EDUARDO WNDWERLEY FILHO,BOA VIAGEM,,SUBURBIO,COLISÃO TRASEIRA,1,1,0,0,0,0,0,0,0,1,0,Longo da via,Chuvoso,Sem defeito,Perfeito estado,Molhada,Perfeito estado,Faixa de pedestre,"Placas ""Pare""",,Única,Faixa contínua,,
2021-12-05,domingo ,07:58:00,COM VÍTIMA,BOA VIAGEM,RUA,RUA CORONEL ANIZIO RODRIGUES COELHO,RUA,RUA RIBEIRO DE BRITO,PRÓX. AO COLÉGIO VILA APRENDIZ,BOA VIAGEM,697,CIDADE,COLISÃO TRANSVERSAL,1,1,0,0,0,0,0,0,0,2,0,Cruzamento,Bom,Sem defeito,Perfeito estado,Seca,Perfeito estado,Faixa de pedestre,R-6a,,Única,,,
2021-12-05,domingo ,08:27:00,COM VÍTIMA,DOIS IRMAOS,RUA,RUA MANUEL DE MEDEIROS,,,ESCOLA ESTADUAL LIONS DE PARNAMIRIM,DOIS IRMÃOS,,,COLISÃO LATERAL,1,1,0,0,0,0,0,0,0,1,0,Longo da via,Bom,Não existe,Perfeito estado,Seca,Perfeito estado,Não existe,Outras,,Dupla,Faixa seccionada,,
2021-12-05,domingo ,14:12:00,COM VÍTIMA,SANTO AMARO,RUA,RUA PEDRO AFONSO,RUA,RUA DO POMBAL,NO CRUZAMENTO DO IML,SANTO AMARO,,CIDADE,COLISÃO TRANSVERSAL,1,1,0,0,0,0,0,0,0,1,0,Cruzamento,Bom,Não existe,Perfeito estado,Seca,Perfeito estado,Não existe,"Placas ""Pare""",40 km/h,Dupla,Faixa seccionada,,
2021-12-05,domingo ,14:36:00,COM VÍTIMA,JORDAO,AVENIDA,AVENIDA MARIA IRENE,,,PRÓX À ESCOLA ROBERTO SILVEIRA,JORDÃO,,,COLISÃO TRASEIRA,1,1,0,0,0,0,0,0,0,1,0,,,,,,,,,,,,,
2021-12-05,domingo ,15:17:00,COM VÍTIMA,PINA,RUA,RUA CAPITAO REBELINHO,RUA,RUA PEREIRA DA COSTA,PRÓX AO FIDALGO RESTAURANTE - COLISÃO COM VÍTIMA ENTRE MOTO  HONDA x AUTO JAC / J3,PINA,,,COLISÃO TRANSVERSAL,1,1,0,0,0,0,0,0,0,1,0,Cruzamento,Bom,Não existe,Perfeito estado,Seca,Perfeito estado,Faixa de pedestre,R-6a,,Única,Não existe,,
2021-12-05,domingo ,19:02:00,SEM VÍTIMA,IMBIRIBEIRA,RUA,RUA SARGENTO SILVINO DE MACEDO,RUA,RUA JOAQUIM BANDEIRA,AO HOTEL PRAIA SUL,IMBIRIBEIRA,,SUBURBIO,COLISÃO FRONTAL,1,1,0,0,0,0,0,0,0,0,0,Cruzamento,Bom,Não existe,Não existente,Seca,Perfeito estado,Não existe,Não hA placas,,Dupla,Não existe,,
2021-12-05,domingo ,19:31:00,COM VÍTIMA,SAO JOSE,RUA,RUA DA CONCORDIA,RUA,RUA TOBIAS BARRETO,ED. CONCORDIA,SÃO JOSÉ,,CIDADE,COLISÃO TRANSVERSAL,1,0,0,0,0,0,1,0,0,2,0,Cruzamento,Bom,Não existe,Perfeito estado,Seca,Perfeito estado,Não existe,Não hA placas,,Única,Não existe,,
2021-12-06,segunda-feira ,01:35:00,COM VÍTIMA,IPSEP,RUA,RUA JEAN EMILE FAVRE,,,PROXIMO A DROGASIL,IPSEP,,,COLISÃO LATERAL,1,1,0,0,0,0,0,0,0,1,0,,,,,,,,,,,,,
2021-12-06,segunda-feira ,09:14:00,COM VÍTIMA,BOA VIAGEM,RUA,RUA DES JOAO PAES,RUA,RUA CORONEL ANIZIO RODRIGUES COELHO,PROX. AO BODE DO NÔ,BOA VIAGEM,,SUBURBIO,COLISÃO LATERAL,2,0,0,0,0,0,0,0,0,1,0,Cruzamento,Bom,Não existe,Perfeito estado,Seca,Perfeito estado,Faixa de pedestre,"Placas ""Pare""",,,,,
2021-12-06,segunda-feira ,09:05:00,COM VÍTIMA,PINA,AVENIDA,AVENIDA ANTONIO DE GOES,,,EM FRENTE AO EMPRESARIAL ITC,PINA,,,ATROPELAMENTO DE PESSOA,0,1,0,0,1,0,0,0,0,1,0,Cruzamento,Bom,Não existe,Perfeito estado,Seca,Perfeito estado,Agente,Não hA placas,60 km/h,Única,Faixa contínua,,
2021-12-06,segunda-feira ,13:55:00,SEM VÍTIMA,BOA VIAGEM,AVENIDA,AVENIDA BOA VIAGEM,,,EM FRENTE AO EDF MARIA ANGELA LUCENA,BOA VIAGEM,,CIDADE,COLISÃO TRASEIRA,1,1,0,0,0,0,0,0,0,0,0,Longo da via,Bom,Não existe,Perfeito estado,Seca,Perfeito estado,Não existe,Não hA placas,60 km/h,Única,Faixa contínua,,
2021-12-06,segunda-feira ,15:07:00,COM VÍTIMA,SANTO AMARO,AVENIDA,AVENIDA GOVERNADOR AGAMENON MAGALHAES,,,EMBAIXO DO VIADUTO DA AV NORTE.,SANTO AMARO,684,SUBURBIO,COLISÃO TRASEIRA,0,0,0,0,0,2,0,0,0,6,0,Longo da via,Bom,Sem defeito,Perfeito estado,Seca,Perfeito estado,Faixa de pedestre,R-32,60 km/h,Dupla,Canteiro central,,
2021-12-06,segunda-feira ,20:26:00,COM VÍTIMA,JORDAO,AVENIDA,AVENIDA MARIA IRENE,,,PRÓX A ASSEMBLEIA DE DEUS NOVA DE PAZ E DELEGACIA,JORDÃO,,,COLISÃO LATERAL,0,0,0,0,0,0,0,0,0,1,0,,,,,,,,,,,,,
2021-12-07,terça-feira ,08:18:00,COM VÍTIMA,IBURA,AVENIDA,AVENIDA RIO LARGO,,,"NA CURVA , PROX. AO COLETOR DE LIXO E COLEGIO CRISTIANO CORDEIRO",IBURA,,,COLISÃO FRONTAL,1,1,0,0,0,0,0,0,0,1,0,Longo da via,Bom,Não existe,Perfeito estado,Seca,Perfeito estado,,,,,,,
2021-12-07,terça-feira ,09:06:00,COM VÍTIMA,SANTO AMARO,AVENIDA,AVENIDA CRUZ CABUGA,,,"EM FRENTE A FACULDADE NUCLEO DE ATENDIMENTO PROFISSIONAL EM, FRENTE À IGREJA UNIVERSAL",SANTO AMARO,,CIDADE,COLISÃO LATERAL,0,2,0,0,0,0,0,0,0,1,0,Longo da via,Bom,Não existe,Perfeito estado,Seca,Perfeito estado,Não existe,Não hA placas,,Dupla,Faixa contínua,Faixa seccionada,
2021-12-07,terça-feira ,10:02:00,COM VÍTIMA,CIDADE UNIVERSITARIA,AVENIDA,AVENIDA PROFESSOR ARTUR DE SA,,,PROX. AO BAR DA KELLY,CIDADE UNIVERSITARIA,,SUBURBIO,COLISÃO TRASEIRA,1,1,0,0,0,0,0,0,0,1,0,Longo da via,Bom,Não existe,Perfeito estado,Seca,Perfeito estado,Não existe,Outras,,Dupla,Faixa seccionada,,
2021-12-07,terça-feira ,12:21:00,COM VÍTIMA,CASA AMARELA,EST,EST DO ARRAIAL,RUA,RUA ENGENHEIRO OSCAR FERREIRA,ENFRENTE AO COSRISCO E DADA,CASA AMARELA,,SUBURBIO,COLISÃO COM CICLISTA,1,0,0,1,0,0,0,0,0,1,0,Esquina,Bom,Não existe,Perfeito estado,Seca,Perfeito estado,Faixa de retenção,Outras,,Única,Faixa seccionada,,
2021-12-07,terça-feira ,16:52:00,COM VÍTIMA,BAIRRO DO RECIFE,TRV,TRV DO FORTE,,,E/F AO FORTE DAS CINCO PONTAS S/T SUB,BAIRRO DO RECIFE,,SUBURBIO,COLISÃO TRASEIRA,1,1,0,0,0,0,0,0,0,1,0,Viaduto,Bom,Não existe,Perfeito estado,Seca,Perfeito estado,Não existe,Não hA placas,,Dupla,Canteiro central,,
2021-12-07,terça-feira ,18:49:00,OUTROS,SAN MARTIN,AVENIDA,AVENIDA GENERAL SAN MARTIN,,,NA ROTATORIA,SAN MARTIN,,,OUTROS,0,1,0,0,0,0,0,0,0,1,0,,,,,,,,,,,,,
2021-12-08,quarta-feira ,06:32:00,SEM VÍTIMA,CASA AMARELA,AVENIDA,AVENIDA NORTE MIGUEL ARRAES DE ALENCAR,,,EM FRENTE À MATERNIDADE PROFESSOR BARROS LIMA,CASA AMARELA,,CIDADE,COLISÃO TRASEIRA,2,0,0,0,0,0,0,0,0,0,0,,,,,,,,,,,,,
2021-12-08,quarta-feira ,08:09:00,COM VÍTIMA,MANGUEIRA,RUA,RUA SAO MIGUEL,,,ENFRENTE AO BODE DO NO,MANGUEIRA,,SUBURBIO,COLISÃO TRANSVERSAL,1,1,0,0,0,0,0,0,0,1,0,Longo da via,Bom,Sem defeito,Perfeito estado,Seca,Perfeito estado,Não existe,Não hA placas,,Dupla,Faixa contínua,,