data,dia_semana,hora,natureza,bairro,logradouro_endereco,endereco,logradouro_detalhe_endereco,detalhe_endereco_acidente,complemento,bairro_cruzamento,num_semaforo,sentido_via,tipo,auto,moto,ciclom,ciclista,pedestre,onibus,caminhao,viatura,outros,vitimas,vitimasfatais,acidente_verificado,tempo_clima,situacao_semaforo,sinalizacao,condicao_via,conservacao_via,ponto_controle,situacao_placa,velocidade_max_via,mao_direcao,divisao_via1,divisao_via2,divisao_via3
2021-12-08,quarta-feira ,15:52:00,COM VÍTIMA,BOA VIAGEM,RUA,RUA FELIX DE BRITO E MELO,AVENIDA,AVENIDA ENGENHEIRO DOMINGOS FERREIRA,EM FRENTE AO EDF  JOSE NOBERTO,BOA VIAGEM,545,,COLISÃO LATERAL,1,1,0,0,0,0,0,0,0,1,0,Cruzamento,Bom,Sem defeito,Perfeito estado,Seca,Perfeito estado,Faixa de pedestre,R-6a,40 km/h,Única,,,
2021-12-08,quarta-feira ,15:58:00,SEM VÍTIMA,PRADO,AVENIDA,AVENIDA ENGENHEIRO ABDIAS DE CARVALHO,,,,PRADO,,CIDADE,COLISÃO TRASEIRA,2,0,0,0,0,0,0,0,0,0,0,Longo da via,Bom,Não existe,Perfeito estado,Seca,Perfeito estado,Não existe,Outras,60 km/h,Dupla,Canteiro central,,
2021-12-08,quarta-feira ,16:57:00,SEM VÍTIMA,BRASILIA TEIMOSA,RUA,RUA BEM TE VI,,,E/F AO BIRUTA BAR INICIO DA ORLA,BRASÍLIA TEIMOSA,,,COLISÃO LATERAL,2,0,0,0,0,0,0,0,0,0,0,,,,,,,,,,,,,
2021-12-08,quarta-feira ,18:18:00,SEM VÍTIMA,IMBIRIBEIRA,RUA,RUA JOSE DA SILVA LUCENA,,,PROX AO GGE,IMBIRIBEIRA,,,COLISÃO FRONTAL,2,0,0,0,0,0,0,0,0,0,0,,,,,,,,,,,,,
2021-12-08,quarta-feira ,18:36:00,COM VÍTIMA,IBURA,AVENIDA,AVENIDA DOIS RIOS,,,PROX A POLICLINA ARNALDO MARQUES,IBURA,,SUBURBIO,COLISÃO FRONTAL,0,1,0,0,0,1,0,0,0,1,0,Longo da via,Bom,Não existe,Ilegível,Seca,Mal iluminada,Não existe,"Placas ""Dê a preferência""",,Dupla,Não existe,,
2021-12-08,quarta-feira ,19:53:00,COM VÍTIMA,BOA VISTA,RUA,RUA JOAO FERNANDES VIEIRA,,,E/F AO BOM PREÇO,BOA VISTA,,CIDADE,COLISÃO LATERAL,1,1,0,0,0,0,0,0,0,1,0,Longo da via,Bom,Não existe,Perfeito estado,Seca,Perfeito estado,Não existe,Não hA placas,,Única,Faixa seccionada,,
2021-12-08,quarta-feira ,22:50:40,COM VÍTIMA,CORDEIRO,RUA,RUA GOMES TABORDA,,,PROX A GALERIA NORONHA CENTER,CORDEIRO,,SUBURBIO,COLISÃO TRASEIRA,1,1,0,0,0,0,0,0,0,1,0,Cruzamento,Bom,Não existe,Perfeito estado,Seca,Perfeito estado,Não existe,"Placas ""Dê a preferência""",,Dupla,Faixa contínua,,
2021-12-09,quinta-feira ,12:26:00,COM VÍTIMA,TEJIPIO,AVENIDA,AVENIDA DR JOSE RUFINO,,,PRÓX AO 4º BCOM. / POSTO BR,TEJIPIÓ,208,CIDADE,COLISÃO LATERAL,1,1,0,0,0,0,0,0,0,1,0,Longo da via,Bom,Sem defeito,Incompleta,Seca,Perfeito estado,Outros,Outras,40 km/h,Dupla,Faixa contínua,,
2021-12-09,quinta-feira ,14:55:00,SEM VÍTIMA,TOTO,AVENIDA,AVENIDA LIBERDADE,,,FARM CENTER,TOTÓ,,SUBURBIO,CHOQUE,1,0,0,0,0,0,1,0,0,0,0,Longo da via,Bom,Não existe,Ilegível,Seca,Perfeito estado,Não existe,,50 km/h,Dupla,Não existe,,
2021-12-09,quinta-feira ,15:57:00,COM VÍTIMA,PINA,RUA,RUA DAS OFICINAS,,,PREDIO DA SEDE DA POLICIA FEDERAL,PINA,,CIDADE,CHOQUE,3,0,0,0,0,0,0,0,0,1,0,Longo da via,Bom,Não existe,Perfeito estado,Seca,Perfeito estado,Não existe,Outras,,Única,Faixa contínua,,
2021-12-09,quinta-feira ,17:43:00,COM VÍTIMA,SAN MARTIN,RUA,RUA VINTE E UM DE ABRIL,RUA,RUA MANOEL VIEIRA,ENFRENTE AO DEPOSITO DA BRASIL GAS,SAN MARTIN,,,COLISÃO COM CICLISTA,0,0,0,1,0,0,0,0,0,1,0,,,,,,,,,,,,,
2021-12-09,quinta-feira ,19:01:00,COM VÍTIMA,ENCRUZILHADA,AVENIDA,AVENIDA BEBERIBE,RUA,RUA FERNANDO CESAR,SEMAFORO 238 / PRÓX AO BANCO DO BRASIL,ENCRUZILHADA,,,COLISÃO FRONTAL,0,2,0,0,0,0,0,0,0,1,0,,,,,,,,,,,,,
2021-12-09,quinta-feira ,19:14:00,SEM VÍTIMA,JORDAO,AVENIDA,AVENIDA MARIA IRENE,,,EM FRENTE AO Nº 91 A,JORDÃO,,SUBURBIO,CHOQUE,1,0,0,0,0,0,0,0,0,0,0,Longo da via,Bom,Não existe,Perfeito estado,Seca,Perfeito estado,Não existe,Não hA placas,,Dupla,Faixa contínua,,
2021-12-10,sexta-feira ,06:23:00,COM VÍTIMA,CASA FORTE,AVENIDA,AVENIDA DEZESSETE DE AGOSTO,RUA,RUA JADER DE ANDRADE,EM FRENTE AO VERDE FRUT,CASA FORTE,469,CIDADE,COLISÃO LATERAL,2,0,0,0,0,0,0,0,0,1,0,Esquina,Bom,Sem defeito,Perfeito estado,Seca,Perfeito estado,Faixa de pedestre,Outras,,Dupla,Faixa contínua,,
2021-12-10,sexta-feira ,08:24:00,SEM VÍTIMA,IMBIRIBEIRA,AVENIDA,AVENIDA MARECHAL MASCARENHAS DE MORAES,,,EM FRENTE AOS CORREIOS,IMBIRIBEIRA,,SUBURBIO,COLISÃO TRASEIRA,1,0,0,0,0,0,0,1,0,0,0,Longo da via,Bom,Não existe,Perfeito estado,Seca,Perfeito estado,Não existe,R-6a,60 km/h,,,,
2021-12-10,sexta-feira ,08:37:00,COM VÍTIMA,SANTO ANTONIO,RUA,RUA FLORIANO PEIXOTO,RUA,RUA SAO JOAO,ESTAÇÃO METRO RECIFE,SANTO ANTÔNIO,,SUBURBIO,COLISÃO LATERAL,1,1,0,0,0,0,0,0,0,1,0,Cruzamento,Bom,Não existe,Perfeito estado,Seca,Perfeito estado,,R-6a,,Única,Faixa seccionada,,
2021-12-10,sexta-feira ,08:56:00,COM VÍTIMA,PAISSANDU,AVENIDA,AVENIDA GOVERNADOR AGAMENON MAGALHAES,,,E/F AO HOSPITAL PORTUGUÊS (SENT. BOA VIAGEM),PAISSANDU,,BOA VIAGEM,QUEDA,0,1,0,0,0,0,0,0,0,1,0,Longo da via,Bom,Sem defeito,Perfeito estado,Molhada,Perfeito estado,Agente,Outras,60 km/h,Dupla,Faixa seccionada,Canteiro central,Canal
2021-12-10,sexta-feira ,15:02:00,SEM VÍTIMA,TORRE,RUA,RUA ALBERTO PAIVA,RUA,RUA AMELIA,SOB PONTE DA TORRE,TORRE,,SUBURBIO,,1,0,0,0,0,1,0,0,0,0,0,Longo da via,Bom,Não existe,Perfeito estado,Seca,Perfeito estado,Não existe,Não hA placas,40 km/h,Única,Não existe,,
2021-12-10,sexta-feira ,18:18:00,COM VÍTIMA,CAXANGA,AVENIDA,AVENIDA CAXANGA,,,SEMAFORO 008 / PRÓX AO HOSPITAL BARÃO DE LUCENA,CAXANGA,8,SUBURBIO,COLISÃO LATERAL,1,1,0,0,0,0,0,0,0,1,0,Longo da via,Bom,Sem defeito,Perfeito estado,Seca,Perfeito estado,Não existe,R-6a,60 km/h,Única,Canteiro central,,
2021-12-10,sexta-feira ,18:25:00,COM VÍTIMA,BOA VIAGEM,RUA,RUA JOAQUIM BANDEIRA,,,AO LADO DO VIADUTO / PRÓX A SILVA CAR,BOA VIAGEM,,,COLISÃO LATERAL,1,1,0,0,0,0,0,0,0,1,0,,,,,,,,,,,,,
2021-12-10,sexta-feira ,22:55:40,COM VÍTIMA,AREIAS,AVENIDA,AVENIDA DR JOSE RUFINO,,,PROX AO POSTO SHEL,AREIAS,,,COLISÃO FRONTAL,1,1,0,0,0,0,0,0,0,1,0,,,,,,,,,,,,,
2021-12-10,sexta-feira ,23:01:40,COM VÍTIMA,AREIAS,AVENIDA,AVENIDA RECIFE,,,E/F AO BIG BOM PREÇO,AREIAS,618,CIDADE,COLISÃO TRASEIRA,1,1,0,0,0,0,0,0,0,1,0,Longo da via,Bom,Sem defeito,Perfeito estado,Seca,Perfeito estado,Faixa de pedestre,Não hA placas,,Única,Canteiro central,,
2021-12-11,sábado ,00:00:00,COM VÍTIMA,SAN MARTIN,AVENIDA,AVENIDA GENERAL SAN MARTIN,,,EM FRENTE A CAVALARIA,SAN MARTIN,,,COLISÃO FRONTAL,0,0,0,0,0,0,0,0,0,1,0,,,,,,,,,,,,,
2021-12-11,sábado ,00:08:00,SEM VÍTIMA,PARNAMIRIM,AVENIDA,AVENIDA PARNAMIRIM,,,ANTES DO POSTO SHELL,PARNAMIRIM,,,CHOQUE,0,0,0,0,0,0,0,0,0,0,0,,,,,,,,,,,,,
2021-12-11,sábado ,02:34:00,COM VÍTIMA,JARDIM SAO PAULO,RUA,RUA IMPERIAL,TRV,TRV DO RAPOSO,PROXIMO AO HOTEL CRISTAL - NA TRAVESSA DO RAPOSO,JARDIM SÃO PAULO,510,SUBURBIO,COLISÃO TRANSVERSAL,1,0,0,0,0,0,1,0,0,1,0,Cruzamento,Bom,Intermitente,Perfeito estado,Seca,Perfeito estado,Faixa de pedestre,R-6a,,Única,Faixa seccionada,,
2021-12-11,sábado ,05:06:00,SEM VÍTIMA,IPUTINGA,AVENIDA,AVENIDA MAURICIO DE NASSAU,RUA,RUA SAO MATEUS,,IPUTINGA,239,CIDADE,,2,0,0,0,0,0,0,0,0,0,0,Cruzamento,Bom,Sem defeito,Perfeito estado,Seca,Perfeito estado,Faixa de pedestre,Não hA placas,,Dupla,Faixa contínua,,
2021-12-11,sábado ,06:41:00,COM VÍTIMA,AGUA FRIA,AVENIDA,AVENIDA BEBERIBE,,,PRÓXIMO AO PAGODE DA PRESSÃO,AGUA FRIA,,,COLISÃO TRANSVERSAL,0,0,0,0,0,0,0,0,0,1,0,,,,,,,,,,,,,
2021-12-11,sábado ,08:57:00,COM VÍTIMA,TORROES,RUA,RUA ONZE DE FEVEREIRO,EST,EST DO FORTE DO ARRAIAL N. DO B. JESUS,E/F A EDIFICIO MORADA DO FORTE,TORRÕES,460,SUBURBIO,COLISÃO COM CICLISTA,2,0,0,1,0,0,0,0,0,1,0,Longo da via,Bom,Não existe,Incompleta,Seca,Perfeito estado,Não existe,Não hA placas,,Dupla,Não existe,,
2021-12-11,sábado ,12:36:00,COM VÍTIMA,ESPINHEIRO,RUA,RUA DO ESPINHEIRO,RUA,RUA BARAO DE ITAMARACA,ENFRENTE A FAMARCIA EXTRA FARMA,ESPINHEIRO,86,SUBURBIO,COLISÃO LATERAL,1,1,0,0,0,0,0,0,0,1,0,Longo da via,Bom,Sem defeito,Perfeito estado,Seca,Perfeito estado,Não existe,R-6a,,Única,Faixa contínua,Faixa seccionada,
2021-12-11,sábado ,19:03:00,SEM VÍTIMA,VARZEA,RUA,RUA RORAIMA,,,EM FRENTE A ESCOLA MUNICIPAL SENADOR JOSE ERMÍNIO DE MORAES,VARZEA,,,COLISÃO TRANSVERSAL,2,0,0,0,0,0,0,0,0,0,0,Longo da via,Bom,Não existe,Incompleta,Seca,Perfeito estado,Não existe,Não hA placas,,Dupla,Não existe,,
2021-12-12,domingo ,01:37:00,SEM VÍTIMA,PRADO,AVENIDA,AVENIDA ENGENHEIRO ABDIAS DE CARVALHO,RUA,RUA CARLOS GOMES,PRÓXIMO A BIG CAR,PRADO,,,COLISÃO FRONTAL,0,0,0,0,0,0,0,0,0,0,0,,,,,,,,,,,,,
2021-12-12,domingo ,11:35:00,COM VÍTIMA,GRACAS,RUA,RUA JOAQUIM NABUCO,,,EM FRENTE A FACULDADE JOAQUIM NABUCO,GRAÇAS,,SUBURBIO,COLISÃO TRASEIRA,2,0,0,0,0,0,0,0,0,1,0,Longo da via,Bom,Não existe,Perfeito estado,Seca,Perfeito estado,Não existe,,60 km/h,Única,Não existe,,
2021-12-12,domingo ,11:43:00,COM VÍTIMA,BEBERIBE,AVENIDA,AVENIDA BEBERIBE,RUA,RUA PROFESSOR JERONIMO GUEIROS,PROX AO BANCO DO  BRASIL,BEBERIBE,,,COLISÃO TRANSVERSAL,1,1,0,0,0,0,0,0,0,1,0,Longo da via,Bom,Não existe,Perfeito estado,Seca,Perfeito estado,Não existe,R-6a,,Dupla,Faixa contínua,,
2021-12-12,domingo ,14:44:00,COM VÍTIMA,CAMPO GRANDE,AVENIDA,AVENIDA GOVERNADOR AGAMENON MAGALHAES,RUA,RUA ODORICO MENDES,E/F A CEPLANC  CENTRAL DE PLANTÕES  DE FLAGRANTES,CAMPO GRANDE,49,SUBURBIO,COLISÃO COM CICLISTA,1,0,0,1,0,0,0,0,0,1,0,Longo da via,Bom,Sem defeito,Perfeito estado,Seca,Perfeito estado,Não existe,Não hA placas,60 km/h,Dupla,Faixa seccionada,Canteiro central,
2021-12-12,domingo ,19:47:00,SEM VÍTIMA,CORDEIRO,RUA,RUA GOMES TABORDA,,,PRÓX A ACADEMIA DE JOAO FILHO,CORDEIRO,,,COLISÃO FRONTAL,0,0,0,0,0,0,0,0,0,0,0,,,,,,,,,,,,,
2021-12-12,domingo ,20:58:40,COM VÍTIMA,FUNDAO,AVENIDA,AVENIDA BEBERIBE,AVENIDA,AVENIDA GEDALHA,PRÓX A ASSEMBLEIA DE DEUS,FUNDÃO,,CIDADE,ATROPELAMENTO DE PESSOA,0,0,0,0,1,1,0,0,0,1,0,Cruzamento,Bom,Sem defeito,Perfeito estado,Seca,Perfeito estado,Não existe,Não hA placas,,Dupla,Canteiro central,,
2021-12-13,segunda-feira ,00:44:00,COM VÍTIMA,AREIAS,AVENIDA,AVENIDA RECIFE,AVENIDA,AVENIDA TAPAJOS,COM A RUA TPAJÓS,AREIAS,620,SUBURBIO,COLISÃO TRANSVERSAL,1,1,0,0,0,0,0,0,0,2,0,Esquina,Bom,Intermitente,Perfeito estado,Seca,Perfeito estado,Faixa de pedestre,,,,,,
2021-12-13,segunda-feira ,05:54:00,SEM VÍTIMA,IPSEP,AVENIDA,AVENIDA RECIFE,,,1ª PARADA DE ONIBUS SENTIDO IPSEP,IPSEP,,,CHOQUE,0,0,0,0,0,0,0,0,0,0,0,,,,,,,,,,,,,
2021-12-13,segunda-feira ,06:18:00,COM VÍTIMA,BOA VIAGEM,RUA,RUA VISCONDE DE JEQUITINHONHA,RUA,RUA ERNESTO DE PAULA SANTOS,ESQUINA DO SUPERMERCADO SOBERANO,BOA VIAGEM,304,,COLISÃO TRANSVERSAL,1,1,0,0,0,0,0,0,0,1,0,Cruzamento,Bom,Sem defeito,Perfeito estado,Molhada,Perfeito estado,Faixa de pedestre,Não hA placas,,Única,Faixa contínua,,
2021-12-13,segunda-feira ,07:08:00,COM VÍTIMA,SAO JOSE,VIADUTO,VIADUTO DAS CINCO PONTAS,,,SOB O VIADUTO,SÃO JOSÉ,,,QUEDA,0,1,0,0,0,0,0,0,0,1,0,,,,,,,,,,,,,
2021-12-13,segunda-feira ,08:49:00,COM VÍTIMA,CASA AMARELA,RUA,RUA DA HARMONIA,,,ENFRENTE A DROGASIL,CASA AMARELA,,SUBURBIO,COLISÃO FRONTAL,1,1,0,0,0,0,0,0,0,1,0,Longo da via,Chuvoso,Sem defeito,Perfeito estado,Molhada,Perfeito estado,Faixa de pedestre,R-6a,,Dupla,Faixa contínua,,
2021-12-13,segunda-feira ,09:53:00,COM VÍTIMA,SANTO AMARO,AVENIDA,AVENIDA CRUZ CABUGA,,,"LADO OPOSTO AO SHOPPING TACARUNA, SENTIDO OLINA",SANTO AMARO,202,,COLISÃO COM CICLISTA,0,0,0,1,0,0,1,0,0,1,0,Longo da via,Chuvoso,Desligado,Perfeito estado,Molhada,Perfeito estado,Outros,Outras,,Dupla,Canteiro central,,
2021-12-13,segunda-feira ,12:12:00,COM VÍTIMA,BOA VISTA,RUA,RUA PRINCESA IZABEL,RUA,RUA DO HOSPICIO,EM FRENTE A CÂMARA DOS VEREADORES,BOA VISTA,31,CIDADE,COLISÃO LATERAL,1,1,0,0,0,0,0,0,0,1,0,Cruzamento,Chuvoso,Sem defeito,Perfeito estado,Molhada,Perfeito estado,Agente,R-25c,,Única,Não existe,,
2021-12-13,segunda-feira ,13:01:00,COM VÍTIMA,AFOGADOS,RUA,RUA NICOLAU PEREIRA,AVENIDA,AVENIDA SUL,PROX A ESTAÇAO DE TREM,AFOGADOS,,CIDADE,COLISÃO LATERAL,1,1,0,0,0,0,0,0,0,1,0,Longo da via,Chuvoso,Não existe,Perfeito estado,Molhada,Perfeito estado,Não existe,Não hA placas,,Única,Faixa contínua,,
2021-12-13,segunda-feira ,14:55:00,COM VÍTIMA,ESTANCIA,AVENIDA,AVENIDA DR JOSE RUFINO,,,EM FRENTE AO COLÉGIO VISÃO,ESTÂNCIA,,CIDADE,COLISÃO COM CICLISTA,1,0,0,1,0,0,0,0,0,1,0,Longo da via,Bom,Não existe,Perfeito estado,Seca,Perfeito estado,Não existe,Outras,,Dupla,Faixa contínua,,
2021-12-14,terça-feira ,07:03:00,COM VÍTIMA,AFOGADOS,EST,EST DOS REMEDIOS,,,EM FRENTE A FARMA PAULA E A BELO AUTO PEÇAS,AFOGADOS,524,CIDADE,COLISÃO TRASEIRA,1,0,0,0,0,0,0,0,1,1,0,Longo da via,Chuvoso,Sem defeito,Perfeito estado,Molhada,Perfeito estado,Não existe,Não hA placas,,Única,Faixa seccionada,,
2021-12-14,terça-feira ,08:34:00,COM VÍTIMA,SANTO AMARO,AVENIDA,AVENIDA PREFEITO ARTUR LIMA CAVALCANTI,,,PONTE LIMOEIRO. POR TRAS DA ANTIGA CONTAX,SANTO AMARO,,SUBURBIO,CHOQUE,1,0,0,0,0,0,0,0,0,1,0,Longo da via,Bom,Não existe,Perfeito estado,Seca,Perfeito estado,Não existe,Não hA placas,,Dupla,Canteiro central,,
2021-12-14,terça-feira ,08:37:00,COM VÍTIMA,BOA VISTA,AVENIDA,AVENIDA CONDE DA BOA VISTA,RUA,RUA GONCALVES MAIA,PROX. AO POSTO SHELL,BOA VISTA,,SUBURBIO,COLISÃO COM CICLISTA,0,1,0,1,0,0,0,0,0,1,0,Cruzamento,Bom,Sem defeito,Perfeito estado,Seca,Perfeito estado,Faixa de pedestre,R-6c,,Dupla,Canteiro central,,
2021-12-14,terça-feira ,09:01:00,COM VÍTIMA,BOA VISTA,AVENIDA,AVENIDA CONDE DA BOA VISTA,,,EM FRENTE AO GRAU TECNICO E TINTAS SHERWIN WILLIANS,BOA VISTA,,CIDADE,COLISÃO COM CICLISTA,1,0,0,1,0,0,0,0,0,1,0,Longo da via,Bom,Não existe,Perfeito estado,Seca,Perfeito estado,,,,Dupla,Canteiro central,,
2021-12-14,terça-feira ,09:27:00,COM VÍTIMA,JOANA BEZERRA,VIADUTO,VIADUTO PAPA JOAO PAULO II,,,FINAL DO VIADUTO SENT DERBY,JOANA BEZERRA,,OLINDA,COLISÃO TRASEIRA,1,1,0,0,0,0,0,0,0,1,0,Viaduto,Bom,Não existe,Não existente,Seca,Perfeito estado,Não existe,Não hA placas,60 km/h,Única,Canteiro central,,
2021-12-14,terça-feira ,13:17:00,COM VÍTIMA,IPUTINGA,RUA,RUA MINISTRO JOAO ALBERTO,,,EM FRENTE AO EDIFICIO GRANADA,IPUTINGA,,CIDADE,COLISÃO FRONTAL,2,1,0,0,0,0,0,0,0,1,0,Longo da via,Bom,Não existe,Perfeito estado,Seca,Perfeito estado,Não existe,Não hA placas,,Dupla,Faixa seccionada,,
2021-12-14,terça-feira ,14:57:00,COM VÍTIMA,AFOGADOS,RUA,RUA SAO MIGUEL,RUA,RUA GUARAMIRIM,EM FRENTE À DUDA AR PARA AUTOS,AFOGADOS,,SUBURBIO,COLISÃO TRASEIRA,1,1,0,0,0,0,0,0,0,1,0,Longo da via,Bom,Não existe,Perfeito estado,Seca,Perfeito estado,Não existe,Não hA placas,,Dupla,Faixa contínua,,
2021-12-14,terça-feira ,16:11:00,COM VÍTIMA,TEJIPIO,AVENIDA,AVENIDA LIBERDADE,,,EM FRENTE AO CEMITÉRIO PARQUE DAS FLORES,TEJIPIÓ,,SUBURBIO,COLISÃO LATERAL,1,1,0,0,0,0,0,0,0,1,0,Longo da via,Bom,Sem defeito,Ilegível,Seca,Perfeito estado,Faixa de retenção,Não hA placas,40 km/h,Dupla,Não existe,,
2021-12-14,terça-feira ,17:17:00,COM VÍTIMA,CASA AMARELA,RUA,RUA DA ESTRELA,RUA,RUA FERREIRA LOPES,E/F AO EDF SAINT SEBASTIEN E AO LADO DO EDIFÍCIO VEVADALVA,CASA AMARELA,,EMBAIXADA CHINESA,COLISÃO LATERAL,1,1,0,0,0,0,0,0,0,1,0,Longo da via,Bom,Não existe,Perfeito estado,Seca,Perfeito estado,Não existe,"Placas ""Pare""",40 km/h,Dupla,Faixa seccionada,,
2021-12-14,terça-feira ,18:17:00,COM VÍTIMA,TORRE,RUA,RUA PIO NONO,,,PROX A PADARIA IRAJA,TORRE,,,COLISÃO TRASEIRA,1,0,0,0,0,0,1,0,0,1,0,,,,,,,,,,,,,
2021-12-14,terça-feira ,18:55:00,SEM VÍTIMA,ENCRUZILHADA,RUA,RUA AMARO COUTINHO,,,E/F A PRAÇA DOS CAMINHONEIROS,ENCRUZILHADA,,,COLISÃO LATERAL,1,0,0,0,0,0,0,1,0,0,0,,,,,,,,,,,,,
2021-12-15,quarta-feira ,07:51:00,COM VÍTIMA,CAXANGA,AVENIDA,AVENIDA CAXANGA,,,EM FRENTE AO POSTO IPUTINGA,CAXANGA,,CIDADE,ATROPELAMENTO DE PESSOA,0,1,0,0,1,0,0,0,0,1,0,Longo da via,Bom,Sem defeito,Perfeito estado,Seca,Perfeito estado,Agente,R-32,60 km/h,Dupla,Faixa contínua,Canteiro central,
2021-12-15,quarta-feira ,11:13:00,COM VÍTIMA,JOANA BEZERRA,VIADUTO,VIADUTO CAPITAO TEMUDO,,,APOS O HOSPITAL PORTUGUEL ao lado do forum rodolfo aureliano,JOANA BEZERRA,,BOA VIAGEM,COLISÃO TRASEIRA,1,1,0,0,0,0,0,0,0,1,0,Viaduto,Bom,Não existe,Perfeito estado,Seca,Perfeito estado,Não existe,Não hA placas,60 km/h,Dupla,Canteiro central,,
2021-12-15,quarta-feira ,11:16:00,COM VÍTIMA,ESPINHEIRO,RUA,RUA GOMES PACHECO,RUA,RUA MARQUES DO PARANA,EM FRENTE AO EDF LIVING GLUB,ESPINHEIRO,,SUBURBIO,COLISÃO FRONTAL,1,1,0,0,0,0,0,0,0,1,0,Cruzamento,Bom,Não existe,Incompleta,Seca,Perfeito estado,Agente,"Placas ""Pare""",,Única,Não existe,,
2021-12-15,quarta-feira ,11:58:00,COM VÍTIMA,CURADO,EST,EST DO CURADO,,,ACIDENTE COM VITIMA  ETHIOS ATROPELOU UMA SRA. DE IDADE,CURADO,,CIDADE,ATROPELAMENTO DE PESSOA,1,0,0,0,1,0,0,0,0,1,0,Longo da via,Bom,Não existe,Não existente,Seca,Mal conservada,Não existe,Não hA placas,30 km/h,Dupla,Não existe,,
2021-12-15,quarta-feira ,12:08:00,SEM VÍTIMA,SANTO AMARO,AVENIDA,AVENIDA GOVERNADOR AGAMENON MAGALHAES,,,ACIDENTE ENTRE MOTO E  BICICLETA,SANTO AMARO,,SUBURBIO,COLISÃO COM CICLISTA,0,1,0,1,0,0,0,0,0,0,0,,,,,,,,,,,,,
2021-12-15,quarta-feira ,18:15:00,COM VÍTIMA,BOA VIAGEM,RUA,RUA CAMBOIM,RUA,RUA CRUZEIRO DO FORTE,E/F A GALERIA SETUBAL CENTER,BOA VIAGEM,,,COLISÃO TRANSVERSAL,1,2,0,0,0,0,0,0,0,2,0,Cruzamento,Bom,Não existe,Perfeito estado,Seca,Perfeito estado,Não existe,"Placas ""Pare""",,Dupla,Faixa seccionada,,
2021-12-16,quinta-feira ,08:41:00,COM VÍTIMA,CAMPO GRANDE,EST,EST DE BELEM,,,,CAMPO GRANDE,,,COLISÃO COM CICLISTA,1,0,0,1,0,0,0,0,0,1,0,,,,,,,,,,,,,
2021-12-16,quinta-feira ,13:52:00,COM VÍTIMA,IBURA,AVENIDA,AVENIDA RECIFE,,,EM FRENTE AO ATACAMAX. APÓS A ENTRADA DO IBURA,IBURA,,AEROPORTO,COLISÃO TRASEIRA,3,0,0,0,0,0,0,0,0,1,0,Longo da via,Bom,Não existe,Perfeito estado,Seca,Perfeito estado,Não existe,Outras,60 km/h,Dupla,Faixa contínua,Faixa seccionada,Canteiro central
2021-12-16,quinta-feira ,14:44:00,SEM VÍTIMA,ILHA DO LEITE,RUA,RUA MARQUES AMORIM,RUA,RUA MINAS GERAIS,AO LADO DO NÚMERO 620,ILHA DO LEITE,,,,2,1,0,0,0,0,0,0,0,0,0,Cruzamento,Bom,Não existe,Perfeito estado,Seca,Perfeito estado,Faixa de retenção,,,Dupla,Faixa seccionada,,
2021-12-16,quinta-feira ,20:41:00,SEM VÍTIMA,BOMBA DO HEMETERIO,RUA,RUA BOMBA DO HEMETERIO,,,PRÓX A ESCOLA GIGANTE DO SAMBA,BOMBA DO HEMETÉRIO,,,COLISÃO TRASEIRA,0,0,0,0,0,0,0,0,0,0,0,,,,,,,,,,,,,
2021-12-16,quinta-feira ,21:20:40,COM VÍTIMA,VARZEA,AVENIDA,AVENIDA BARAO DE BONITO,,,PRÓX AO SUPERMERCADO ANDRADE,VARZEA,,,COLISÃO LATERAL,0,0,0,0,0,0,0,0,0,1,0,,,,,,,,,,,,,
2021-12-16,quinta-feira ,22:57:40,COM VÍTIMA,AFOGADOS,RUA,RUA SAO MIGUEL,RUA,RUA DRA ITAMAR DE MORAIS E SILVA,PROXIMO AO BODE DO NÔ,AFOGADOS,,SUBURBIO,COLISÃO LATERAL,1,1,0,0,0,0,0,0,0,1,0,Cruzamento,Bom,Não existe,Perfeito estado,Seca,Perfeito estado,Não existe,Não hA placas,,Dupla,Faixa contínua,,
2021-12-17,sexta-feira ,12:20:00,COM VÍTIMA,BOA VIAGEM,AVENIDA,AVENIDA GENERAL MAC ARTHUR,,,EM FRENTE AO LE PARC,BOA VIAGEM,673,SUBURBIO,COLISÃO COM CICLISTA,0,1,0,1,0,0,0,0,0,1,0,Longo da via,Bom,Sem defeito,Perfeito estado,Seca,Perfeito estado,Faixa de pedestre,Outras,40 km/h,Única,Faixa seccionada,,
2021-12-17,sexta-feira ,14:31:00,COM VÍTIMA,BOA VIAGEM,RUA,RUA FRANCISCO DA CUNHA,,,,BOA VIAGEM,,,COLISÃO TRASEIRA,1,1,0,0,0,0,0,0,0,1,0,,,,,,,,,,,,,
2021-12-17,sexta-feira ,17:43:00,COM VÍTIMA,JIQUIA,AVENIDA,AVENIDA DR JOSE RUFINO,RUA,RUA MORAIS E SILVA,EM FRENTE A GALERIA MARGARIDA,JIQUIA,,,COLISÃO TRASEIRA,1,1,0,0,0,0,0,0,0,1,0,Cruzamento,Bom,Não existe,Perfeito estado,Seca,Perfeito estado,Não existe,R-6a,,Dupla,Faixa contínua,,
2021-12-17,sexta-feira ,22:30:40,COM VÍTIMA,AFOGADOS,RUA,RUA COSME VIANA,EST,EST DO BONGI,CRUZAMENTO,AFOGADOS,,,COLISÃO FRONTAL,1,1,0,0,0,0,0,0,0,1,0,,,,,,,,,,,,,