data,dia_semana,hora,natureza,bairro,logradouro_endereco,endereco,logradouro_detalhe_endereco,detalhe_endereco_acidente,complemento,bairro_cruzamento,num_semaforo,sentido_via,tipo,auto,moto,ciclom,ciclista,pedestre,onibus,caminhao,viatura,outros,vitimas,vitimasfatais,acidente_verificado,tempo_clima,situacao_semaforo,sinalizacao,condicao_via,conservacao_via,ponto_controle,situacao_placa,velocidade_max_via,mao_direcao,divisao_via1,divisao_via2,divisao_via3
2021-12-18,sábado ,07:48:00,COM VÍTIMA,SAN MARTIN,AVENIDA,AVENIDA GENERAL SAN MARTIN,AVENIDA,AVENIDA JOAO CABRAL DE MELO NETO,,SAN MARTIN,250,SUBURBIO,COLISÃO COM CICLISTA,0,1,0,1,0,0,0,0,0,3,0,Longo da via,Bom,Sem defeito,Perfeito estado,Seca,Perfeito estado,Não existe,Não hA placas,40 km/h,Dupla,Faixa contínua,,
2021-12-18,sábado ,08:50:00,COM VÍTIMA,IPSEP,RUA,RUA JEAN EMILE FAVRE,,,EM FRENTE O SUPERMERCADO QUALY PREÇO,IPSEP,,CIDADE,COLISÃO TRANSVERSAL,1,1,0,0,0,0,0,0,0,1,0,Longo da via,Bom,Sem defeito,Perfeito estado,Seca,Perfeito estado,Não existe,Não hA placas,40 km/h,Dupla,Faixa contínua,,
2021-12-19,domingo ,07:15:00,COM VÍTIMA,ARRUDA,RUA,RUA PROFESSOR JERONIMO GUEIROS,RUA,RUA MEM DE SA,PROX. A COCA-COLA,ARRUDA,495,CIDADE,COLISÃO LATERAL,1,1,0,0,0,0,0,0,0,2,0,Cruzamento,Bom,Sem defeito,Perfeito estado,Seca,Perfeito estado,Faixa de pedestre,,30 km/h,Dupla,Faixa seccionada,,
2021-12-19,domingo ,16:32:00,COM VÍTIMA,IPUTINGA,AVENIDA,AVENIDA MAURICIO DE NASSAU,,,POR TRAS DO PARQUE DE EXPOSIÇÕES DO CORDEIRO,IPUTINGA,,SUBURBIO,COLISÃO LATERAL,1,1,0,0,0,0,0,0,0,2,0,Longo da via,Bom,Não existe,Perfeito estado,Seca,Perfeito estado,Não existe,Não hA placas,40 km/h,Dupla,Faixa contínua,,
2021-12-19,domingo ,18:43:00,COM VÍTIMA,IBURA,AVENIDA,AVENIDA DOIS RIOS,,,E/F A PIZZARIA PRIME,IBURA,,,COLISÃO TRANSVERSAL,1,1,0,0,0,0,0,0,0,1,0,Longo da via,Bom,Sem defeito,Perfeito estado,Seca,Perfeito estado,,R-6a,60 km/h,Dupla,Faixa contínua,,
2021-12-19,domingo ,19:06:00,SEM VÍTIMA,IPSEP,RUA,RUA POTENGI,,,E/F A GALERIA MARIA DE LURDES,IPSEP,,,COLISÃO TRASEIRA,0,0,0,0,0,0,0,0,0,0,0,,,,,,,,,,,,,
2021-12-20,segunda-feira ,03:50:00,COM VÍTIMA,TORROES,AVENIDA,AVENIDA ENGENHEIRO ABDIAS DE CARVALHO,,,PRÓXIMO A YOKI,TORRÕES,,SUBURBIO,COLISÃO LATERAL,1,1,0,0,0,0,0,0,0,1,0,Longo da via,Chuvoso,Não existe,Perfeito estado,Molhada,Perfeito estado,Não existe,Não hA placas,60 km/h,Dupla,Faixa seccionada,,
2021-12-20,segunda-feira ,05:07:00,SEM VÍTIMA,SANTO AMARO,AVENIDA,AVENIDA CRUZ CABUGA,,,EM FRENTE AO SHOPPING TACARUNA,SANTO AMARO,,SUBURBIO,CHOQUE,0,0,0,0,0,1,0,0,0,0,0,,,,,,,,,,,,,
2021-12-20,segunda-feira ,10:35:00,COM VÍTIMA,IMBIRIBEIRA,AVENIDA,AVENIDA GENERAL MAC ARTHUR,,,E/F AO EDIFICIO LE PARC,IMBIRIBEIRA,,SUBURBIO,COLISÃO TRANSVERSAL,1,1,0,0,0,0,0,0,0,1,0,Longo da via,Bom,Não existe,Perfeito estado,Seca,Perfeito estado,Não existe,Não hA placas,40 km/h,Única,Não existe,,
2021-12-20,segunda-feira ,11:35:00,COM VÍTIMA,IMBIRIBEIRA,RUA,RUA JEAN EMILE FAVRE,RUA,RUA ITAJAI,PRÓX À LIG PEÇAS ATACADO,IMBIRIBEIRA,,SUBURBIO,COLISÃO TRANSVERSAL,1,1,0,0,0,0,0,0,0,2,0,Cruzamento,Bom,Não existe,Perfeito estado,Seca,Perfeito estado,Não existe,Não hA placas,40 km/h,Única,Não existe,,
2021-12-20,segunda-feira ,13:22:00,SEM VÍTIMA,SANTO AMARO,AVENIDA,AVENIDA GOVERNADOR AGAMENON MAGALHAES,,,LADO OPOSTO AO UNICORDIS,SANTO AMARO,378,,COLISÃO TRASEIRA,2,0,0,0,0,0,0,0,0,0,0,Longo da via,Bom,Sem defeito,Perfeito estado,Seca,Perfeito estado,Faixa de pedestre,R-6c,60 km/h,Dupla,Canal,,
2021-12-20,segunda-feira ,15:56:00,SEM VÍTIMA,ENCRUZILHADA,EST,EST DE BELEM,,,PRÓX AO BANCO ITAÚ,ENCRUZILHADA,,,COLISÃO TRASEIRA,2,0,0,0,0,0,0,0,0,0,0,,,,,,,,,,,,,
2021-12-20,segunda-feira ,16:39:00,SEM VÍTIMA,SAN MARTIN,RUA,RUA JOSE VELOSO,RUA,RUA APULCRO DE ASSUNCAO,RUA AO LADO DA CAVALARIA,SAN MARTIN,,,COLISÃO FRONTAL,1,1,0,0,0,0,0,0,0,0,0,,,,,,,,,,,,,
2021-12-20,segunda-feira ,20:38:00,COM VÍTIMA,CAMPO GRANDE,RUA,RUA PROFESSOR FRANCISCO DA TRINDADE,,,PROX AO CLUBE DAS PAES,CAMPO GRANDE,,SUBURBIO,COLISÃO TRANSVERSAL,1,1,0,0,0,0,0,0,0,1,0,Longo da via,Bom,Não existe,Perfeito estado,Seca,Perfeito estado,,Não hA placas,,Dupla,Não existe,,
2021-12-21,terça-feira ,01:54:00,SEM VÍTIMA,IMBIRIBEIRA,AVENIDA,AVENIDA MARECHAL MASCARENHAS DE MORAES,,,E/F AO GERALDÃO,IMBIRIBEIRA,,,COLISÃO TRANSVERSAL,2,0,0,0,0,0,0,0,0,0,0,,,,,,,,,,,,,
2021-12-21,terça-feira ,09:45:00,COM VÍTIMA,CAXANGA,AVENIDA,AVENIDA CAXANGA,,,EM FRENTE AO COMPAZ,CAXANGA,489,CIDADE,COLISÃO LATERAL,0,2,0,0,0,0,0,0,0,1,0,Longo da via,Bom,Sem defeito,Perfeito estado,Seca,Perfeito estado,Faixa de pedestre,R-6a,60 km/h,Dupla,Canteiro central,Blocos,
2021-12-21,terça-feira ,10:12:00,COM VÍTIMA,BOA VIAGEM,RUA,RUA DEZ DE JULHO,RUA,RUA CAMBOIM,EM FRENTE A MAISON CHRISTAL,BOA VIAGEM,,CIDADE,COLISÃO LATERAL,1,1,0,0,0,0,0,0,0,1,0,Cruzamento,Bom,Não existe,Perfeito estado,Seca,Perfeito estado,Faixa de pedestre,Não hA placas,,Única,Faixa seccionada,,
2021-12-21,terça-feira ,10:38:00,COM VÍTIMA,BOA VIAGEM,RUA,RUA PROFESSOR EDUARDO WANDERLEY FILHO,RUA,RUA FRANCISCO DA CUNHA,EDIFÍCIO STÚDIO BOA VIAGEM,BOA VIAGEM,,SUBURBIO,COLISÃO LATERAL,1,1,0,0,0,0,0,0,0,1,0,Cruzamento,Bom,Não existe,Perfeito estado,Seca,Perfeito estado,Faixa de retenção,"Placas ""Pare""",,Única,Não existe,,
2021-12-21,terça-feira ,12:22:00,COM VÍTIMA,JIQUIA,RUA,RUA SAO MIGUEL,,,PROX A FABRICA DA IOLANDA POLO NORTE MOTOS,JIQUIA,,CIDADE,COLISÃO LATERAL,0,1,0,0,0,1,0,0,0,1,0,Longo da via,Bom,Não existe,Perfeito estado,Seca,Perfeito estado,Não existe,R-19,60 km/h,Dupla,Faixa contínua,,
2021-12-21,terça-feira ,16:57:00,COM VÍTIMA,MADALENA,RUA,RUA BENFICA,RUA,RUA REAL DA TORRE,PROXIMO AO MUSEU DA ABOLIÇÃO,MADALENA,257,CIDADE,COLISÃO TRANSVERSAL,1,0,0,0,0,1,0,0,0,2,0,Longo da via,Bom,Sem defeito,Perfeito estado,Seca,Perfeito estado,Faixa de pedestre,Não hA placas,,Dupla,Faixa contínua,,
2021-12-21,terça-feira ,18:42:00,COM VÍTIMA,TOTO,RUA,RUA PAPANDUVA,,,PRÓX A ASSOCIAÇÃO DOS MORADORES DE TÓTÓ,TOTÓ,,,ATROPELAMENTO DE PESSOA,1,0,0,0,1,0,0,0,0,1,0,,,,,,,,,,,,,
2021-12-21,terça-feira ,21:14:40,COM VÍTIMA,TORRE,RUA,RUA CONDE DE IRAJA,RUA,RUA JOSE BONIFACIO,SEMAFORO 191,TORRE,191,SUBURBIO,COLISÃO LATERAL,1,1,0,0,0,0,0,0,0,1,0,Longo da via,Bom,Sem defeito,Perfeito estado,Seca,Perfeito estado,Faixa de pedestre,Outras,,Única,,,
2021-12-21,terça-feira ,23:00:40,COM VÍTIMA,BOA VISTA,RUA,RUA DO PRINCIPE,RUA,RUA DO SOSSEGO,NO CRUZAMENTO MESMO,BOA VISTA,,CIDADE,COLISÃO LATERAL,2,0,0,0,0,0,0,0,0,1,0,Cruzamento,Bom,Não existe,Perfeito estado,Seca,Perfeito estado,Não existe,Não hA placas,,Única,Faixa seccionada,,
2021-12-22,quarta-feira ,05:42:00,SEM VÍTIMA,ILHA DO RETIRO,AVENIDA,AVENIDA ENGENHEIRO ABDIAS DE CARVALHO,,,EM FRENTE AO BOB'S,ILHA DO RETIRO,52,CIDADE,COLISÃO TRASEIRA,1,0,0,0,0,1,0,0,0,0,0,Longo da via,Bom,Sem defeito,Perfeito estado,Seca,Perfeito estado,Faixa de pedestre,Outras,60 km/h,Única,Faixa seccionada,Canteiro central,
2021-12-22,quarta-feira ,11:54:00,COM VÍTIMA,SANTO AMARO,RUA,RUA DA AURORA,,,PONTE LIMOEIRO E AO LADO DO HOSPITAL,SANTO AMARO,,SUBURBIO,COLISÃO COM CICLISTA,1,0,0,1,0,0,0,0,0,1,0,Longo da via,Bom,Sem defeito,Perfeito estado,Seca,Perfeito estado,Agente,Não hA placas,,Única,Faixa contínua,,
2021-12-22,quarta-feira ,12:45:00,COM VÍTIMA,CORDEIRO,RUA,RUA DR MIGUEL VIEIRA FERREIRA,,,PROXIMO AO SEMAFORO 249,CORDEIRO,249,CIDADE,COLISÃO LATERAL,1,1,0,0,0,0,0,0,0,1,0,Cruzamento,Bom,Sem defeito,Perfeito estado,Seca,Perfeito estado,Faixa de pedestre,Não hA placas,,Dupla,Faixa contínua,,
2021-12-23,quinta-feira ,03:15:00,COM VÍTIMA,CAMPO GRANDE,EST,EST DE BELEM,,,E/F AO COLÉGIO JESUS CRUCIFICADO,CAMPO GRANDE,,SUBURBIO,CHOQUE,1,0,0,0,0,0,0,0,0,1,0,Longo da via,Chuvoso,Não existe,Perfeito estado,Molhada,Perfeito estado,Não existe,Não hA placas,,Dupla,Faixa contínua,,
2021-12-23,quinta-feira ,09:04:00,COM VÍTIMA,BOA VISTA,AVENIDA,AVENIDA CONDE DA BOA VISTA,,,E/F AO CURSO TRANSWORLD,BOA VISTA,,SUBURBIO,COLISÃO TRASEIRA,1,1,0,0,0,0,0,0,0,1,0,,,,,,,,,,,,,
2021-12-23,quinta-feira ,09:39:00,SEM VÍTIMA,PRADO,RUA,RUA JOAO IVO DA SILVA,AVENIDA,AVENIDA ENGENHEIRO ABDIAS DE CARVALHO,AO LADO DO HABIB'S,PRADO,132,,,1,0,0,0,0,0,1,0,0,0,0,Longo da via,Bom,Sem defeito,Perfeito estado,Seca,Perfeito estado,Faixa de pedestre,R-6a,,Única,Faixa seccionada,Canteiro central,
2021-12-23,quinta-feira ,13:53:00,SEM VÍTIMA,SANTO AMARO,AVENIDA,AVENIDA PREFEITO ARTUR LIMA CAVALCANTI,,,POR TRAS DO HOSPITAL NAVAL DO RECIFE,SANTO AMARO,,SUBURBIO,CAPOTAMENTO,0,0,0,0,0,0,1,0,0,0,0,,Bom,Não existe,Perfeito estado,Seca,Perfeito estado,Não existe,Não hA placas,30 km/h,Dupla,Canteiro central,,
2021-12-23,quinta-feira ,14:32:00,COM VÍTIMA,JAQUEIRA,RUA,RUA LEONARDO BEZERRA CAVALCANTE,,,PRÓX AO HOSPITAL MARIA LUCINDA,JAQUEIRA,,,COLISÃO LATERAL,1,1,0,0,0,0,0,0,0,1,0,Longo da via,Bom,Sem defeito,Perfeito estado,Seca,Perfeito estado,Outros,Outras,,Dupla,Faixa seccionada,,
2021-12-23,quinta-feira ,16:09:00,COM VÍTIMA,CORDEIRO,RUA,RUA FIRMINO DE BARROS,,,EM FRENTE A CENTRO CAR,CORDEIRO,,,QUEDA,0,1,0,0,0,0,0,0,0,1,0,Longo da via,Bom,Não existe,Não existente,Seca,Perfeito estado,Não existe,Não hA placas,,Dupla,Não existe,,
2021-12-23,quinta-feira ,16:15:00,COM VÍTIMA,CASA AMARELA,AVENIDA,AVENIDA NORTE MIGUEL ARRAES DE ALENCAR,,,EM FRENTE AO MORADA DA PAZ ESSENCIAL,CASA AMARELA,,CIDADE,ATROPELAMENTO DE PESSOA,0,1,0,0,1,0,0,0,0,1,0,Longo da via,Chuvoso,Sem defeito,Perfeito estado,Molhada,Perfeito estado,Não existe,Outras,60 km/h,Única,Faixa contínua,,
2021-12-24,sexta-feira ,00:40:00,COM VÍTIMA,SANTO AMARO,AVENIDA,AVENIDA GOVERNADOR AGAMENON MAGALHAES,RUA,RUA ODORICO MENDES,,SANTO AMARO,49,CIDADE,COLISÃO TRANSVERSAL,1,1,0,0,0,0,0,0,0,1,0,Cruzamento,Bom,Sem defeito,Perfeito estado,Seca,Perfeito estado,,,,Dupla,Outros,,
2021-12-24,sexta-feira ,07:52:00,OUTROS,CAXANGA,AVENIDA,AVENIDA JOAQUIM RIBEIRO,,,"SENT. CIDADE, NA SUBIDA DA PONTE PROX. A UPA",CAXANGA,,,OUTROS,1,0,0,0,0,0,0,0,0,0,0,,,,,,,,,,,,,
2021-12-24,sexta-feira ,10:01:00,COM VÍTIMA,TAMARINEIRA,AVENIDA,AVENIDA PROFESSOR JOSE DOS ANJOS,,,APÓS O CRUZAMENTO DA ESTRADA VELHA,TAMARINEIRA,,SESC,QUEDA,0,1,0,0,0,0,0,0,0,1,0,Longo da via,Bom,Não existe,Perfeito estado,Seca,Perfeito estado,Não existe,Não hA placas,,Dupla,Canal,,
2021-12-24,sexta-feira ,12:47:00,COM VÍTIMA,PINA,AVENIDA,AVENIDA CELSO FURTADO (VIA MANGUE),,,PRÓX AO 19° BPM,PINA,,,COLISÃO COM CICLISTA,0,1,0,1,0,0,0,0,0,2,0,,,,,,,,,,,,,
2021-12-24,sexta-feira ,14:15:00,COM VÍTIMA,IPUTINGA,RUA,RUA LEAL DE BARROS,RUA,RUA PEREIRA COUTINHO FILHO,PRÓX AO COLÉGIO EXPOENTE,IPUTINGA,,SUBURBIO,COLISÃO FRONTAL,1,1,0,0,0,0,0,0,0,1,0,Cruzamento,Bom,Não existe,Não existente,Seca,Perfeito estado,Não existe,Não hA placas,40 km/h,Dupla,Faixa contínua,,
2021-12-24,sexta-feira ,17:15:00,COM VÍTIMA,AFOGADOS,RUA,RUA JACIRA,RUA,RUA CINCO DE NOVEMBRO,PRÓXIMO À BIBLIOTECA DE AFOGADOS,AFOGADOS,,SUBURBIO,COLISÃO TRANSVERSAL,1,1,0,0,0,0,0,0,0,2,0,Cruzamento,Bom,Não existe,Perfeito estado,Seca,Perfeito estado,Não existe,Não hA placas,30 km/h,Dupla,Não existe,,
2021-12-24,sexta-feira ,19:12:00,COM VÍTIMA,PORTO DA MADEIRA,AVENIDA,AVENIDA BEBERIBE,,,SEMAFORO 517,PORTO DA MADEIRA,,SUBURBIO,COLISÃO TRANSVERSAL,1,1,0,0,0,0,0,0,0,1,0,Longo da via,Bom,Não existe,Não existente,Seca,Mal conservada,Não existe,Não hA placas,,Dupla,Faixa contínua,Faixa seccionada,
2021-12-25,sábado ,09:06:00,COM VÍTIMA,ESPINHEIRO,RUA,RUA CONS PORTELA,,,E/F O BELAS ARTES,ESPINHEIRO,,SUBURBIO,CHOQUE,0,1,0,0,0,0,0,0,0,1,0,Longo da via,Chuvoso,Não existe,Perfeito estado,Seca,Perfeito estado,Outros,R-6a,,Única,Faixa seccionada,,
2021-12-26,domingo ,00:59:00,COM VÍTIMA,TORRE,RUA,RUA MARQUES DE MARICA,,,PRÓXIMO A PRAÇA DA TORRE,TORRE,,SUBURBIO,ATROPELAMENTO DE PESSOA,1,0,0,0,1,0,0,0,0,1,0,Longo da via,Chuvoso,Não existe,Perfeito estado,Molhada,Perfeito estado,Não existe,Não hA placas,,Única,Faixa seccionada,,
2021-12-26,domingo ,01:12:00,SEM VÍTIMA,SANTO AMARO,AVENIDA,AVENIDA CRUZ CABUGA,,,EM FRENTE AO HOSPITAL DO CANCER,SANTO AMARO,,,CHOQUE,0,0,0,0,0,0,0,0,0,0,0,,,,,,,,,,,,,
2021-12-26,domingo ,02:33:00,COM VÍTIMA,BOA VIAGEM,RUA,RUA JOSE MARIA DE MIRANDA,AVENIDA,AVENIDA ENGENHEIRO DOMINGOS FERREIRA,APÓS O BANCO DO BRASIL,BOA VIAGEM,484,SUBURBIO,COLISÃO TRANSVERSAL,1,1,0,0,0,0,0,0,0,1,0,Cruzamento,Chuvoso,Sem defeito,Perfeito estado,Molhada,Perfeito estado,Faixa de retenção,Não hA placas,60 km/h,Única,Faixa seccionada,Canteiro central,
2021-12-26,domingo ,02:47:00,COM VÍTIMA,TAMARINEIRA,RUA,RUA CONEGO BARATA,EST,EST DO ARRAIAL,EM FRENTE A CASAS JOSE ARAUJO,TAMARINEIRA,61,SUBURBIO,COLISÃO TRANSVERSAL,1,0,0,0,0,1,0,0,0,1,0,Cruzamento,Chuvoso,Sem defeito,Perfeito estado,Molhada,Perfeito estado,Faixa de pedestre,Outras,,Dupla,Canteiro central,,
2021-12-26,domingo ,13:56:00,COM VÍTIMA,TOTO,RUA,RUA PAULINO DE FARIAS,,,PROXIMO A ANTIGA ACADEMIA NOVA ERA,TOTÓ,,SUBURBIO,COLISÃO FRONTAL,1,1,0,0,0,0,0,0,0,1,0,Longo da via,Chuvoso,Não existe,Incompleta,Molhada,Perfeito estado,Não existe,Não hA placas,,Dupla,Não existe,,
2021-12-26,domingo ,19:17:00,COM VÍTIMA,PORTO DA MADEIRA,AVENIDA,AVENIDA BEBERIBE,RUA,RUA CONS BARROS BARRETO,PRÓX AO EDF JP ll,PORTO DA MADEIRA,,,COLISÃO LATERAL,0,0,0,0,0,0,0,0,0,1,0,,,,,,,,,,,,,
2021-12-27,segunda-feira ,06:06:00,SEM VÍTIMA,SANTO ANTONIO,RUA,RUA FLORIANO PEIXOTO,,,EM FRENTE AO SEMAFORO NÚMERO 668,SANTO ANTÔNIO,668,CIDADE,CHOQUE,0,0,0,0,0,0,0,1,0,0,0,Longo da via,Bom,Sem defeito,Perfeito estado,Seca,Perfeito estado,Faixa de pedestre,R-6a,,Única,Faixa contínua,Faixa seccionada,
2021-12-27,segunda-feira ,08:08:00,SEM VÍTIMA,SANTO AMARO,AVENIDA,AVENIDA CRUZ CABUGA,,,EM FRENTE AO HOSPITAL DO CÂNCER,SANTO AMARO,,SUBURBIO,COLISÃO FRONTAL,1,0,0,0,0,0,0,0,0,0,0,Longo da via,Bom,Não existe,Perfeito estado,Seca,Mal iluminada,Faixa de pedestre,Não hA placas,40 km/h,Dupla,Blocos,,
2021-12-27,segunda-feira ,08:50:00,COM VÍTIMA,MADALENA,EST,EST DOS REMEDIOS,AVENIDA,AVENIDA JOSE GONCALVES DE MEDEIROS,EM FRENTE A POLICLINICA,MADALENA,,,COLISÃO LATERAL,2,0,0,0,0,0,0,0,0,1,0,,,,,,,,,,,,,
2021-12-27,segunda-feira ,13:49:00,COM VÍTIMA,AGUA FRIA,AVENIDA,AVENIDA BEBERIBE,,,EM FRENTE AO ACONCHEGO DECOR,AGUA FRIA,,SUBURBIO,ATROPELAMENTO DE PESSOA,0,0,0,0,1,1,0,0,0,1,0,Longo da via,Bom,Não existe,Perfeito estado,Seca,Perfeito estado,Faixa de pedestre,R-32,,Dupla,Faixa contínua,,
2021-12-27,segunda-feira ,15:46:00,COM VÍTIMA,CORDEIRO,AVENIDA,AVENIDA MAURICIO DE NASSAU,,,PROXIMO AO GOE,CORDEIRO,,CIDADE,COLISÃO LATERAL,1,1,0,0,0,0,0,0,0,1,0,Longo da via,Bom,Não existe,Perfeito estado,Seca,Perfeito estado,Não existe,Não hA placas,60 km/h,Dupla,Faixa contínua,,
2021-12-28,terça-feira ,01:11:00,SEM VÍTIMA,TAMARINEIRA,RUA,RUA PADRE ROMA,RUA,RUA DO FUTURO,,TAMARINEIRA,,,CHOQUE,0,0,0,0,0,0,0,0,0,0,0,,,,,,,,,,,,,
2021-12-28,terça-feira ,08:05:00,COM VÍTIMA,SANTO AMARO,AVENIDA,AVENIDA CRUZ CABUGA,,,EM FRENTE AO HOSPITAL DO CANCER SENT. CIDADE,SANTO AMARO,,CIDADE,COLISÃO TRASEIRA,1,1,0,0,0,0,0,0,0,1,0,Longo da via,Bom,Sem defeito,Perfeito estado,Seca,Perfeito estado,Não existe,Não hA placas,,Dupla,Blocos,,
2021-12-28,terça-feira ,11:32:00,COM VÍTIMA,SAN MARTIN,AVENIDA,AVENIDA ENGENHEIRO ABDIAS DE CARVALHO,,,"PROXIMO DO COMPAZ, SENTIDO CIDADE",SAN MARTIN,,,COLISÃO LATERAL,1,1,0,0,0,0,0,0,0,1,0,,,,,,,,,,,,,
2021-12-28,terça-feira ,14:55:00,SEM VÍTIMA,SANTO AMARO,AVENIDA,AVENIDA GOVERNADOR AGAMENON MAGALHAES,,,EM FRENTE AO PRÉDIO MINISTÉRIO PÚBLICO FEDERAL,SANTO AMARO,,CIDADE,COLISÃO TRANSVERSAL,1,0,0,0,0,0,1,0,0,0,0,Longo da via,Bom,Não existe,Perfeito estado,Seca,Perfeito estado,Não existe,Não hA placas,60 km/h,Dupla,Não existe,,
2021-12-28,terça-feira ,17:57:00,COM VÍTIMA,AFOGADOS,RUA,RUA SAO MIGUEL,,,EM FRENTE AO DEPATRI EM FRENTE AO CARTÓRIO DE AFOGADOS,AFOGADOS,,CIDADE,COLISÃO LATERAL,1,0,0,0,0,1,0,0,0,1,0,Cruzamento,Bom,Não existe,Não existente,Seca,Perfeito estado,Não existe,Não hA placas,,Dupla,,,
2021-12-28,terça-feira ,20:43:40,SEM VÍTIMA,BREJO DA GUABIRABA,AVENIDA,AVENIDA VEREADOR OTACILIO AZEVEDO,,,PROX A ESCOLA ALVARO LINS,BREJO DA GUABIRABA,,,COLISÃO LATERAL,0,2,0,0,0,0,0,0,0,0,0,Longo da via,Bom,Não existe,Perfeito estado,Seca,Perfeito estado,,Não hA placas,,Dupla,Não existe,,
2021-12-29,quarta-feira ,09:58:00,COM VÍTIMA,TORRE,RUA,RUA PROFESSOR TRAJANO DE MENDONCA,,,AO LADO DA FARMACIA DROGASIL,TORRE,,AFOGADOS,COLISÃO LATERAL,1,1,0,0,0,0,0,0,0,1,0,Longo da via,Bom,Não existe,Perfeito estado,Seca,Perfeito estado,Não existe,Não hA placas,,Única,Faixa contínua,,
2021-12-29,quarta-feira ,16:50:00,COM VÍTIMA,DERBY,AVENIDA,AVENIDA GOVERNADOR AGAMENON MAGALHAES,,,SOB O SEMAFORO 075,DERBY,75,BOA VIAGEM,COLISÃO COM CICLISTA,0,1,0,1,0,0,0,0,0,1,0,Cruzamento,Bom,Sem defeito,Perfeito estado,Seca,Perfeito estado,Agente,,60 km/h,Única,Faixa seccionada,Canteiro central,
2021-12-29,quarta-feira ,20:34:00,COM VÍTIMA,SAO JOSE,RUA,RUA IMPERIAL,,,PRÓX AO VIADUTO DA IMPERIAL,SÃO JOSÉ,,,COLISÃO COM CICLISTA,0,0,0,1,0,0,0,0,0,1,0,,,,,,,,,,,,,
2021-12-29,quarta-feira ,22:33:40,COM VÍTIMA,JORDAO,AVENIDA,AVENIDA MARIA IRENE,,,EM FRENTE À OFICINA FABIO MULTIMARCAS,JORDÃO,,SUBURBIO,COLISÃO LATERAL,1,1,0,0,0,0,0,0,0,2,0,Longo da via,Bom,Não existe,Não existente,Seca,Mal iluminada,Não existe,Não hA placas,40 km/h,Dupla,Não existe,,
2021-12-30,quinta-feira ,10:46:00,SEM VÍTIMA,BONGI,AVENIDA,AVENIDA ENGENHEIRO ABDIAS DE CARVALHO,,,EM FRENTE  AO Nº 1111,BONGI,354,SUBURBIO,,0,0,0,0,0,0,1,1,0,0,0,Longo da via,Bom,Sem defeito,Perfeito estado,Seca,Perfeito estado,Faixa de pedestre,,,Dupla,Canteiro central,,
2021-12-30,quinta-feira ,12:34:00,COM VÍTIMA,PINA,AVENIDA,AVENIDA REPUBLICA DO LIBANO,RUA,RUA BARAO DE SANTO ANGELO,AO LADO  EMPRESARIAL DO RIO MAR,PINA,,BOA VIAGEM,COLISÃO LATERAL,1,1,0,0,0,0,0,0,0,1,0,Longo da via,Bom,Sem defeito,Perfeito estado,Seca,Perfeito estado,Não existe,Não hA placas,60 km/h,Única,Não existe,,
2021-12-31,sexta-feira ,10:13:00,COM VÍTIMA,SAN MARTIN,RUA,RUA DELMIRO GOUVEIA,,,EM FRENTE A CHESF,SAN MARTIN,586,,COLISÃO COM CICLISTA,1,0,0,1,0,0,0,0,0,1,0,Longo da via,Bom,Sem defeito,Perfeito estado,Seca,Perfeito estado,Não existe,Não hA placas,,Dupla,Não existe,,
2021-12-31,sexta-feira ,11:36:00,COM VÍTIMA,ESTANCIA,AVENIDA,AVENIDA RECIFE,,,EM FRENTE AO LABORATORIO CERPE,ESTÂNCIA,,SUBURBIO,COLISÃO TRASEIRA,1,1,0,0,0,0,0,0,0,1,0,Longo da via,Bom,Sem defeito,Perfeito estado,Seca,Perfeito estado,Não existe,R-6a,,Dupla,Faixa contínua,Faixa seccionada,Canteiro central
2021-12-31,sexta-feira ,12:56:00,COM VÍTIMA,VARZEA,RUA,RUA GASTAO VIDIGAL,,,EM FRENTE AO MOTEL DO NINJA,VARZEA,,CIDADE,COLISÃO FRONTAL,0,1,0,0,0,1,0,0,0,1,0,Cruzamento,Bom,Não existe,Perfeito estado,Seca,Perfeito estado,Não existe,Não hA placas,,Dupla,Faixa seccionada,,
2021-12-31,sexta-feira ,15:00:00,COM VÍTIMA,TORREAO,AVENIDA,AVENIDA NORTE MIGUEL ARRAES DE ALENCAR,RUA,RUA NATIVIDADE SALDANHA,ACIDENTE COM VITÍMA NA PRAÇA DA PICANHA / SOLICITADO PELO COORD RICARDO MARIANO,TORREÃO,376,SUBURBIO,COLISÃO TRASEIRA,2,0,0,0,0,0,0,0,0,1,0,Cruzamento,Bom,Sem defeito,Perfeito estado,Seca,Perfeito estado,Faixa de pedestre,Outras,60 km/h,Dupla,Faixa contínua,Faixa seccionada,Canteiro central
2021-12-31,sexta-feira ,20:44:00,COM VÍTIMA,PRADO,RUA,RUA PANDIA CALOGERAS,,,PROX AO HABIBIS,PRADO,,,COLISÃO FRONTAL,2,0,0,0,0,0,0,0,0,2,0,,,,,,,,,,,,,
2021-12-31,sexta-feira ,20:56:00,COM VÍTIMA,IPSEP,RUA,RUA JEAN EMILE FAVRE,,,ENFRENTE A SO MOTO E FARMACIA DIARIAMENTE,IPSEP,,,COLISÃO TRASEIRA,2,0,0,0,0,0,0,0,0,1,0,,,,,,,,,,,,,